{
"type": "FeatureCollection",
"name": "india",
"crs": { "type": "name", "properties": { "name": "urn:ogc:def:crs:OGC:1.3:CRS84" } },
"features": [
{ "type": "Feature", "properties": { "name": "India" }, "geometry": { "type": "MultiPolygon", "coordinates": [ [ [ [ 72.168681593991437, 10.812563631459891 ], [ 72.164658000008117, 10.81267250412886 ], [ 72.166464260382568, 10.81443071093863 ], [ 72.168681593991437, 10.812563631459891 ] ] ], [ [ [ 72.202634763446895, 10.869084217398918 ], [ 72.169916814965418, 10.817910949290903 ], [ 72.204095790611177, 10.878246536936711 ], [ 72.202634763446895, 10.869084217398918 ] ] ], [ [ [ 72.186507885758573, 11.59843811538976 ], [ 72.185050522303939, 11.601394505170607 ], [ 72.188145131460473, 11.600946420683806 ], [ 72.186507885758573, 11.59843811538976 ] ] ], [ [ [ 70.87355963280126, 20.707114037198032 ], [ 70.821791186156389, 20.691362114490879 ], [ 70.585665586171515, 20.7815863897025 ], [ 70.437719513909812, 20.852898943171482 ], [ 70.181352656119216, 21.036056770344416 ], [ 70.047676705717222, 21.156947488051856 ], [ 69.615963686789442, 21.624551772483628 ], [ 69.566185229388637, 21.651500898253325 ], [ 69.216552175372968, 21.95750826387496 ], [ 68.981197770846293, 22.2122974137712 ], [ 68.973756800828028, 22.236539527661133 ], [ 68.958220204357644, 22.238098219226224 ], [ 68.935757802346146, 22.311825992814253 ], [ 68.977132268748761, 22.403551465756436 ], [ 68.98177477906728, 22.401597432943571 ], [ 68.996374154860163, 22.401599865236808 ], [ 69.000000001147669, 22.40409847288667 ], [ 68.980646994724935, 22.402311991190718 ], [ 68.984477401163545, 22.413435116375826 ], [ 69.068116139228337, 22.481384881766331 ], [ 69.083621993167512, 22.474589505064195 ], [ 69.049710375813092, 22.437764618125367 ], [ 69.039466763377405, 22.445710929642413 ], [ 69.035489515958801, 22.390270195901664 ], [ 69.081845428780142, 22.388202815552045 ], [ 69.110490324634242, 22.409944267054588 ], [ 69.127976937708823, 22.395107485163521 ], [ 69.121169614480422, 22.375637591527948 ], [ 69.130297952847599, 22.395089370489845 ], [ 69.168850903666268, 22.407482188274063 ], [ 69.175825240843778, 22.422958438125761 ], [ 69.194828599620863, 22.421844962912541 ], [ 69.187680525130901, 22.402522579517143 ], [ 69.200921965649513, 22.401356356668728 ], [ 69.167868927245493, 22.373251984733894 ], [ 69.180932347198862, 22.370656135685419 ], [ 69.163356605845252, 22.348613089663644 ], [ 69.153940663250026, 22.248733449259554 ], [ 69.133789657599593, 22.222644625075606 ], [ 69.136401177368612, 22.195547181150641 ], [ 69.148159275116555, 22.195015718848779 ], [ 69.17853219678021, 22.21283949411394 ], [ 69.190297357281239, 22.243641731173415 ], [ 69.212815126492657, 22.210349084319795 ], [ 69.237587628675684, 22.222706491126139 ], [ 69.233600393141543, 22.24991891644202 ], [ 69.252815281851412, 22.266436430166024 ], [ 69.27951398086006, 22.26993544664181 ], [ 69.279952816121991, 22.259351760908256 ], [ 69.283828556754855, 22.254580940224358 ], [ 69.292801742227795, 22.286793929538767 ], [ 69.336051598159585, 22.30507428790207 ], [ 69.332725813873679, 22.32783083413748 ], [ 69.423187559096405, 22.316011812174491 ], [ 69.490282258245344, 22.337438784810836 ], [ 69.499481645711114, 22.366325327013143 ], [ 69.534775336912944, 22.370877585666204 ], [ 69.540442023622177, 22.377206499354774 ], [ 69.561323253027112, 22.355840456347554 ], [ 69.57958145602035, 22.367355982311299 ], [ 69.597659435818144, 22.346160500107516 ], [ 69.617351985267902, 22.345417425156111 ], [ 69.621132640301113, 22.371827623821201 ], [ 69.655366241736061, 22.359565459632282 ], [ 69.660905198716151, 22.396242069199545 ], [ 69.702160562433349, 22.398692648295924 ], [ 69.696147883138423, 22.452526589516168 ], [ 69.730690966924598, 22.484552117069377 ], [ 69.743670948132234, 22.458941501994474 ], [ 69.734783040294545, 22.449222030181271 ], [ 69.735379533351662, 22.448002496200044 ], [ 69.741634616891673, 22.446386053470768 ], [ 69.732830186917155, 22.44282973820216 ], [ 69.746038758987737, 22.428046290026039 ], [ 69.759076176520978, 22.443302872634067 ], [ 69.789719388897197, 22.413773766213488 ], [ 69.796530315516563, 22.377738750423504 ], [ 69.832822707200151, 22.447073229781711 ], [ 69.870996559286297, 22.422967010989758 ], [ 69.887799763894378, 22.454635386928551 ], [ 69.937406352705992, 22.463268987593246 ], [ 69.939848911988761, 22.482788026126979 ], [ 69.979255483267465, 22.468166275334447 ], [ 69.987661594921661, 22.510466019701909 ], [ 70.010296110793874, 22.499923483917094 ], [ 70.073123512164599, 22.517825905839221 ], [ 70.09121662943916, 22.508161474242321 ], [ 70.085829570363316, 22.494058390599442 ], [ 70.116291003576634, 22.501035661500179 ], [ 70.120211435722467, 22.486350941556683 ], [ 70.124145900469969, 22.512616331637194 ], [ 70.184724984856373, 22.522164999409966 ], [ 70.179182179312448, 22.567521989066005 ], [ 70.263508926599769, 22.653458810614879 ], [ 70.278688168121434, 22.725271910153015 ], [ 70.413308611585023, 22.81839049104531 ], [ 70.462322738266579, 22.831307174900346 ], [ 70.491092904281913, 22.889886676613258 ], [ 70.535149139011253, 22.912056693829172 ], [ 70.539653692042293, 22.925498277450345 ], [ 70.480302680308, 22.937098001902854 ], [ 70.432660075522222, 22.967061651628843 ], [ 70.47920591240478, 22.974861961750626 ], [ 70.541658771384817, 22.959577556460715 ], [ 70.561704632468306, 23.029000395271829 ], [ 70.602157550018134, 23.034252873565642 ], [ 70.597117978949498, 23.060939882561001 ], [ 70.629325696715767, 23.062468017303715 ], [ 70.693669191012106, 23.120144012900791 ], [ 70.765439151628655, 23.145381589901465 ], [ 70.767619169048857, 23.167031806947389 ], [ 70.791825574413124, 23.165100364208932 ], [ 70.787176537118427, 23.150690951562396 ], [ 70.816074662315472, 23.164569280877309 ], [ 70.815305406742795, 23.136852245848893 ], [ 70.834479308059613, 23.128410810194573 ], [ 70.828559420356498, 23.079914765089576 ], [ 70.835762946940122, 23.111873167905319 ], [ 70.858218543492399, 23.129710706207316 ], [ 70.827561852151973, 23.157421557736686 ], [ 70.846600448605173, 23.152400960041415 ], [ 70.84863828092935, 23.169309382730443 ], [ 70.901571701158204, 23.170758176758522 ], [ 70.959228026123355, 23.194815091918734 ], [ 70.918901551434772, 23.198375960296747 ], [ 70.890566426287606, 23.182669947969053 ], [ 70.862919590451639, 23.192359333484937 ], [ 70.873288197389172, 23.203994458946738 ], [ 70.860197541440968, 23.208468127378438 ], [ 70.893126659429115, 23.224702828297772 ], [ 70.833100293599671, 23.249891451629704 ], [ 70.81224584446484, 23.230073642904856 ], [ 70.767678913109563, 23.246104588050606 ], [ 70.723913466333343, 23.217657588054468 ], [ 70.728002653123824, 23.205857700324774 ], [ 70.650802663549598, 23.223895099343231 ], [ 70.649023319746789, 23.192038695861445 ], [ 70.578962880417663, 23.177708816137791 ], [ 70.501242643630647, 23.178119057973909 ], [ 70.428031212770776, 23.2175462734373 ], [ 70.43630864418904, 23.233376745818521 ], [ 70.424760946241108, 23.237254584559278 ], [ 70.366359469516667, 23.219858094834457 ], [ 70.301929602352715, 23.223688577819253 ], [ 70.267574176355851, 23.178462065333612 ], [ 70.249681169062285, 23.177893687490705 ], [ 70.208766409289026, 23.160353826166496 ], [ 70.207299503140945, 23.125617233736506 ], [ 70.149294811505158, 23.036996129692334 ], [ 70.188616684318262, 23.072814228950303 ], [ 70.210815539094938, 23.074633138538772 ], [ 70.226405817015518, 22.951821031998143 ], [ 70.16439293461265, 22.938281572028313 ], [ 70.121118838189972, 22.96263152947779 ], [ 70.13340691097595, 22.981111033810478 ], [ 70.133788815910762, 23.001569170351452 ], [ 70.158142933520267, 23.032303445451454 ], [ 70.148206536116049, 23.034815636125554 ], [ 70.118099687673222, 22.991269875140649 ], [ 70.036545777444829, 22.95269004967879 ], [ 70.016751661666348, 22.920242544378709 ], [ 69.962240859642563, 22.89358782058002 ], [ 69.927047553373058, 22.8960281497518 ], [ 69.89874381377237, 22.871261185940412 ], [ 69.800663240346964, 22.851059720929815 ], [ 69.713164544904913, 22.806001902491261 ], [ 69.651254018381266, 22.795761856675743 ], [ 69.645938517414066, 22.810003190233573 ], [ 69.605911023619001, 22.802951232996563 ], [ 69.575619469477729, 22.817727376954078 ], [ 69.477344717909787, 22.795520083453194 ], [ 69.457336802069619, 22.814278436173062 ], [ 69.416833572593532, 22.810867616844916 ], [ 69.469978058633146, 22.776448534773174 ], [ 69.494701136359353, 22.779867687967513 ], [ 69.471758219049804, 22.773747509765116 ], [ 69.381217847079299, 22.818774644072267 ], [ 69.195832334194876, 22.83802600786635 ], [ 69.194183217838216, 22.851856281103327 ], [ 69.131241821193314, 22.872293250929985 ], [ 68.812955991447382, 23.057927646170018 ], [ 68.87028131289938, 23.02721963584975 ], [ 68.836720376377485, 23.046367696943374 ], [ 68.841786408263971, 23.058577191380156 ], [ 68.82121164599549, 23.057235217141049 ], [ 68.81515309123084, 23.077031042000268 ], [ 68.811799278698103, 23.058780467400524 ], [ 68.75858853078995, 23.080345475296202 ], [ 68.749857521678408, 23.08801018829114 ], [ 68.76356023351623, 23.087554791161502 ], [ 68.765138483753887, 23.079022755757858 ], [ 68.778481051547288, 23.077550447997659 ], [ 68.760109396589471, 23.09976972460888 ], [ 68.783644875932822, 23.120011535996682 ], [ 68.754432208650599, 23.123030678970839 ], [ 68.745863507160422, 23.110018528563021 ], [ 68.71224607370678, 23.151428884693061 ], [ 68.682776032215003, 23.152693332386388 ], [ 68.682600533982026, 23.175845607991459 ], [ 68.659552048618096, 23.197699895505387 ], [ 68.673717675902196, 23.20189028950006 ], [ 68.669171011385728, 23.218199274899337 ], [ 68.620986551194719, 23.205726776783084 ], [ 68.65351776323314, 23.231146995410047 ], [ 68.701995684460172, 23.240056088449997 ], [ 68.714739277107782, 23.264120833271654 ], [ 68.724520272520238, 23.255134940812841 ], [ 68.724172301461124, 23.26679232747906 ], [ 68.705546711795307, 23.270722023324016 ], [ 68.711866127084136, 23.286718994321035 ], [ 68.699309013920924, 23.284192828481562 ], [ 68.713514594744865, 23.317955857112654 ], [ 68.681399151456176, 23.311848896013231 ], [ 68.684985243299579, 23.328854686691901 ], [ 68.660506456516046, 23.347454159346697 ], [ 68.652336182613126, 23.303143385501585 ], [ 68.640025815093125, 23.323186223736027 ], [ 68.652621831368037, 23.335554934024358 ], [ 68.635964718268326, 23.338893528398156 ], [ 68.620376706789216, 23.374005167027519 ], [ 68.543488248348154, 23.420210910557497 ], [ 68.530628578538852, 23.445201712163165 ], [ 68.546265421637315, 23.465061336474886 ], [ 68.528780442951643, 23.449913933891459 ], [ 68.483593270073726, 23.548707954604701 ], [ 68.492905147591074, 23.605833639436923 ], [ 68.515712241778502, 23.621401649340619 ], [ 68.51064021661125, 23.639479002180355 ], [ 68.529019310295553, 23.635798343010393 ], [ 68.533371381734526, 23.649236323378439 ], [ 68.52073204208456, 23.649589598851435 ], [ 68.542910748629666, 23.653236962424067 ], [ 68.567955626028734, 23.68494484395951 ], [ 68.548289350532087, 23.691812114785897 ], [ 68.557189272205861, 23.716632714062001 ], [ 68.573304563625001, 23.721442253258644 ], [ 68.587235654629794, 23.70262505092634 ], [ 68.59682106407837, 23.724053029108209 ], [ 68.612767907660512, 23.717951329013911 ], [ 68.632156303880151, 23.727820207905186 ], [ 68.615680055937474, 23.725869956017455 ], [ 68.618479468860656, 23.738018688659476 ], [ 68.648845733998854, 23.738901575767521 ], [ 68.635287812005416, 23.761017321162246 ], [ 68.65179035584795, 23.794381922358316 ], [ 68.681487837374618, 23.794956041426943 ], [ 68.711243129078525, 23.830168530971363 ], [ 68.692709982015984, 23.844416616061093 ], [ 68.580833109194913, 23.820986974750124 ], [ 68.527002744653075, 23.745821244181613 ], [ 68.420976797850116, 23.733208776013711 ], [ 68.388929207605514, 23.595621415267757 ], [ 68.278081225217335, 23.559728584635387 ], [ 68.184000274987909, 23.587003073033245 ], [ 68.207669136517097, 23.586156891629397 ], [ 68.177655288089184, 23.619194581166976 ], [ 68.18632053080502, 23.645281144378909 ], [ 68.208469842658261, 23.650670091956698 ], [ 68.182571001243744, 23.655038639607437 ], [ 68.206659387845775, 23.668888781602355 ], [ 68.181654493557772, 23.721633157827569 ], [ 68.202639081509218, 23.766671861849638 ], [ 68.199531653849235, 23.847094489658176 ], [ 68.208649998902587, 23.875463093820958 ], [ 68.252165190926888, 23.896898127446839 ], [ 68.275743723824348, 23.928768745878582 ], [ 68.328654982626546, 23.922346767544255 ], [ 68.339034835598, 23.966951769776255 ], [ 68.368932874676929, 23.984773901838345 ], [ 68.389660232467875, 23.966593768963165 ], [ 68.7530259907291, 23.971310423241594 ], [ 68.764704346583002, 24.295843707592901 ], [ 68.808229797450224, 24.313600436948935 ], [ 68.830707595297525, 24.311861424846573 ], [ 68.864821480214715, 24.212780055047922 ], [ 68.88029183182843, 24.21656756990274 ], [ 68.906750318079119, 24.279786041013566 ], [ 68.945283783891568, 24.302492760135554 ], [ 68.984741270435407, 24.22760970791149 ], [ 69.005328411910966, 24.223119658696955 ], [ 69.094753490449165, 24.274494283482291 ], [ 69.193753507164359, 24.236114447374639 ], [ 69.312739640366502, 24.281601873675953 ], [ 69.494006107080139, 24.267780141426758 ], [ 69.594446021152876, 24.292398464786601 ], [ 69.731214048436925, 24.17105660523297 ], [ 70.025057314920801, 24.171284910010847 ], [ 70.066810130050669, 24.199159175692756 ], [ 70.109868381294973, 24.294974709993802 ], [ 70.325585359760453, 24.351876357236932 ], [ 70.368459178939489, 24.350768959097582 ], [ 70.573121694013423, 24.422362307941345 ], [ 70.602468540481169, 24.408122716745059 ], [ 70.562041971560618, 24.354456479430073 ], [ 70.584531311785156, 24.290362479199217 ], [ 70.571229757315081, 24.251734939701524 ], [ 70.666943164510627, 24.219582796888254 ], [ 70.805459668599781, 24.220854108129856 ], [ 70.907257755318128, 24.258779151394595 ], [ 70.874505089267288, 24.294490342210018 ], [ 70.947679833226985, 24.348051732783954 ], [ 70.98654247988614, 24.364708941907189 ], [ 71.0421337103177, 24.35125242464807 ], [ 71.081889236462217, 24.392911603291605 ], [ 71.121843871684959, 24.405660752516255 ], [ 71.125526485739996, 24.420078917981726 ], [ 71.103067307090001, 24.435696361958151 ], [ 70.998565183636018, 24.444426756806394 ], [ 71.005209767043652, 24.523020742100375 ], [ 70.987354744192444, 24.543420541071985 ], [ 70.986261239181502, 24.595463622461153 ], [ 71.009459801384921, 24.635423275825644 ], [ 71.10237347194996, 24.684037937579088 ], [ 71.065299095442924, 24.717460937300025 ], [ 71.026480143187428, 24.808849393077619 ], [ 70.937627759790132, 24.938558418810871 ], [ 70.888670577097429, 25.148173493262604 ], [ 70.751580966434744, 25.277815449526511 ], [ 70.736795340745786, 25.332557286309818 ], [ 70.664813861134746, 25.396882653078826 ], [ 70.678453294634139, 25.525196238230336 ], [ 70.667136072774042, 25.531338643034353 ], [ 70.67393366966175, 25.675841858877057 ], [ 70.660074251672583, 25.702152567242887 ], [ 70.608851755035801, 25.714973221169029 ], [ 70.530154862584169, 25.683480350612683 ], [ 70.387002157507624, 25.673831536881917 ], [ 70.268652013981381, 25.713600201207552 ], [ 70.247241350708151, 25.761605257256385 ], [ 70.174454814634203, 25.828365832210341 ], [ 70.099763227898492, 25.938263047394749 ], [ 70.083387219656771, 26.083288985043659 ], [ 70.141424716027359, 26.156215101738105 ], [ 70.175047297511639, 26.251528463014466 ], [ 70.16350941157431, 26.294930853185484 ], [ 70.185362727770141, 26.374334459871086 ], [ 70.174176378840585, 26.551443370252663 ], [ 70.117196418613602, 26.586880575302416 ], [ 70.056233293442745, 26.60056852266057 ], [ 69.886766902541169, 26.578870098370921 ], [ 69.791895930901944, 26.598311313432781 ], [ 69.722492713706529, 26.653310647647164 ], [ 69.510309726951434, 26.743503765400998 ], [ 69.48442566921284, 26.804835289189878 ], [ 69.513312890079249, 27.009983514660622 ], [ 69.586841039269757, 27.183322778649938 ], [ 69.862484680081167, 27.40180749867994 ], [ 69.933890909043413, 27.497830759763044 ], [ 70.025899699631836, 27.562919934661981 ], [ 70.132396195947337, 27.805955562943112 ], [ 70.227011573384516, 27.901370580348654 ], [ 70.296184936083449, 27.936015539673473 ], [ 70.372192349137208, 28.01183214485653 ], [ 70.505820638666222, 28.03703800156606 ], [ 70.589460007655944, 28.010439695980565 ], [ 70.677399182983095, 27.921846194077332 ], [ 70.684371927593247, 27.828185800286146 ], [ 70.739767924476055, 27.741921845971024 ], [ 70.759316072912242, 27.721265819643051 ], [ 70.871839431066206, 27.705597885464897 ], [ 70.963199268813696, 27.729377536019246 ], [ 71.205535366285318, 27.835417478710902 ], [ 71.383063226433563, 27.872630067673004 ], [ 71.666433383452031, 27.877756409422553 ], [ 71.898344254609668, 27.961210443086124 ], [ 71.927361258546796, 28.121740076444198 ], [ 72.004290318029945, 28.218656613437286 ], [ 72.132243522236735, 28.313098394327639 ], [ 72.206130683116214, 28.394268820542759 ], [ 72.299237599145854, 28.669754062980292 ], [ 72.390702636642274, 28.770357249902446 ], [ 72.733085269514774, 28.948087888790415 ], [ 72.945840499576008, 29.02794756681277 ], [ 73.00435759044241, 29.152954133848244 ], [ 73.0844285258285, 29.236265625068619 ], [ 73.28209722938989, 29.572031894776092 ], [ 73.396925234303438, 29.94599769769999 ], [ 73.597001880223345, 30.018977276930308 ], [ 73.806560415162309, 30.068029040353956 ], [ 73.967808258896852, 30.194673862749568 ], [ 73.959774321493725, 30.270177705282752 ], [ 73.930867108705755, 30.32006846505001 ], [ 73.879775958874916, 30.359722015249012 ], [ 73.973788035232062, 30.443824439796284 ], [ 73.926258740319952, 30.438930277903506 ], [ 73.934453890617007, 30.49027712917843 ], [ 73.964129701304401, 30.456476136809759 ], [ 73.963657978900741, 30.484852218794448 ], [ 73.981991233820864, 30.504018453646779 ], [ 74.01998903437169, 30.514170296634418 ], [ 74.012026792910206, 30.533592490909214 ], [ 74.031010093778065, 30.52692693659689 ], [ 74.039220419175564, 30.542617387243844 ], [ 74.057306462791018, 30.518689710743075 ], [ 74.07227991878537, 30.522909659216563 ], [ 74.090947924954165, 30.549421519065746 ], [ 74.073420363019764, 30.554676851258659 ], [ 74.102128379920401, 30.579231926258455 ], [ 74.09603699341811, 30.611607235198345 ], [ 74.118065637624042, 30.607906363980337 ], [ 74.127361850519776, 30.634796399440987 ], [ 74.147820136903675, 30.631060568617343 ], [ 74.193321628477918, 30.665174318575083 ], [ 74.232657858159556, 30.724556429892242 ], [ 74.286460243024109, 30.735695883166759 ], [ 74.260173695380374, 30.773095051788889 ], [ 74.301967215398648, 30.779368809586067 ], [ 74.294875551250001, 30.794506992303926 ], [ 74.320385234629455, 30.84662651174915 ], [ 74.382089039266958, 30.860433952420575 ], [ 74.360765878529449, 30.873703769423912 ], [ 74.365905415318224, 30.892932488990056 ], [ 74.422717991020519, 30.90777871608848 ], [ 74.410335445595081, 30.923489434079141 ], [ 74.428746795496309, 30.931225518830178 ], [ 74.413865358239491, 30.929648730065953 ], [ 74.416404881403139, 30.940334604730676 ], [ 74.546159561996276, 30.992416367951755 ], [ 74.542477798960391, 31.017368541265427 ], [ 74.568233809152446, 31.054688965293177 ], [ 74.596799771314139, 31.03766257393573 ], [ 74.671161342933388, 31.053627395229348 ], [ 74.695930500035146, 31.074159652399896 ], [ 74.689103311091472, 31.128020734833349 ], [ 74.658968417743822, 31.133971151597702 ], [ 74.636231784320159, 31.118259048063329 ], [ 74.630877187999346, 31.132710347309747 ], [ 74.603050528348973, 31.133600875802081 ], [ 74.610667369117166, 31.099295957331666 ], [ 74.571268678864357, 31.08142183138629 ], [ 74.551496596445332, 31.086385185184831 ], [ 74.548355100394858, 31.121927358351197 ], [ 74.510363336536656, 31.131900952092806 ], [ 74.525963325207172, 31.21176657415657 ], [ 74.517007381789242, 31.227919511163304 ], [ 74.532730779628139, 31.249690928187366 ], [ 74.520602812186468, 31.268922218043539 ], [ 74.54202661242158, 31.303774590251866 ], [ 74.526334544011789, 31.311972755646796 ], [ 74.54886208574726, 31.334825168219218 ], [ 74.551653098637502, 31.364352107873948 ], [ 74.583482087040892, 31.379039044824236 ], [ 74.602460032178456, 31.420509456692344 ], [ 74.65461026491235, 31.426008201544889 ], [ 74.638595144253728, 31.444378084214105 ], [ 74.652137873450954, 31.457301198042128 ], [ 74.627546394381341, 31.47690179021895 ], [ 74.636478935078287, 31.484762508885119 ], [ 74.575212912928947, 31.501165986156813 ], [ 74.584331876509623, 31.52092218526435 ], [ 74.61289831764428, 31.527340456254979 ], [ 74.615600386187936, 31.56898312495353 ], [ 74.555316642995891, 31.607840392207901 ], [ 74.534960749304375, 31.677598719119732 ], [ 74.486596473250458, 31.714998933684544 ], [ 74.503703844534527, 31.740477622134023 ], [ 74.559406882363191, 31.757879837280335 ], [ 74.557905790739198, 31.804769749366603 ], [ 74.607862147862789, 31.890385962709637 ], [ 74.636309004519589, 31.884221787503979 ], [ 74.666705258978126, 31.922734470069081 ], [ 74.719238990129398, 31.92368970019983 ], [ 74.720165037340919, 31.941427898696727 ], [ 74.756572178322784, 31.943699869316337 ], [ 74.755593370774136, 31.955754205063243 ], [ 74.819100056710511, 31.958749484204464 ], [ 74.828872941592692, 31.998616662247805 ], [ 74.879978017008355, 32.03203976640097 ], [ 74.868920895916986, 32.04160983817831 ], [ 74.879549879053528, 32.053796838187338 ], [ 74.927957877717247, 32.066459756318842 ], [ 75.012364529904005, 32.035745421345538 ], [ 75.068701318645907, 32.067190965594811 ], [ 75.104895293544232, 32.058569709237695 ], [ 75.122905312396966, 32.081382064344204 ], [ 75.174243456770654, 32.067468614480106 ], [ 75.198497360273095, 32.082670988153566 ], [ 75.202457731558013, 32.120237380682056 ], [ 75.21582668010285, 32.121103925622421 ], [ 75.223703799686547, 32.098162631233542 ], [ 75.235440843045112, 32.10350436885556 ], [ 75.231417192131076, 32.091610552543102 ], [ 75.261309588016971, 32.101380574029463 ], [ 75.285354606194034, 32.151494734938126 ], [ 75.322420125965294, 32.179498517710385 ], [ 75.316380855958911, 32.208036949874973 ], [ 75.372434334549652, 32.226053098850159 ], [ 75.381855084859055, 32.268954119300915 ], [ 75.320496487716397, 32.297389977792079 ], [ 75.334989699624117, 32.310904533717341 ], [ 75.322670357122931, 32.343527760151211 ], [ 75.288302360450203, 32.354481047626855 ], [ 75.289748312775686, 32.369842267689684 ], [ 75.258129338525436, 32.371412403389542 ], [ 75.25594392229786, 32.389265341643011 ], [ 75.193954847782251, 32.400469011744832 ], [ 75.189765643470096, 32.425805864294773 ], [ 75.131420765653559, 32.408864255053651 ], [ 75.10665698420668, 32.474060239849045 ], [ 75.08553852762897, 32.468760272938923 ], [ 75.028022753092131, 32.497085801173199 ], [ 75.01930160159003, 32.466162165255064 ], [ 74.952661501528056, 32.447495751660064 ], [ 74.937935054487781, 32.471297262078053 ], [ 74.879251601756678, 32.476718232713615 ], [ 74.877281320462757, 32.492969003675512 ], [ 74.818753363570536, 32.497913610469709 ], [ 74.794773180575334, 32.4764032187487 ], [ 74.687917217801768, 32.486874378175628 ], [ 74.69060917597578, 32.532961041744052 ], [ 74.66288244365893, 32.544521644659731 ], [ 74.67383526673359, 32.567976359026943 ], [ 74.652539851260713, 32.562964289447841 ], [ 74.658770752645736, 32.596845390461716 ], [ 74.639045701177182, 32.614642229806947 ], [ 74.695268691533101, 32.661313144804616 ], [ 74.65349777417471, 32.696685252207686 ], [ 74.704773710942092, 32.841947859266583 ], [ 74.640521703457381, 32.81894448260018 ], [ 74.634626407670666, 32.806623870221806 ], [ 74.658357449309165, 32.787654347110717 ], [ 74.632293365228406, 32.776397259355022 ], [ 74.634258356031836, 32.749540603671683 ], [ 74.619196727746356, 32.76068300962713 ], [ 74.576842321350782, 32.747901424878087 ], [ 74.562890851689531, 32.760119076693776 ], [ 74.511591085590211, 32.745501115431672 ], [ 74.511618856716098, 32.764532646657557 ], [ 74.486075766266524, 32.764446332464814 ], [ 74.459408905062361, 32.787742365363485 ], [ 74.415261134116548, 32.784558794782271 ], [ 74.391003298585417, 32.763163396253525 ], [ 74.355048147480431, 32.766998444397693 ], [ 74.314479697726242, 32.796837810744194 ], [ 74.303397745332177, 32.829840508857259 ], [ 74.219641003994909, 32.848817997254166 ], [ 74.211264467228943, 32.873433730768483 ], [ 74.178803719345439, 32.889495938930601 ], [ 74.068952399036348, 32.909555744172593 ], [ 74.058162847849573, 32.934537605570249 ], [ 73.99968100782759, 32.935400058275476 ], [ 74.006184290316256, 32.954906813827655 ], [ 73.972370632468525, 32.967206589896179 ], [ 73.96464468930381, 32.987123694873112 ], [ 73.825662925456285, 33.004011442074074 ], [ 73.82597043622124, 32.977239446735844 ], [ 73.790430846404163, 32.966809252537637 ], [ 73.794510948446742, 33.003591207186197 ], [ 73.749106704554208, 33.03362002634757 ], [ 73.742830891519475, 33.066153763513505 ], [ 73.633036189984509, 33.091812396465315 ], [ 73.631201123428937, 33.139516365306655 ], [ 73.648687657230028, 33.13747236285208 ], [ 73.664482020743151, 33.16134611634191 ], [ 73.668008931882895, 33.201857302824543 ], [ 73.647621713744485, 33.222823095922415 ], [ 73.633549831717716, 33.207636056068203 ], [ 73.637563343617373, 33.230409457657665 ], [ 73.606514355402638, 33.273713277832719 ], [ 73.614171853878617, 33.292891944858717 ], [ 73.589295893769332, 33.323537060107938 ], [ 73.598028020078843, 33.337518733962476 ], [ 73.578419816793897, 33.328623781198353 ], [ 73.570487914114423, 33.342977176456564 ], [ 73.58376853191983, 33.355675736679849 ], [ 73.565154536351756, 33.366251322826855 ], [ 73.603160125085765, 33.419082509132139 ], [ 73.586708104958376, 33.422805304766065 ], [ 73.596064367159158, 33.438983498940949 ], [ 73.631892076889727, 33.447594472328916 ], [ 73.602067743709853, 33.496683216886566 ], [ 73.618683298892492, 33.495350416546877 ], [ 73.611447060507359, 33.513059056357967 ], [ 73.641772703352999, 33.528506859275403 ], [ 73.624414487842571, 33.540868233013029 ], [ 73.62870634121812, 33.57105881376259 ], [ 73.604983487194787, 33.588694798721143 ], [ 73.611903245448559, 33.603779538663282 ], [ 73.567154997900644, 33.617735818435555 ], [ 73.57774324783847, 33.638057760222146 ], [ 73.567458699980293, 33.668486067811109 ], [ 73.603135988399146, 33.715087014481817 ], [ 73.594645993555687, 33.751232997663806 ], [ 73.559922503786524, 33.781329071086375 ], [ 73.592840795740742, 33.893797768659432 ], [ 73.547609749433846, 33.936933857403041 ], [ 73.516453626769803, 33.998826320336974 ], [ 73.490933412001027, 34.13966813027794 ], [ 73.498538902920032, 34.211216054183723 ], [ 73.472833661508233, 34.252302193993657 ], [ 73.480835968511329, 34.289420715006273 ], [ 73.456709281651101, 34.276454055709351 ], [ 73.429943028770467, 34.346297677414945 ], [ 73.407860691904929, 34.350280583714806 ], [ 73.396096845164422, 34.371607697994776 ], [ 73.427737531692017, 34.426037616578867 ], [ 73.430806911386526, 34.521330589870253 ], [ 73.448251709867634, 34.567092602079299 ], [ 73.532176932978032, 34.570984079488888 ], [ 73.556131500359626, 34.589836464592643 ], [ 73.611149843727404, 34.584821364372665 ], [ 73.650263617553051, 34.561964252491968 ], [ 73.65375516460206, 34.600528050296035 ], [ 73.695000294759595, 34.65005273785323 ], [ 73.659053747348892, 34.673097205393063 ], [ 73.729942181058135, 34.772221992729982 ], [ 73.772306834713135, 34.796108085593708 ], [ 73.821776014950117, 34.792098792560964 ], [ 73.837712339686419, 34.813155601858057 ], [ 73.919373641424357, 34.811647824695953 ], [ 73.930468142284823, 34.832389831836316 ], [ 73.96099754378676, 34.838559281932945 ], [ 73.967435588237024, 34.863826206474783 ], [ 74.0299156996265, 34.876281128425553 ], [ 74.037200210910328, 34.919227871430216 ], [ 74.071170448471449, 34.935481569668205 ], [ 74.059324835117067, 34.99267553202214 ], [ 74.109746956985376, 35.016074678787369 ], [ 74.066737490669965, 35.046269369970034 ], [ 74.101430391603913, 35.099141508320983 ], [ 74.133744909463061, 35.104646792881368 ], [ 74.156105623526983, 35.090877320169064 ], [ 74.105860950097906, 35.125722497762645 ], [ 74.112272116966125, 35.148527133496259 ], [ 74.033813990141823, 35.146862275394454 ], [ 74.002828059063916, 35.183647823768446 ], [ 73.956844711196126, 35.168044984042922 ], [ 73.924549055117225, 35.203897024907583 ], [ 73.86118917004228, 35.20714414481629 ], [ 73.808327854278261, 35.239496405877503 ], [ 73.770508421140974, 35.236001944413381 ], [ 73.72939348644374, 35.209698517355243 ], [ 73.707984096781274, 35.222483589441914 ], [ 73.724975015913515, 35.273048513376821 ], [ 73.69484255499296, 35.318405774279306 ], [ 73.693904134031982, 35.359394244834391 ], [ 73.727023094801197, 35.418988669232363 ], [ 73.792038580928264, 35.454219665148642 ], [ 73.778504943015946, 35.522894258630629 ], [ 73.729614153980222, 35.529492534127272 ], [ 73.721255910609429, 35.549219523759454 ], [ 73.658838454692429, 35.547628563846587 ], [ 73.628388404514993, 35.569045233106038 ], [ 73.561597222716614, 35.54638867064633 ], [ 73.527924250380664, 35.567301883056281 ], [ 73.501505251805142, 35.557569449499155 ], [ 73.477360805683745, 35.571901673248732 ], [ 73.398123550263591, 35.557082802942169 ], [ 73.363482100064346, 35.597223670778753 ], [ 73.268677924211957, 35.624386074663832 ], [ 73.132915164988063, 35.710777314109869 ], [ 73.126500453579055, 35.776226829399874 ], [ 73.148664072249915, 35.831183366663545 ], [ 73.083882809526656, 35.877462645527849 ], [ 73.028824380826805, 35.84705807372832 ], [ 72.987077774340023, 35.859810612648786 ], [ 72.918442279669819, 35.839057314573367 ], [ 72.892447502172217, 35.844540859679924 ], [ 72.891126881303876, 35.873737395156645 ], [ 72.839317032573732, 35.867128353482464 ], [ 72.819157672777095, 35.88172031555716 ], [ 72.784288671574842, 35.841454370262213 ], [ 72.761438597110484, 35.832303947885968 ], [ 72.726579143446997, 35.853051952433319 ], [ 72.684383792424626, 35.822525160192448 ], [ 72.628139648215495, 35.857857931957206 ], [ 72.585100918981226, 35.859372608950729 ], [ 72.558235392494112, 35.897664742684178 ], [ 72.518473617441671, 35.905482669541378 ], [ 72.513077327131327, 35.938673015676962 ], [ 72.534886349374105, 35.950638524039896 ], [ 72.538672681358335, 35.985120108134616 ], [ 72.559963802277991, 35.986957113301976 ], [ 72.584595093517891, 36.025079644549535 ], [ 72.516680471481948, 36.067334856340949 ], [ 72.527615123057416, 36.11022323459882 ], [ 72.561704949973347, 36.139890004078204 ], [ 72.535921306116037, 36.17330498038023 ], [ 72.547314370311071, 36.205406497049943 ], [ 72.573946143504571, 36.223803593314607 ], [ 72.5846574594175, 36.256891120691641 ], [ 72.611682653341404, 36.269486860701321 ], [ 72.684833940891949, 36.243882596679072 ], [ 72.680560501109056, 36.271033863700211 ], [ 72.759177662197942, 36.298578631073006 ], [ 72.816081898992508, 36.356435615300732 ], [ 72.853666293532186, 36.366348795216489 ], [ 72.875544360139287, 36.394560737511334 ], [ 72.859669429777554, 36.435560495250186 ], [ 72.908149495005674, 36.46092210989989 ], [ 72.979358979675382, 36.457319995203001 ], [ 72.97791320784377, 36.51152501221884 ], [ 73.051945348297707, 36.532966367092335 ], [ 73.097166827025461, 36.605994291307766 ], [ 73.074105711518484, 36.628783866829316 ], [ 73.067645653256719, 36.700622562711708 ], [ 73.116440820053896, 36.684195427828392 ], [ 73.170671412941502, 36.724030819212125 ], [ 73.201396207511124, 36.695529223336422 ], [ 73.2380143108076, 36.711520654960992 ], [ 73.294119819425987, 36.704226662979387 ], [ 73.347831756158371, 36.716399609165336 ], [ 73.351575846950297, 36.735004084321858 ], [ 73.421442212289605, 36.74298328717417 ], [ 73.497632919161589, 36.71313559602536 ], [ 73.579301674340684, 36.722380698413311 ], [ 73.592713661203234, 36.692843829067563 ], [ 73.683110525861167, 36.686567809601172 ], [ 73.709853612715335, 36.71233334749391 ], [ 73.774783928036172, 36.702089623188435 ], [ 73.795551170183799, 36.718841696168226 ], [ 73.878650641412491, 36.707090529227663 ], [ 73.885293275292327, 36.72989687581353 ], [ 73.867988890620751, 36.76631694209064 ], [ 73.836986873164861, 36.795133837341808 ], [ 73.801513070630008, 36.794215121427484 ], [ 73.79757326802644, 36.818197917851478 ], [ 73.75883597567703, 36.816154865315966 ], [ 73.705509598581997, 36.837811561228342 ], [ 73.706187224103743, 36.857953284795933 ], [ 73.667007455238149, 36.880880695878538 ], [ 73.671093305282611, 36.91169833616329 ], [ 73.728725089727106, 36.897990252252015 ], [ 73.751322494450207, 36.909686513695164 ], [ 73.800719916323587, 36.887495871335766 ], [ 73.820442789677003, 36.903091027736806 ], [ 73.859261154501127, 36.897318610296161 ], [ 73.893020413286138, 36.875460526384963 ], [ 73.914902264366077, 36.882982623223924 ], [ 73.961499254087684, 36.839266719397543 ], [ 74.046521448271776, 36.810821760107267 ], [ 74.08551677989847, 36.841507319138849 ], [ 74.133459049138608, 36.847903451058045 ], [ 74.155750258624892, 36.910507680352012 ], [ 74.248970822920569, 36.893605664108733 ], [ 74.426424322296327, 36.995692890709222 ], [ 74.522957458898858, 36.995128726995034 ], [ 74.540333833609495, 36.963316323821054 ], [ 74.564101339423928, 36.957897249419368 ], [ 74.580418348277433, 37.021011851594935 ], [ 74.56812173497066, 37.0517600087055 ], [ 74.690122957735994, 37.088140591545155 ], [ 74.707390544371009, 37.087288350881934 ], [ 74.749424005490297, 37.019386894412378 ], [ 74.769054813292996, 37.041221919521199 ], [ 74.838901819626699, 37.035843454223404 ], [ 74.8347858508493, 37.005264269235568 ], [ 74.915579066813237, 36.920259474439604 ], [ 75.015671413108322, 36.990722949487491 ], [ 75.109151682666976, 36.961898978648883 ], [ 75.210956249565598, 37.050016805432946 ], [ 75.341313697361457, 37.060763155030976 ], [ 75.354427388779584, 36.988482856663751 ], [ 75.41844787269477, 36.972395898735058 ], [ 75.406920841630409, 36.908033447514853 ], [ 75.449818468010719, 36.888929102185571 ], [ 75.463266563318456, 36.830313294389143 ], [ 75.612724255520263, 36.775270246576312 ], [ 75.74442368631189, 36.607697649871604 ], [ 75.807021539764378, 36.563423690400548 ], [ 75.852432431501597, 36.558341235116167 ], [ 75.945038013222074, 36.511605775368423 ], [ 76.071153863044898, 36.484242323070845 ], [ 76.163953104013657, 36.406451645100908 ], [ 76.266501958452309, 36.358842963425865 ], [ 76.353927233482267, 36.369447234878074 ], [ 76.437499909261703, 36.310353423540192 ], [ 76.448500307384052, 36.272011678598425 ], [ 76.436783029768961, 36.257829467878679 ], [ 76.480981032845364, 36.219734621724257 ], [ 76.59409381825067, 36.178320925202542 ], [ 76.655923798610289, 36.19218419121971 ], [ 76.711116927848764, 36.14012669836729 ], [ 76.720091582329559, 36.09769526800676 ], [ 76.783750226496153, 36.071927936344437 ], [ 76.813687622141458, 36.040628777781244 ], [ 76.732136448142455, 35.954636100863866 ], [ 76.782994685025088, 35.90520033904928 ], [ 76.807480142732203, 35.84974556642571 ], [ 76.861148060781247, 35.835952568768725 ], [ 76.93561244441095, 35.789022383513554 ], [ 77.001003950852535, 35.775560104766129 ], [ 77.115659881523626, 35.798105130352859 ], [ 77.152190219096198, 35.768635207949423 ], [ 77.176355717732747, 35.768134603891895 ], [ 77.179679685123659, 35.730218488121373 ], [ 77.213013403715038, 35.733251948676241 ], [ 77.258344855534233, 35.704320183904358 ], [ 77.287437203856015, 35.722590536167203 ], [ 77.321067909929411, 35.701048099437187 ], [ 77.335549013459215, 35.719753891196284 ], [ 77.365866773667463, 35.715187188849534 ], [ 77.411556540825444, 35.656256622366342 ], [ 77.437935946708251, 35.656143670474414 ], [ 77.440126270784319, 35.602134106757418 ], [ 77.471880830547491, 35.584270189883753 ], [ 77.465222169707232, 35.550047420674417 ], [ 77.482763954561449, 35.529620723936134 ], [ 77.430521801729995, 35.513670479351347 ], [ 77.388658393460091, 35.539437398060734 ], [ 77.332044283578966, 35.530346073360015 ], [ 77.385239072871897, 35.473860327111332 ], [ 77.443663675065963, 35.459455842468479 ], [ 77.496135008210686, 35.477776726908573 ], [ 77.628623700637334, 35.46503854729373 ], [ 77.653095231876947, 35.481180089622875 ], [ 77.685158613219855, 35.46682393549716 ], [ 77.72877176653121, 35.477334481886473 ], [ 77.73586585791692, 35.521098264836198 ], [ 77.786318514748729, 35.487980226014997 ], [ 77.829240832155023, 35.505095511333955 ], [ 77.912077155348683, 35.461090034647405 ], [ 77.929315926307751, 35.490307500120942 ], [ 77.985251899108448, 35.448302963368391 ], [ 77.939265835463246, 35.50690904233673 ], [ 77.967935586290864, 35.571765879687888 ], [ 77.957808456094725, 35.604867531601059 ], [ 78.001397102080787, 35.582369076329336 ], [ 78.055561400897943, 35.581787410294538 ], [ 78.084351698773091, 35.552018626440059 ], [ 78.136765750561423, 35.536568396856559 ], [ 78.164912067013091, 35.551736129859464 ], [ 78.169825085982794, 35.624998211375001 ], [ 78.197437518967419, 35.622838508643547 ], [ 78.212048859306151, 35.665999576357514 ], [ 78.265611506315835, 35.647419330308324 ], [ 78.284507064082035, 35.664490218304024 ], [ 78.276950292951227, 35.718374139631031 ], [ 78.403863661453059, 35.735849330071034 ], [ 78.442671578313409, 35.783642770868376 ], [ 78.53416402004919, 35.762512781396424 ], [ 78.646430641612014, 35.821067133887624 ], [ 78.673311062717829, 35.854203536924757 ], [ 78.786220269677685, 35.868878342335783 ], [ 78.839070855749597, 35.856116085241474 ], [ 78.925121107159683, 35.867510212292451 ], [ 78.969204897474256, 35.890168998473186 ], [ 79.032247715576943, 35.84771722167681 ], [ 79.16467252908285, 35.838186199343887 ], [ 79.212759833874571, 35.877865569343491 ], [ 79.204494949959241, 35.92770244577784 ], [ 79.230898839187745, 35.972164186317563 ], [ 79.358031112168334, 35.991732786853127 ], [ 79.4103534555518, 35.985977349983166 ], [ 79.440199812932093, 35.894083357853916 ], [ 79.536227970688884, 35.879638631284223 ], [ 79.751090589715304, 35.796918989833777 ], [ 79.898959481798784, 35.775108640936267 ], [ 79.967695547383755, 35.825181181355504 ], [ 80.015692352689328, 35.826163578566053 ], [ 80.128896516195965, 35.656732828000379 ], [ 80.213082085204547, 35.638657266590243 ], [ 80.31171197213942, 35.587956126272317 ], [ 80.314628359698418, 35.5360761755854 ], [ 80.345083611470059, 35.461172181670079 ], [ 80.298484672634217, 35.416988317016141 ], [ 80.297475549335985, 35.352868377646175 ], [ 80.242657023871118, 35.208015509732469 ], [ 80.185032569348621, 35.130628277778634 ], [ 80.18689509400906, 35.007998593766061 ], [ 80.127235162302924, 34.87254927333089 ], [ 80.07499516334299, 34.805417883108412 ], [ 80.065311236392589, 34.692857745779143 ], [ 79.944662496157605, 34.660900858982899 ], [ 79.878259653976983, 34.674859005281711 ], [ 79.776604262829537, 34.610383780962074 ], [ 79.794375653291226, 34.580540604193864 ], [ 79.769775875423917, 34.5377778075013 ], [ 79.821044804326021, 34.514455480099542 ], [ 79.816103835498282, 34.483093383616385 ], [ 79.791438730849109, 34.466753603305968 ], [ 79.598392754561829, 34.486758983573679 ], [ 79.522154755505312, 34.463621850658228 ], [ 79.531628789066232, 34.408754159169327 ], [ 79.568936974974974, 34.400589779815434 ], [ 79.568511095458163, 34.320196715053058 ], [ 79.596961809262766, 34.278003937797664 ], [ 79.59213872620731, 34.235820116695322 ], [ 79.54005834405308, 34.191307322090253 ], [ 79.513141846733362, 34.200937835658209 ], [ 79.493686084027942, 34.184680746357678 ], [ 79.495954241447393, 34.124448995763338 ], [ 79.421113120702515, 34.075939795823196 ], [ 79.414529180779638, 34.041713280393978 ], [ 79.437449969175759, 34.012647657276972 ], [ 79.415505660066032, 33.999005971455489 ], [ 79.373667696630733, 34.026754125277911 ], [ 79.2829437555704, 34.027606742964863 ], [ 79.172928766642571, 34.058291511211493 ], [ 79.148007508767165, 34.055069434872593 ], [ 79.138230495311987, 34.017515962188064 ], [ 79.112650904977784, 34.008944571813991 ], [ 79.001148941355538, 34.033608224836492 ], [ 78.953209325654385, 34.013131250136809 ], [ 78.918317098296399, 33.963921795831475 ], [ 79.013185926461276, 33.782935625782301 ], [ 79.060454502030112, 33.775834726855123 ], [ 79.016106141758911, 33.702263924080277 ], [ 79.046318678308808, 33.67383453867118 ], [ 79.077995772004215, 33.686081917301095 ], [ 79.100150614040516, 33.616324027732489 ], [ 78.902860435224085, 33.622011201459863 ], [ 78.914524617073113, 33.606006327989284 ], [ 78.906259813874001, 33.573709546155442 ], [ 78.943773790758371, 33.526069091188184 ], [ 78.927077972467075, 33.454288014513715 ], [ 78.955372490801395, 33.381622148667454 ], [ 78.987034538952969, 33.330860469035997 ], [ 79.107691331230484, 33.289112026880254 ], [ 79.223682868164616, 33.296284632942637 ], [ 79.44611257180766, 33.257734694979824 ], [ 79.443044611172539, 33.200360784907645 ], [ 79.373216987601509, 33.106379838559789 ], [ 79.380322632760453, 33.027669841086528 ], [ 79.324903122386544, 33.012241536767675 ], [ 79.446064419604937, 32.911810751319067 ], [ 79.557076718535995, 32.767718214746814 ], [ 79.588146231742499, 32.766059453112845 ], [ 79.611860846981131, 32.735036056658224 ], [ 79.429290130299535, 32.523530821120403 ], [ 79.384533370008313, 32.522797681599492 ], [ 79.372990372051817, 32.560482436678363 ], [ 79.305255536395478, 32.585823290140489 ], [ 79.259751376824511, 32.522654213375795 ], [ 79.182086272728327, 32.473757321924744 ], [ 79.125044968944437, 32.465022654107187 ], [ 79.135165316657222, 32.432298560681296 ], [ 79.093679831955654, 32.377134380111521 ], [ 79.045408418683536, 32.387406392624776 ], [ 79.003545421197359, 32.374881021164079 ], [ 78.971185016623153, 32.335693587770109 ], [ 78.806701785323966, 32.444248133982001 ], [ 78.759157784423309, 32.567789261087142 ], [ 78.782363400384455, 32.595810528312718 ], [ 78.743339820233231, 32.654977708317304 ], [ 78.750696552058784, 32.692763033099226 ], [ 78.708711360725701, 32.656133741086727 ], [ 78.648369579676071, 32.643857707412543 ], [ 78.605259207150397, 32.591090245086434 ], [ 78.565513802728589, 32.614845958313666 ], [ 78.451282824110564, 32.577598552851732 ], [ 78.405028361783707, 32.521341351237503 ], [ 78.461248087084314, 32.503797021776279 ], [ 78.465549199248301, 32.45466181404646 ], [ 78.495764955343574, 32.422020408031706 ], [ 78.533505461672505, 32.415460182397375 ], [ 78.484787791652536, 32.349136264998783 ], [ 78.48341139415848, 32.281386156901334 ], [ 78.460839850720859, 32.241708485401922 ], [ 78.559478393329186, 32.248689177598166 ], [ 78.587952438265361, 32.236100879054526 ], [ 78.614691300886918, 32.208805274320127 ], [ 78.613757785742294, 32.175371606043313 ], [ 78.596232369855912, 32.157769580267363 ], [ 78.617665811337133, 32.11522499724753 ], [ 78.656603214866237, 32.11148386901462 ], [ 78.718905224363596, 32.035724001871806 ], [ 78.788552435957811, 31.993231551537331 ], [ 78.778155577154493, 31.93515530169547 ], [ 78.75013791738192, 31.904482218618938 ], [ 78.740207501118064, 31.837456024794314 ], [ 78.709853629614258, 31.786615139415055 ], [ 78.741190367270164, 31.757609190604786 ], [ 78.728391711045333, 31.74174343710115 ], [ 78.754019180708767, 31.685647659821139 ], [ 78.798219454585734, 31.681814889622451 ], [ 78.806992329634511, 31.647109183103243 ], [ 78.85334150709464, 31.607426412443314 ], [ 78.728386623219151, 31.514767480927379 ], [ 78.734284189955559, 31.484983984818534 ], [ 78.76663397297952, 31.486422091098433 ], [ 78.812778266494234, 31.449737425878542 ], [ 78.816585750458742, 31.41928138053758 ], [ 78.792005953083773, 31.395544158314305 ], [ 78.858767622306871, 31.366373921335992 ], [ 78.854647423678585, 31.323457717704837 ], [ 78.892412618800492, 31.287893388432941 ], [ 78.926047633546744, 31.220069909035782 ], [ 78.911703075301688, 31.252999889475873 ], [ 78.937069609809853, 31.260616611730715 ], [ 78.947591444788841, 31.319515146320065 ], [ 79.010832361823645, 31.357082979934702 ], [ 79.064244594747592, 31.462079481339412 ], [ 79.14356660318235, 31.425466492688127 ], [ 79.19221186204831, 31.362814225037148 ], [ 79.246475353998164, 31.330039471731059 ], [ 79.23921284880204, 31.314206729596968 ], [ 79.271855603122191, 31.283185725972952 ], [ 79.251865847677053, 31.243017480669373 ], [ 79.292622849514956, 31.221218236697986 ], [ 79.31748135791959, 31.136720734302443 ], [ 79.398803097293239, 31.107786474103598 ], [ 79.407727343287732, 31.076991473702087 ], [ 79.424567854392649, 31.071074484322061 ], [ 79.424760368540902, 31.030491986216923 ], [ 79.519034869281214, 31.026705986154791 ], [ 79.552547201625302, 30.960067665126768 ], [ 79.603455244262548, 30.932654533948888 ], [ 79.663595062727623, 30.966530853749273 ], [ 79.664988221411463, 30.982921535106058 ], [ 79.717111096076493, 30.975996618197374 ], [ 79.753007531923956, 31.007865027773963 ], [ 79.816367025653136, 30.97393458103727 ], [ 79.862714548069107, 30.9753570824682 ], [ 79.89025578792419, 30.918636613955211 ], [ 79.910387129444516, 30.915067839374597 ], [ 79.929096482974472, 30.882433359571074 ], [ 79.96215289739088, 30.8900200331917 ], [ 80.04203392189568, 30.8358161634896 ], [ 80.056017551379412, 30.841506236786614 ], [ 80.110908484915967, 30.779295111276774 ], [ 80.177770807336984, 30.804054575658725 ], [ 80.214909139935259, 30.749061571651836 ], [ 80.239663519105406, 30.7620588586786 ], [ 80.250510711949431, 30.737136921431926 ], [ 80.236422141441125, 30.69038376567978 ], [ 80.199711889309796, 30.683047101302144 ], [ 80.197158338332599, 30.662092240251617 ], [ 80.221168544586376, 30.641815642394093 ], [ 80.211670762789325, 30.622419945918427 ], [ 80.226830221879837, 30.578944968572255 ], [ 80.257760069989871, 30.558835943861464 ], [ 80.283067157581883, 30.572193389926451 ], [ 80.385591982077145, 30.515049869168383 ], [ 80.415579347026991, 30.525334522725554 ], [ 80.539078441620859, 30.449196884864595 ], [ 80.598008841545052, 30.478766267700138 ], [ 80.751968890196025, 30.393503887548125 ], [ 80.821570823731804, 30.315557565202134 ], [ 81.033208018311583, 30.246389546460218 ], [ 81.027100216891682, 30.228455013322076 ], [ 81.046605536833752, 30.210873549852156 ], [ 81.031056186305179, 30.196379599628955 ], [ 80.950007340763406, 30.178258993452431 ], [ 80.918281138790988, 30.189834428689675 ], [ 80.919718668409075, 30.21419564765301 ], [ 80.902732667056966, 30.215380752427567 ], [ 80.867764003690965, 30.173865811740399 ], [ 80.874771663608499, 30.126485645212416 ], [ 80.761031753837912, 30.049516989228344 ], [ 80.74455545502839, 30.003852904207605 ], [ 80.718964967023553, 30.000578597334769 ], [ 80.674547926383568, 29.957214675876706 ], [ 80.601848251924693, 29.958126873442552 ], [ 80.574109874482758, 29.924037693312595 ], [ 80.553121658126983, 29.85133584234508 ], [ 80.506676994969069, 29.823020302882135 ], [ 80.493856504969386, 29.795804935437655 ], [ 80.435027861400243, 29.805973525413648 ], [ 80.40694746092619, 29.794740769889582 ], [ 80.397373365159723, 29.75890821857114 ], [ 80.366415990499888, 29.749187855700303 ], [ 80.38416981782575, 29.675090429281703 ], [ 80.420257911878693, 29.638333303929532 ], [ 80.407939033050766, 29.595971862765278 ], [ 80.378485564694458, 29.561053285578705 ], [ 80.34247042132418, 29.552773492123084 ], [ 80.357881609206771, 29.532767410380469 ], [ 80.349669543089519, 29.51920845963587 ], [ 80.286935311798103, 29.476976731357457 ], [ 80.301784276530555, 29.452776115408668 ], [ 80.242240207997611, 29.44287581230693 ], [ 80.242060655943462, 29.411538540648831 ], [ 80.275712424567388, 29.392222998946821 ], [ 80.271449416658797, 29.364365276481465 ], [ 80.318510211576069, 29.303501774484701 ], [ 80.29062397949555, 29.231814368872822 ], [ 80.293732706716909, 29.197759891882477 ], [ 80.252627917581549, 29.221440330730736 ], [ 80.240588826946947, 29.202906189935003 ], [ 80.272702362939924, 29.142418470979376 ], [ 80.233043566319608, 29.118487504154828 ], [ 80.183190360178216, 29.13718471883438 ], [ 80.144790187287541, 29.102198554676221 ], [ 80.126368674006613, 29.03193903392728 ], [ 80.13541855309559, 29.007396071831629 ], [ 80.11792428264242, 28.981547500115056 ], [ 80.10054704906716, 28.986903835625391 ], [ 80.058469250944412, 28.916626100447228 ], [ 80.074819093191309, 28.824486821141381 ], [ 80.118051622327798, 28.828979808780822 ], [ 80.21598577659897, 28.755568213156415 ], [ 80.256580724028098, 28.75425176681874 ], [ 80.256519122890282, 28.729248448142339 ], [ 80.317121688199563, 28.70014296244921 ], [ 80.325726982213126, 28.666477585471675 ], [ 80.360995359124345, 28.635262687239788 ], [ 80.451939765210625, 28.628856612761542 ], [ 80.468677203309298, 28.583530216418897 ], [ 80.517623786036225, 28.551960232200031 ], [ 80.53059534214546, 28.572620836994719 ], [ 80.505926427469561, 28.67083629093824 ], [ 80.539529680330162, 28.690756411744353 ], [ 80.590519989207252, 28.680036686383286 ], [ 80.589448366958166, 28.648037167339972 ], [ 80.667625398468275, 28.642189333481603 ], [ 80.677466810106395, 28.604445991202784 ], [ 80.695750679679421, 28.603485742475797 ], [ 80.69044598896437, 28.587595895131315 ], [ 80.714532674880161, 28.568404828796833 ], [ 80.768600671184558, 28.565907169673032 ], [ 80.789194533559282, 28.524518719364579 ], [ 80.865948965662682, 28.489583858129237 ], [ 80.861521618401369, 28.504393573875657 ], [ 80.896093966985234, 28.507019421944772 ], [ 80.91541461107478, 28.457637151317233 ], [ 80.914148180787279, 28.468427711482821 ], [ 80.930517531176918, 28.457774754063543 ], [ 80.942568008322269, 28.468889699192779 ], [ 80.93202126538678, 28.458890655403511 ], [ 80.951726752151387, 28.447640152384007 ], [ 80.980167385695154, 28.455241628352635 ], [ 80.964643461349212, 28.444837683161293 ], [ 80.978834144403805, 28.434151882269688 ], [ 81.016757137647915, 28.45128884290158 ], [ 81.012609329424464, 28.437819748888856 ], [ 81.034203437951689, 28.42817916512838 ], [ 81.017531770211519, 28.415472592526271 ], [ 81.033833593218574, 28.398898357024951 ], [ 81.035673369009132, 28.413577411676052 ], [ 81.079738966190263, 28.38505965207872 ], [ 81.210596877606932, 28.360833495936937 ], [ 81.234482279932337, 28.324738624341755 ], [ 81.232638616562241, 28.289148133655228 ], [ 81.320943817800924, 28.197554311144089 ], [ 81.321347199566446, 28.168885656216766 ], [ 81.302004190065873, 28.164762662250354 ], [ 81.328059463503322, 28.14808165520067 ], [ 81.318030713453567, 28.133671646329301 ], [ 81.371076324284203, 28.14349157791672 ], [ 81.373514876484009, 28.177300702169852 ], [ 81.446683629436038, 28.161015665618528 ], [ 81.44993367679433, 28.140850619562453 ], [ 81.484005232820621, 28.118565967159277 ], [ 81.47827632854802, 28.082713169546633 ], [ 81.623985136762371, 28.001601001013917 ], [ 81.698440705334974, 27.988191085257203 ], [ 81.884958491832322, 27.856950582216147 ], [ 81.925849844159643, 27.859831336711796 ], [ 81.968324250656167, 27.929120762994071 ], [ 82.069960837740808, 27.923645819395592 ], [ 82.121382364430346, 27.865846270901482 ], [ 82.208306751073422, 27.843578803286452 ], [ 82.448670312203561, 27.679315057073097 ], [ 82.707652844836261, 27.722916407878074 ], [ 82.711500686788426, 27.665290109023466 ], [ 82.73660162740579, 27.64345277567751 ], [ 82.735115381833168, 27.609932898743885 ], [ 82.755766953214163, 27.587799188287978 ], [ 82.735546940449822, 27.50235207381607 ], [ 82.929287993832801, 27.501189849501518 ], [ 82.954092377404521, 27.467732553344586 ], [ 83.034574117645661, 27.448722991221821 ], [ 83.187947995289932, 27.454315519390935 ], [ 83.272151582288799, 27.383348648681949 ], [ 83.272427147325971, 27.352628147103665 ], [ 83.317587517609184, 27.330163641768618 ], [ 83.359233880732887, 27.343261578728541 ], [ 83.409341860399024, 27.412806052186831 ], [ 83.383910453804404, 27.436276617228479 ], [ 83.401739279313816, 27.457539066028477 ], [ 83.388175154781734, 27.479755211281908 ], [ 83.614253450904158, 27.469443319183387 ], [ 83.830842569856316, 27.369788698349243 ], [ 83.862340988388382, 27.335684677588077 ], [ 83.883250218210193, 27.374238146362234 ], [ 83.833112481670838, 27.425082514428166 ], [ 83.847259167087927, 27.445636308361419 ], [ 83.875493054223853, 27.435389511000299 ], [ 83.933475952225891, 27.450471187610944 ], [ 84.026927144745613, 27.433540755261838 ], [ 84.094837856022366, 27.489019142619849 ], [ 84.097696727536544, 27.517092747919062 ], [ 84.151372552474498, 27.516672949739451 ], [ 84.149129631295068, 27.485908328950611 ], [ 84.205424970285023, 27.470427081946998 ], [ 84.208927426310893, 27.442600146299736 ], [ 84.254260956058403, 27.454049752208221 ], [ 84.292382474217121, 27.384811550793444 ], [ 84.621893219365404, 27.336927334565214 ], [ 84.691144380870085, 27.214821971206632 ], [ 84.674490352426645, 27.095905735602194 ], [ 84.646159934518764, 27.075647087406509 ], [ 84.64339421079373, 27.046144471207636 ], [ 84.756740218271617, 27.002845995319049 ], [ 84.773420892359482, 27.017736119662239 ], [ 84.793560532796377, 26.995838222961972 ], [ 84.825401563446974, 27.020913246895997 ], [ 84.891575726199463, 26.969675146739238 ], [ 84.962579759989623, 26.960526502695963 ], [ 84.978508166037187, 26.940086030212573 ], [ 84.968063838524188, 26.916144636941258 ], [ 85.061197307365873, 26.886585247537056 ], [ 85.030858233011742, 26.87436394419662 ], [ 85.023970204864355, 26.854377253903479 ], [ 85.190842255502943, 26.869824437250276 ], [ 85.17673592874776, 26.809622470605532 ], [ 85.211031567702207, 26.758427872765214 ], [ 85.33451094275145, 26.741667877436058 ], [ 85.407737964586943, 26.79134586293128 ], [ 85.45456231214159, 26.781784149848114 ], [ 85.479183378683899, 26.802146982430251 ], [ 85.495643206555229, 26.797033183771006 ], [ 85.497698176284217, 26.811901040899389 ], [ 85.565983337441807, 26.841102225208729 ], [ 85.575557458100434, 26.860992545304072 ], [ 85.585664849954767, 26.847358772845507 ], [ 85.623904239379698, 26.873781002934759 ], [ 85.721130585141594, 26.820357631079727 ], [ 85.734479049330503, 26.795872497043053 ], [ 85.723319049106706, 26.699822733931491 ], [ 85.734179798103952, 26.65076045383644 ], [ 85.801768177439527, 26.624270415711653 ], [ 85.817739422176743, 26.602799665855894 ], [ 85.851259898897183, 26.608677336996159 ], [ 85.849209073504383, 26.568998387693629 ], [ 85.92910351958983, 26.616814994073099 ], [ 85.948179380928991, 26.613961954808271 ], [ 85.960122087747251, 26.651010832121887 ], [ 86.027580341533834, 26.666787180258002 ], [ 86.138764083267461, 26.628848759763255 ], [ 86.136330112123574, 26.606335771589421 ], [ 86.192240480459461, 26.614841259257155 ], [ 86.196299741181662, 26.593943285183443 ], [ 86.217676850601819, 26.588479756290784 ], [ 86.252687578053909, 26.617108084126542 ], [ 86.332890285875223, 26.619137374109421 ], [ 86.498634008112361, 26.542096239070712 ], [ 86.541549442784614, 26.538722629230922 ], [ 86.570250701930092, 26.496563180053943 ], [ 86.693225330252517, 26.451198207395322 ], [ 86.731397990091452, 26.422616313698281 ], [ 86.766496488058294, 26.459440822751425 ], [ 86.833769353237557, 26.439098169881387 ], [ 86.894230193396368, 26.461926957715654 ], [ 86.891676273458984, 26.486188956056036 ], [ 86.929994531361572, 26.489684066124504 ], [ 86.93215913075862, 26.516954037688762 ], [ 87.015359727515545, 26.532043804658603 ], [ 87.044674039850634, 26.587234076265315 ], [ 87.071822493938413, 26.585813894207266 ], [ 87.091650943856379, 26.450292247606846 ], [ 87.162561522199923, 26.403895255978345 ], [ 87.261051846805373, 26.409269915742914 ], [ 87.266015234777058, 26.373875004665397 ], [ 87.31253370418635, 26.37156872658084 ], [ 87.341092513125957, 26.347519155507971 ], [ 87.358405488557395, 26.361053987062231 ], [ 87.36889286571018, 26.407937655422998 ], [ 87.463771655285854, 26.439509239725481 ], [ 87.5477041906464, 26.418374857513427 ], [ 87.610404463888273, 26.380777464145595 ], [ 87.651877374955035, 26.393424877396921 ], [ 87.65020261367809, 26.405957279865969 ], [ 87.678127853800703, 26.415834722308638 ], [ 87.677557946196842, 26.435456095625636 ], [ 87.733939972662014, 26.407610620668777 ], [ 87.764759880383323, 26.409882142203621 ], [ 87.789514609900976, 26.469431276053854 ], [ 87.848828406206067, 26.436463484490211 ], [ 87.888293705760248, 26.486759761275916 ], [ 87.909808316232372, 26.457563215557471 ], [ 87.898739385194602, 26.448709595485532 ], [ 87.925142725013018, 26.444838657248194 ], [ 87.926941960736031, 26.417801203738687 ], [ 87.991919614001986, 26.392562878986435 ], [ 87.995352495234798, 26.366007743301996 ], [ 88.030504310032683, 26.364922205816505 ], [ 88.034498927620746, 26.391910395329734 ], [ 88.095978681520961, 26.439987627649888 ], [ 88.092084308417384, 26.463307454501802 ], [ 88.106978086249612, 26.475742492109788 ], [ 88.090241292832488, 26.507252548123432 ], [ 88.09807437035019, 26.537948272801653 ], [ 88.160299400324362, 26.636439053888171 ], [ 88.187851615264364, 26.771805897594234 ], [ 88.167760251967692, 26.837505703809111 ], [ 88.17396633218803, 26.865316832120236 ], [ 88.136357614560907, 26.898520143149376 ], [ 88.144703906729163, 26.922477956960716 ], [ 88.120134739546202, 26.9507077142136 ], [ 88.134404089763549, 26.98623990625709 ], [ 88.092142842014212, 27.004695576015621 ], [ 88.077686014064341, 27.035422151096476 ], [ 88.037845216335043, 27.0363229544079 ], [ 88.021021234808586, 27.08782910974265 ], [ 87.990883525273489, 27.105608557834483 ], [ 88.019222240145723, 27.17105101403456 ], [ 88.01425664034204, 27.212914407036784 ], [ 88.026024115831177, 27.217505666232373 ], [ 88.012331682638631, 27.215928406810853 ], [ 88.032046635857, 27.286390214707012 ], [ 88.066927814381614, 27.335774756709167 ], [ 88.041573280200936, 27.372931077075442 ], [ 88.050713572535969, 27.412984657683545 ], [ 88.075056893641147, 27.433222685870987 ], [ 88.044084322406704, 27.495810703796284 ], [ 88.08183179517475, 27.584220908159995 ], [ 88.144690988438214, 27.665354647188828 ], [ 88.156174471396142, 27.736110255809887 ], [ 88.178369713310715, 27.746184624875934 ], [ 88.197171928024147, 27.791172327423091 ], [ 88.173591187128523, 27.820595470183459 ], [ 88.201900928781896, 27.842495483029154 ], [ 88.195217920248155, 27.85453907473676 ], [ 88.135013984004857, 27.881619917726013 ], [ 88.119580894487441, 27.916004556231488 ], [ 88.145214029375339, 27.96408473347979 ], [ 88.20640127025797, 27.941668373451115 ], [ 88.207960350075211, 27.961659797131439 ], [ 88.237173770492589, 27.970847933590068 ], [ 88.251084648011158, 27.942350999572575 ], [ 88.352265907618019, 27.989948470876062 ], [ 88.399065634642355, 27.978036794326275 ], [ 88.430593281508408, 28.008086764135864 ], [ 88.467816494173064, 28.017135056940884 ], [ 88.495618901085223, 28.053931379874207 ], [ 88.523513980356725, 28.034985787201983 ], [ 88.550804333835941, 28.037571690906308 ], [ 88.552546175230376, 28.081416116357119 ], [ 88.619344477905813, 28.098076248683512 ], [ 88.60996104612525, 28.128691315268711 ], [ 88.672063854172535, 28.072340964322198 ], [ 88.756286441004406, 28.0759731718586 ], [ 88.836278327473991, 28.014814525906306 ], [ 88.83693675618585, 27.928780435346741 ], [ 88.860407368978329, 27.927154488525957 ], [ 88.882632802354408, 27.890772409289248 ], [ 88.882692513536725, 27.834268477735776 ], [ 88.855781639272152, 27.815082993473723 ], [ 88.865141157096474, 27.742248033869096 ], [ 88.83798351651626, 27.706287315034544 ], [ 88.848386246599787, 27.66800791684101 ], [ 88.815260167710164, 27.646092926637703 ], [ 88.791294719846334, 27.575103178444728 ], [ 88.763747102440121, 27.565070122652944 ], [ 88.792815320454693, 27.528898580080988 ], [ 88.777010369943625, 27.468859209338607 ], [ 88.806195677956765, 27.406796973309095 ], [ 88.837670732270311, 27.379156049077505 ], [ 88.860950470692543, 27.386537496120809 ], [ 88.884015154827708, 27.34251521972541 ], [ 88.91920237689007, 27.32796608150154 ], [ 88.907737512238555, 27.277040307955904 ], [ 88.803096082911509, 27.247836216063906 ], [ 88.78676036901858, 27.181986007905522 ], [ 88.764608138765524, 27.177017500857573 ], [ 88.748780960610929, 27.143345948317293 ], [ 88.86770770924926, 27.112442620058943 ], [ 88.881171879797293, 27.061996613916708 ], [ 88.877132172257078, 26.944359153119741 ], [ 88.921683757509385, 26.993927235766218 ], [ 88.952475257983338, 26.968406944856216 ], [ 88.94392382482539, 26.934147348194124 ], [ 88.980346215223406, 26.91718594617921 ], [ 89.021572487251603, 26.940685890467268 ], [ 89.050895954884226, 26.915969949726737 ], [ 89.048858480071274, 26.899114507630959 ], [ 89.095698829643524, 26.891673151557644 ], [ 89.100694020250884, 26.842526213529251 ], [ 89.134483491062369, 26.80763888329199 ], [ 89.262395261800336, 26.813777934070163 ], [ 89.318495326727742, 26.851319989879499 ], [ 89.378981770007158, 26.862178266802594 ], [ 89.389770782328895, 26.84185405235467 ], [ 89.439479193618695, 26.840335188403856 ], [ 89.469526331986117, 26.802692963710633 ], [ 89.560169424593212, 26.812860154747508 ], [ 89.565900989044209, 26.799353426592152 ], [ 89.650578958887024, 26.77629616947489 ], [ 89.643522401708708, 26.748541214946457 ], [ 89.617448495671269, 26.72930689423935 ], [ 89.623779050694623, 26.718448907762038 ], [ 89.657874190105929, 26.718652948569414 ], [ 89.671755497268265, 26.73980958638516 ], [ 89.724083878972792, 26.722288383686546 ], [ 89.752804682002562, 26.735313000616248 ], [ 89.771371670172513, 26.701004269463979 ], [ 89.812348507183145, 26.710629560089316 ], [ 89.870351234267588, 26.690096307401003 ], [ 89.862916558170923, 26.737066879036085 ], [ 89.897329643554471, 26.72433943084739 ], [ 90.049565066317811, 26.730368412782909 ], [ 90.194522936268868, 26.773271337000981 ], [ 90.187669045019916, 26.806811864176119 ], [ 90.230500012206249, 26.858906721733565 ], [ 90.300298402166405, 26.848220357782182 ], [ 90.347786300386019, 26.875294817648268 ], [ 90.356634771301557, 26.9006607497031 ], [ 90.416609731045185, 26.904529314884112 ], [ 90.546612918736017, 26.816639782582453 ], [ 90.634443208760231, 26.793810325146939 ], [ 90.646574208852897, 26.776580424077643 ], [ 90.675978766518469, 26.784094686823696 ], [ 90.717277571925905, 26.768268449326836 ], [ 90.991874474117211, 26.790642259197973 ], [ 91.054060446157735, 26.780985434941375 ], [ 91.097562745041714, 26.821992879396678 ], [ 91.236887191543161, 26.812002621880612 ], [ 91.337247926278721, 26.780860906784099 ], [ 91.376005842024142, 26.795227688372666 ], [ 91.407647186630342, 26.839602561262417 ], [ 91.49510696869676, 26.79120586429579 ], [ 91.625524308486035, 26.82086583429896 ], [ 91.68979670188132, 26.806451491669648 ], [ 91.824146740862304, 26.864043453464465 ], [ 91.859111853736422, 26.913338829889383 ], [ 91.891736352962582, 26.919062682808455 ], [ 91.983501448259375, 26.8581916029508 ], [ 92.056724718628757, 26.847385037224843 ], [ 92.102651834512216, 26.867168389052107 ], [ 92.119921628973458, 26.89332877040043 ], [ 92.11811391649573, 26.974372924842054 ], [ 92.078415455358254, 27.017361378984297 ], [ 92.081745685399838, 27.04081556914802 ], [ 92.044124069664704, 27.051362379126914 ], [ 92.023133619360181, 27.109551919883572 ], [ 92.035804481061021, 27.134911417290034 ], [ 92.026721870829959, 27.168278959633 ], [ 92.058378358247737, 27.190309454057122 ], [ 92.072571269884733, 27.233105977638427 ], [ 92.038002451841749, 27.258421995222363 ], [ 92.067073216094002, 27.27717028684275 ], [ 92.103473044936521, 27.268664929695689 ], [ 92.124975366426213, 27.282018260819719 ], [ 92.064583821312112, 27.326979370671221 ], [ 92.048241202099135, 27.363132422167496 ], [ 92.058469863035953, 27.399707469534547 ], [ 92.022166456826582, 27.448020492475443 ], [ 92.01937101135627, 27.478050530010076 ], [ 91.943644381755604, 27.459736307920046 ], [ 91.848604745759545, 27.48645629021415 ], [ 91.825253921691143, 27.467852776479212 ], [ 91.766971759784312, 27.464755438454457 ], [ 91.7146231794204, 27.474539347869918 ], [ 91.695059156507682, 27.50532766515445 ], [ 91.652452144469152, 27.483041272070011 ], [ 91.56631485651846, 27.583060350466386 ], [ 91.584374252434515, 27.608222539207432 ], [ 91.564703947350566, 27.625757457152318 ], [ 91.573073663119573, 27.660691125468766 ], [ 91.628547685053576, 27.6994269971864 ], [ 91.645404612039471, 27.763376735700554 ], [ 91.635075501830698, 27.802944916266508 ], [ 91.614644585985687, 27.821850009178974 ], [ 91.565976939568273, 27.818614696334141 ], [ 91.553592368615213, 27.851360369775218 ], [ 91.569888031010763, 27.848014171679594 ], [ 91.575537298349303, 27.864293342554422 ], [ 91.663177841457184, 27.852953236691508 ], [ 91.709831122352497, 27.807973329334462 ], [ 91.761306819763035, 27.799957716911063 ], [ 91.820675664467601, 27.815961003373065 ], [ 91.862185455547746, 27.739689767664572 ], [ 91.927704638268665, 27.722594230005072 ], [ 91.993525544227836, 27.771182325283934 ], [ 92.05142792208207, 27.763932939428003 ], [ 92.218660642805744, 27.869514902493275 ], [ 92.277540150828514, 27.869092549109105 ], [ 92.312773320291541, 27.788488548293131 ], [ 92.385100070516273, 27.80062971788038 ], [ 92.389764508738153, 27.82142963993104 ], [ 92.416295578082156, 27.830554671250034 ], [ 92.456269672514338, 27.814119836007951 ], [ 92.503357176838463, 27.853950617305696 ], [ 92.556210808748418, 27.824364230752039 ], [ 92.615314464131529, 27.894538160142545 ], [ 92.657710887116281, 27.901902981301951 ], [ 92.742432319002418, 27.992586965549279 ], [ 92.720709169019514, 28.030505160163745 ], [ 92.666539783529657, 28.06375308361908 ], [ 92.687948544803263, 28.127397964685599 ], [ 92.814765383571753, 28.211043155019368 ], [ 92.836098853079051, 28.179097132576405 ], [ 92.89688002074783, 28.20515275161555 ], [ 92.922842130710364, 28.240000359587544 ], [ 92.96270561451189, 28.258557300964725 ], [ 92.997298423113776, 28.229427663783806 ], [ 93.028269551557912, 28.268694272623836 ], [ 93.022342646975773, 28.310385818041478 ], [ 93.217957530080398, 28.326081331412936 ], [ 93.22422235155345, 28.405498876363247 ], [ 93.180451039198857, 28.434875104547658 ], [ 93.277735511441065, 28.5013091059343 ], [ 93.301620749883384, 28.598951558357442 ], [ 93.324920117394797, 28.609178566454069 ], [ 93.333363334995795, 28.639083854821916 ], [ 93.406010922855941, 28.651284174606975 ], [ 93.445973331677266, 28.674722212668488 ], [ 93.470495534646275, 28.652653497137312 ], [ 93.496146738503512, 28.685966640863889 ], [ 93.522410074231786, 28.659071285798639 ], [ 93.619447409570782, 28.653387967190664 ], [ 93.739876747480295, 28.684553166586028 ], [ 93.784144777907102, 28.663364769806449 ], [ 93.850601064600056, 28.707036013259287 ], [ 93.935628646479344, 28.666105798205873 ], [ 93.961761480024563, 28.693595803325636 ], [ 93.972954413476273, 28.743218110044527 ], [ 94.010300813406971, 28.772785817015766 ], [ 93.986704292767598, 28.803755464120506 ], [ 94.007243313168701, 28.840699639834668 ], [ 94.164458146006766, 28.957456726626827 ], [ 94.186062379009201, 29.028730159877277 ], [ 94.224101903342216, 29.087829588294376 ], [ 94.293654960621282, 29.14535274430817 ], [ 94.362490768902717, 29.152604680933791 ], [ 94.374877286526299, 29.184952785893081 ], [ 94.438122289749046, 29.223193496266287 ], [ 94.55071098226378, 29.220750761196964 ], [ 94.630976455898647, 29.341236414801042 ], [ 94.741302131997543, 29.274736897480583 ], [ 94.793008585728217, 29.215298291900048 ], [ 94.804128745635168, 29.162405321874402 ], [ 94.878668557800708, 29.17502522065697 ], [ 94.915778906595406, 29.152072692518303 ], [ 94.958405742279766, 29.156389999524819 ], [ 95.022446480769659, 29.1339426786529 ], [ 94.975280412359282, 29.156543243757248 ], [ 94.979819129291883, 29.173347102792494 ], [ 94.992767753757235, 29.170764015488707 ], [ 95.095054596613863, 29.139594063138155 ], [ 95.106375013500752, 29.11890537434963 ], [ 95.241720555750106, 29.110615035160055 ], [ 95.242017680889631, 29.06355079572258 ], [ 95.260070410482996, 29.054075352879011 ], [ 95.28792169396317, 29.062641776031104 ], [ 95.410653623462721, 29.030516136436258 ], [ 95.440296873496536, 29.036600408488191 ], [ 95.466454430889485, 29.066455899561671 ], [ 95.480989833456292, 29.14307413127327 ], [ 95.530717136970807, 29.130485188699534 ], [ 95.52693259966027, 29.215656528540514 ], [ 95.572202269855708, 29.222806301268541 ], [ 95.583029651901882, 29.260614486549873 ], [ 95.619263478144603, 29.249698547076559 ], [ 95.776880631506231, 29.361652364709276 ], [ 95.78212686338145, 29.34138800791732 ], [ 95.830989075592896, 29.358829566874544 ], [ 95.861746175828571, 29.395118328919288 ], [ 95.941808749787484, 29.387651264562702 ], [ 96.067316137278226, 29.465947313695867 ], [ 96.14056856357827, 29.402050067400136 ], [ 96.176499643900058, 29.345153556961257 ], [ 96.179919032235148, 29.307510527518382 ], [ 96.235484601835168, 29.24189199862758 ], [ 96.289567222359736, 29.244634179799398 ], [ 96.354304518651858, 29.29205331517532 ], [ 96.380831350442776, 29.254607531984878 ], [ 96.342012373946261, 29.178382369414301 ], [ 96.244953116324325, 29.165763494704766 ], [ 96.210515080248882, 29.148092034770198 ], [ 96.173591820708282, 29.099217506062079 ], [ 96.102059416425064, 29.078994946753546 ], [ 96.140932204383546, 29.058280072095737 ], [ 96.171474619897552, 28.999191279647317 ], [ 96.171796590834447, 28.969786740831104 ], [ 96.142291976526067, 28.956672648584107 ], [ 96.134897865176114, 28.935233043177423 ], [ 96.160871885115597, 28.897834156733516 ], [ 96.220171676742638, 28.9297728802681 ], [ 96.32690615659925, 29.028018358074728 ], [ 96.423141992866604, 29.037510215589791 ], [ 96.5135847970366, 29.073958310943731 ], [ 96.464673603397571, 28.983135330732932 ], [ 96.481222228565315, 28.958515722209643 ], [ 96.509384212274838, 28.966365328076641 ], [ 96.526085116348014, 28.882460508237987 ], [ 96.608985424649518, 28.779832304959864 ], [ 96.579307012067005, 28.71158983696694 ], [ 96.466901260208871, 28.675184356764625 ], [ 96.487356361172544, 28.638908707144164 ], [ 96.474470685963908, 28.621782087406118 ], [ 96.424844409523899, 28.582108083006357 ], [ 96.402029195712686, 28.580945508852007 ], [ 96.400013649817708, 28.559277183866996 ], [ 96.344754664145711, 28.554007608602806 ], [ 96.318577994215588, 28.525961517655723 ], [ 96.362081007607088, 28.480343879178893 ], [ 96.253406296713877, 28.407052418793423 ], [ 96.316677374736756, 28.377567696240902 ], [ 96.362581065309541, 28.386356722811133 ], [ 96.395477851063035, 28.335916705583688 ], [ 96.417378177829548, 28.340944191069823 ], [ 96.457127757862267, 28.413815671790491 ], [ 96.505379209623683, 28.410981004186489 ], [ 96.570747623080791, 28.452324111008284 ], [ 96.641136046347313, 28.45778532350861 ], [ 96.740846180621148, 28.413813016107753 ], [ 96.770289987035682, 28.367028647890347 ], [ 96.834536981813926, 28.360719961049423 ], [ 96.889670627715034, 28.378485621071814 ], [ 96.925843259579693, 28.336852247445272 ], [ 96.98761189171978, 28.303325287711015 ], [ 97.075305837809765, 28.34961423583308 ], [ 97.105694141312867, 28.346958369683769 ], [ 97.171103453703608, 28.28566898746433 ], [ 97.29526129572163, 28.261877631665392 ], [ 97.401042411340129, 28.192250110622549 ], [ 97.401163253978524, 28.181477836315647 ], [ 97.363846406078338, 28.189089454755607 ], [ 97.32790054364753, 28.150209830156577 ], [ 97.347242929526885, 28.110487091317651 ], [ 97.31043207962631, 28.07451657410007 ], [ 97.325776521889239, 28.052698394267757 ], [ 97.380945946166477, 28.059273309170614 ], [ 97.375682600556672, 28.040156116709412 ], [ 97.412896513941888, 28.014836541106853 ], [ 97.372979552295831, 27.968028880163136 ], [ 97.373590016473372, 27.880177072130891 ], [ 97.308995938411812, 27.914991129123738 ], [ 97.249021188240931, 27.899297119434134 ], [ 97.103998428066021, 27.769748689659789 ], [ 97.093847090877645, 27.740088464883645 ], [ 97.036162355181077, 27.742387048815797 ], [ 96.983056873335499, 27.664282154319416 ], [ 96.941724808175934, 27.660740695915429 ], [ 96.896746093258173, 27.609260982492906 ], [ 96.896712055856881, 27.581503701852679 ], [ 96.912231148418797, 27.580533171476816 ], [ 96.913007667239512, 27.543882528432835 ], [ 96.929822823162525, 27.524182275292301 ], [ 96.903244081589762, 27.452726053144207 ], [ 96.962306204681354, 27.40164912039862 ], [ 96.962125533164979, 27.373115275393317 ], [ 96.998106439269321, 27.318978624759165 ], [ 97.028266714123234, 27.30794383895941 ], [ 97.088507643192614, 27.238212264767757 ], [ 97.090475816328663, 27.213618018973467 ], [ 97.163854224204812, 27.142239812840529 ], [ 97.138518009654305, 27.091046669943438 ], [ 97.100345074663608, 27.108358633780689 ], [ 97.063438821965548, 27.091454844554736 ], [ 97.030270904313795, 27.131549284593721 ], [ 96.984832346153411, 27.154298461790763 ], [ 96.87441286238635, 27.180682462783953 ], [ 96.854766716210577, 27.210243533789068 ], [ 96.885233673168884, 27.226467601075605 ], [ 96.884740469435158, 27.259656039576299 ], [ 96.847047116817507, 27.27109807699081 ], [ 96.847984238531296, 27.290278773299033 ], [ 96.796660057089227, 27.345627072664517 ], [ 96.704885339294691, 27.372040410326022 ], [ 96.697486826935133, 27.357658723490943 ], [ 96.605309081723476, 27.365548966137933 ], [ 96.595719101241954, 27.333866879300139 ], [ 96.551219616026302, 27.318456442390659 ], [ 96.523851434087774, 27.286545891373208 ], [ 96.440645015405792, 27.306331231467187 ], [ 96.38683882527387, 27.284631882320298 ], [ 96.307274641402131, 27.294275649925797 ], [ 96.27102090472664, 27.271540279376993 ], [ 96.227994687260903, 27.27868336276828 ], [ 96.022961439829501, 27.180081741911064 ], [ 95.945956164561764, 27.05164781203127 ], [ 95.87007918668985, 27.012702856399574 ], [ 95.802030489104894, 27.01450064945141 ], [ 95.755000851406479, 26.953844934080884 ], [ 95.74490551181043, 26.896329940183286 ], [ 95.724141016003699, 26.882204793870432 ], [ 95.66699781881573, 26.902862264682273 ], [ 95.631875539305852, 26.873631385737038 ], [ 95.60848871638926, 26.812858823592173 ], [ 95.543127328534624, 26.835375974972195 ], [ 95.507400931834752, 26.808799792146594 ], [ 95.482759264717444, 26.747053400094391 ], [ 95.459091411284405, 26.74388473159572 ], [ 95.431380033118543, 26.700698097796863 ], [ 95.335786892974227, 26.674483126582839 ], [ 95.303959716786878, 26.651008932128001 ], [ 95.258663931551041, 26.65575283580322 ], [ 95.257058571120666, 26.676233478027466 ], [ 95.233747842793932, 26.682315284770898 ], [ 95.20959620968398, 26.648846827469065 ], [ 95.148927562047731, 26.615867203753631 ], [ 95.15419426966649, 26.583142395690032 ], [ 95.107545361346638, 26.541538110320296 ], [ 95.114538274385552, 26.518510712816042 ], [ 95.061975216435982, 26.450182999335489 ], [ 95.08445224810842, 26.447054900556505 ], [ 95.10386290386009, 26.420658682522102 ], [ 95.09977243071927, 26.393731589358019 ], [ 95.132136675048145, 26.377841228292805 ], [ 95.127297520823049, 26.253980669472263 ], [ 95.114598522024465, 26.232889378040408 ], [ 95.142680267474432, 26.211634223935707 ], [ 95.121955096987946, 26.185233131277659 ], [ 95.117868955407815, 26.101077380835264 ], [ 95.185888087698771, 26.073099057320764 ], [ 95.126107017084905, 25.985750997957798 ], [ 95.089496182172809, 25.950485071031437 ], [ 95.03135204926906, 25.931146109426589 ], [ 95.011774073580909, 25.897777459267907 ], [ 95.009186433493625, 25.866610201213383 ], [ 95.049965997094517, 25.799991162275205 ], [ 95.048965718791592, 25.759355045749018 ], [ 94.935979883754001, 25.667611345494031 ], [ 94.91508900182744, 25.607680898571633 ], [ 94.881713731868317, 25.591049071475677 ], [ 94.898503931348856, 25.565327647499704 ], [ 94.84592230843117, 25.561938346147606 ], [ 94.807993177141199, 25.49329397266813 ], [ 94.783450430740132, 25.480400543062494 ], [ 94.751420557749427, 25.493889678781237 ], [ 94.718077270729268, 25.46948635760868 ], [ 94.683618927536983, 25.466430226719563 ], [ 94.675366134646822, 25.445816631768736 ], [ 94.667098207620597, 25.414644399219252 ], [ 94.634602458341035, 25.39500647476337 ], [ 94.634553090965596, 25.357923015826657 ], [ 94.584794090226737, 25.266544445973899 ], [ 94.57564007041104, 25.214123769092296 ], [ 94.605833059836158, 25.181291412674934 ], [ 94.736606145329475, 25.134778899901121 ], [ 94.744155808890341, 25.037271804745444 ], [ 94.696591218401963, 24.968470015722488 ], [ 94.71340059299996, 24.934371288165064 ], [ 94.687949968883743, 24.888055214784941 ], [ 94.631855381188174, 24.839455217128592 ], [ 94.618607325183731, 24.779795054380116 ], [ 94.629355704600854, 24.756969527784872 ], [ 94.605117790123899, 24.712309349085878 ], [ 94.585124486211441, 24.705419956832081 ], [ 94.57943168762408, 24.723708434316357 ], [ 94.549663575991872, 24.712769789402355 ], [ 94.550065827788387, 24.658928211299742 ], [ 94.52920722058316, 24.618023636453614 ], [ 94.461539781104435, 24.557953392917636 ], [ 94.425203683482081, 24.486121751434929 ], [ 94.403076128196957, 24.475293774991595 ], [ 94.39763410497487, 24.407286160476421 ], [ 94.367130862081211, 24.39461835029757 ], [ 94.380112001591954, 24.374635317384023 ], [ 94.35400427506552, 24.334471421773813 ], [ 94.327162441533915, 24.327664177834972 ], [ 94.315322355858228, 24.252676996692074 ], [ 94.292713397510568, 24.236018824760535 ], [ 94.283187770656838, 24.179349822041512 ], [ 94.259865062703128, 24.162260498420451 ], [ 94.251540410792927, 24.081907823143961 ], [ 94.186857962403536, 23.941281585532067 ], [ 94.165351880040433, 23.929640028232662 ], [ 94.153969032025145, 23.853152368765585 ], [ 94.120672319944063, 23.832848422707514 ], [ 94.08430454877076, 23.88142688760189 ], [ 93.930460252586727, 23.950250426279251 ], [ 93.80738300502999, 23.927075243318274 ], [ 93.754200153371343, 24.005421667029047 ], [ 93.623354289939741, 24.010919161369607 ], [ 93.591657720440821, 23.960590504868279 ], [ 93.559773066628111, 23.982071254574393 ], [ 93.550107732168428, 23.959160928364252 ], [ 93.504760275013822, 23.942186686100303 ], [ 93.463504922202162, 23.973374188313958 ], [ 93.416946404877336, 24.071407442217648 ], [ 93.348823957325919, 24.104740321310263 ], [ 93.353806798332258, 24.090533516608829 ], [ 93.328547530432132, 24.081152670304508 ], [ 93.338422064027412, 24.062668239908056 ], [ 93.318078459985657, 24.052984644666381 ], [ 93.337507538401297, 24.0411686543586 ], [ 93.328888974364688, 23.984799553090706 ], [ 93.350763915345155, 23.941649953353888 ], [ 93.394276434474264, 23.92427665753538 ], [ 93.384963834600555, 23.848127475483849 ], [ 93.40326233301414, 23.807045624430739 ], [ 93.391553959058996, 23.756691970517952 ], [ 93.410952641059268, 23.729403778391269 ], [ 93.407274845563293, 23.707243766907268 ], [ 93.436906173028092, 23.687040715959537 ], [ 93.416501566256585, 23.647628636651412 ], [ 93.428561144582275, 23.588281221917644 ], [ 93.409815319456996, 23.563648662775964 ], [ 93.418536314421331, 23.540007095233882 ], [ 93.394722588104315, 23.503759565996894 ], [ 93.388012843389632, 23.446377600359487 ], [ 93.401647263854841, 23.383748554785384 ], [ 93.387630686333807, 23.359396960751962 ], [ 93.355772618755196, 23.351891917048093 ], [ 93.372882702560133, 23.329417939736718 ], [ 93.362614711966046, 23.279137560721917 ], [ 93.388613042807648, 23.216918219219639 ], [ 93.36823432706484, 23.144098716165335 ], [ 93.385612985394317, 23.133835432408485 ], [ 93.355664594103459, 23.116052167199971 ], [ 93.339260614544941, 23.073833779217729 ], [ 93.352059757916308, 23.070397137713709 ], [ 93.293535380300185, 23.006439601186042 ], [ 93.229461700433674, 23.01164986058361 ], [ 93.209865363015908, 23.048539558162741 ], [ 93.184609490931564, 23.059540720250027 ], [ 93.156091916417367, 23.043180604095909 ], [ 93.136265005240517, 23.060647645633331 ], [ 93.125812600969979, 23.040722720381979 ], [ 93.120167026300948, 23.002441711180182 ], [ 93.140627478337237, 22.989955345886077 ], [ 93.138039113183666, 22.950564520645536 ], [ 93.164536983144359, 22.91049353007001 ], [ 93.1311738875158, 22.906093462333647 ], [ 93.110546890660899, 22.81805312198345 ], [ 93.094717699530392, 22.806186371151099 ], [ 93.10735593153116, 22.752615438533386 ], [ 93.095459403922376, 22.672487893682785 ], [ 93.140313752140159, 22.592265173826405 ], [ 93.106550387170714, 22.527025056089716 ], [ 93.12820711693368, 22.523653353471381 ], [ 93.138704325217162, 22.454516202417786 ], [ 93.185290099306229, 22.428153076307339 ], [ 93.201789448559524, 22.262566382007922 ], [ 93.142095429134201, 22.245464089587422 ], [ 93.161461393182165, 22.1970963978025 ], [ 93.150827492661961, 22.176260318747676 ], [ 93.123562397909154, 22.173546027279997 ], [ 93.111042513896805, 22.2040283720521 ], [ 93.038220366086932, 22.195028029302939 ], [ 93.049100151882897, 22.168902209235917 ], [ 93.037195327547806, 22.144378643553196 ], [ 93.059575928972038, 22.10125220930583 ], [ 93.004532372866635, 22.103592732058491 ], [ 92.994813513369394, 22.032192373130655 ], [ 93.007413529420319, 21.982325471274017 ], [ 92.980561338276161, 21.980058240766017 ], [ 92.952249205509318, 22.029710341124723 ], [ 92.927245767553998, 22.015636108170504 ], [ 92.935777367985693, 22.005696959457886 ], [ 92.903851853973805, 21.940039505355127 ], [ 92.894430948376325, 22.003745913032446 ], [ 92.865064796571758, 22.023692211645635 ], [ 92.863402806753214, 22.062674049596488 ], [ 92.841100217104128, 22.059395117521124 ], [ 92.809942087442295, 22.095921880511344 ], [ 92.699764126765899, 22.155073066118931 ], [ 92.689629389451326, 22.071881628420975 ], [ 92.681765634792242, 22.103460474251275 ], [ 92.679748168391541, 22.011552715391417 ], [ 92.65161265072274, 22.015908898737319 ], [ 92.634940203135159, 21.983219735537268 ], [ 92.603219901262108, 21.977625102061253 ], [ 92.612760690473579, 21.990114922798796 ], [ 92.592616329201391, 22.037438211968833 ], [ 92.60265905232491, 22.061100550273672 ], [ 92.562620067672071, 22.128023681209331 ], [ 92.57849806260208, 22.143407365715291 ], [ 92.605746379091684, 22.123392340330074 ], [ 92.609226464827557, 22.16401864026513 ], [ 92.595225731820577, 22.175390146817815 ], [ 92.58116581653131, 22.321763859423491 ], [ 92.552076638457578, 22.408973571256531 ], [ 92.551281489323259, 22.513296356222234 ], [ 92.52167127424795, 22.559884306311744 ], [ 92.539374667994167, 22.589148422930268 ], [ 92.528724474578638, 22.665152151246456 ], [ 92.513195900040017, 22.732785209210565 ], [ 92.473844174451173, 22.746208516716937 ], [ 92.449236043839974, 22.895008987119354 ], [ 92.433730775615416, 22.885791059614473 ], [ 92.420265178777953, 22.918345099493131 ], [ 92.401099204482662, 22.911952692040877 ], [ 92.397586221367305, 22.929698804724588 ], [ 92.371778586840037, 22.936171143586822 ], [ 92.392384503150822, 23.056450741019265 ], [ 92.358011857722531, 23.103270177995917 ], [ 92.368199652620106, 23.127264335015905 ], [ 92.346784691251997, 23.2356734238748 ], [ 92.404190442872704, 23.240657245833855 ], [ 92.381164558490042, 23.285102869020939 ], [ 92.385683010346057, 23.306203364213307 ], [ 92.364364108563663, 23.322918332748628 ], [ 92.379057809877821, 23.361827770269926 ], [ 92.356425356350684, 23.372346962645519 ], [ 92.357401038533126, 23.410698266657022 ], [ 92.317133756518942, 23.471654445092753 ], [ 92.31339816431543, 23.556355638395019 ], [ 92.301847762286243, 23.592431871129442 ], [ 92.287259168123228, 23.59603878964775 ], [ 92.296039073378424, 23.621081360332031 ], [ 92.27303032282731, 23.641664696332594 ], [ 92.290942351680528, 23.69083117134053 ], [ 92.263933783480084, 23.751227154265273 ], [ 92.265480595103355, 23.724766648274482 ], [ 92.239169375593775, 23.718427862475348 ], [ 92.222623959381096, 23.6528258555254 ], [ 92.206603582595406, 23.661004237416648 ], [ 92.207030151106835, 23.700615207984313 ], [ 92.177707009695894, 23.707560445756783 ], [ 92.169733931883144, 23.739681588207826 ], [ 92.144487982326552, 23.733395275741476 ], [ 92.099694104562161, 23.676708598854148 ], [ 92.083029437320178, 23.680053329443076 ], [ 92.079180968123055, 23.648452416149581 ], [ 92.063335612940534, 23.645015388671926 ], [ 92.00040811716282, 23.67069681453421 ], [ 91.978268353209216, 23.733083529495609 ], [ 91.950668044119283, 23.726233832664992 ], [ 91.957894261329912, 23.694406447985582 ], [ 91.93401838389461, 23.684555154491143 ], [ 91.970385296848477, 23.478282859628287 ], [ 91.936662223679349, 23.466602378356839 ], [ 91.942608054224593, 23.434976537896567 ], [ 91.899711328523296, 23.440600248171222 ], [ 91.844989449821327, 23.404685385264056 ], [ 91.825142087166071, 23.352343250721241 ], [ 91.76240934633833, 23.302936027813484 ], [ 91.8100907535338, 23.165072894020067 ], [ 91.813455719137394, 23.099200671248425 ], [ 91.835800373311884, 23.09298550442162 ], [ 91.806027570601984, 23.063028389266954 ], [ 91.774517408184963, 23.06961598570285 ], [ 91.780608159304109, 23.029092472261336 ], [ 91.76854227643723, 23.040934728329265 ], [ 91.720624702023429, 22.987423858792734 ], [ 91.645459481388869, 22.985021559105 ], [ 91.6179470630167, 22.938528519817659 ], [ 91.600166160915677, 22.954695597922463 ], [ 91.613796386298276, 22.958371455527463 ], [ 91.606104506967085, 22.97190863091701 ], [ 91.576762542956004, 22.965218997316267 ], [ 91.542486514446679, 22.999457074745962 ], [ 91.550356509217821, 23.038408582281921 ], [ 91.530489669493903, 23.038308418736911 ], [ 91.529832074305787, 23.0916619790599 ], [ 91.503145755912058, 23.130490965748649 ], [ 91.515318051215317, 23.144988361184282 ], [ 91.490881792245361, 23.157603634117393 ], [ 91.491741230070787, 23.17755964137158 ], [ 91.507540481264996, 23.183684344405677 ], [ 91.470756684404293, 23.196419760243199 ], [ 91.484430815350237, 23.20918086065932 ], [ 91.450613321495482, 23.219413373591159 ], [ 91.470272857350807, 23.22763056911937 ], [ 91.44523565056852, 23.247074355694028 ], [ 91.454210400973651, 23.260370828443197 ], [ 91.418312988051753, 23.255387848083959 ], [ 91.408938635139577, 23.285193558194617 ], [ 91.411324415911864, 23.255664476446039 ], [ 91.397561153233966, 23.265124652071634 ], [ 91.408744825098125, 23.247616221363749 ], [ 91.392553253149515, 23.245892544309768 ], [ 91.400911222355717, 23.229114399267456 ], [ 91.386470969208844, 23.227555606873253 ], [ 91.379896315205485, 23.184512912276535 ], [ 91.417371092685897, 23.064757107857318 ], [ 91.395855045561277, 23.056040609019309 ], [ 91.346958559781868, 23.102302613628904 ], [ 91.323334565856456, 23.158013804439761 ], [ 91.326606823259027, 23.252286584606605 ], [ 91.300223728178807, 23.292452088697281 ], [ 91.313164921316641, 23.306303184978507 ], [ 91.289852827139555, 23.318524493533197 ], [ 91.320085968117425, 23.360088305248297 ], [ 91.291070614246081, 23.350657051267639 ], [ 91.294329484616412, 23.374678299200284 ], [ 91.279751138749802, 23.376598231391696 ], [ 91.249342416419509, 23.490170955008622 ], [ 91.200763621808107, 23.520023543702411 ], [ 91.212945673472774, 23.550414121976583 ], [ 91.194450765393569, 23.547177647803306 ], [ 91.177129962785301, 23.593198348876019 ], [ 91.162498681571947, 23.595043785691374 ], [ 91.156303814041266, 23.670717389300762 ], [ 91.199421695194275, 23.646578890216496 ], [ 91.208528570773211, 23.686401214073577 ], [ 91.154242715448916, 23.688392931901895 ], [ 91.157077026620456, 23.742018341709315 ], [ 91.196628559698368, 23.751093172285756 ], [ 91.219028253610702, 23.736426459350014 ], [ 91.226636743500976, 23.791563868959692 ], [ 91.254087851749148, 23.837185671005127 ], [ 91.229615582632846, 23.880594421488471 ], [ 91.246184462932405, 23.913080148577514 ], [ 91.233018993820764, 23.926957193311431 ], [ 91.276213687386061, 23.922524989809737 ], [ 91.264230523338512, 23.944219373340253 ], [ 91.284688203083704, 23.982099853030757 ], [ 91.287679605622841, 23.968006521256669 ], [ 91.299794084879608, 23.972119652378961 ], [ 91.30401107948903, 23.998009924307564 ], [ 91.379526578929656, 23.975326185702755 ], [ 91.373335900600409, 24.002645284236827 ], [ 91.396598465578066, 24.049620144615595 ], [ 91.374610562662468, 24.107770389094981 ], [ 91.47316465995695, 24.101752742566248 ], [ 91.586072956239121, 24.072600981637269 ], [ 91.594540009531869, 24.09653371000406 ], [ 91.637932699315641, 24.102922464222519 ], [ 91.634445946701177, 24.13805495737277 ], [ 91.660128131096783, 24.189535140973263 ], [ 91.647749897074931, 24.218488992980266 ], [ 91.665159267677097, 24.23352930632911 ], [ 91.688280588407565, 24.162085405769343 ], [ 91.759372657454222, 24.141527418640635 ], [ 91.745028478043409, 24.246974819147812 ], [ 91.816355912328376, 24.209938092807516 ], [ 91.84470713016789, 24.225770570911944 ], [ 91.855179326914339, 24.2123862706792 ], [ 91.845439516252142, 24.191381784283223 ], [ 91.87398836136633, 24.174470056226959 ], [ 91.884626570833461, 24.138601729405867 ], [ 91.905752577779595, 24.138600244549039 ], [ 91.94081865665909, 24.268091503469609 ], [ 91.919988763718322, 24.337460944651749 ], [ 91.956801472558411, 24.356634236958541 ], [ 91.995950607586749, 24.322054485336867 ], [ 91.966915130065416, 24.379773782556917 ], [ 91.985787045030193, 24.376890716600652 ], [ 91.996439740062868, 24.393667241112812 ], [ 92.090423481430108, 24.371619845028938 ], [ 92.121901209603337, 24.382242932653575 ], [ 92.136799627589525, 24.424959848700187 ], [ 92.16396163225842, 24.418357648463633 ], [ 92.154964700970865, 24.522969488594068 ], [ 92.170928646085471, 24.530643392625439 ], [ 92.213179803879015, 24.504424456210327 ], [ 92.231140765059379, 24.531205552203673 ], [ 92.254415866840787, 24.678029955247496 ], [ 92.296031852376544, 24.736456202109206 ], [ 92.279160001752174, 24.745297096714353 ], [ 92.288918652057546, 24.784485563501878 ], [ 92.273077945789467, 24.827442777459808 ], [ 92.241461146358091, 24.842022753449623 ], [ 92.248104288311239, 24.885493911512615 ], [ 92.232873168057097, 24.90014609006138 ], [ 92.299425323596992, 24.915720939275218 ], [ 92.400095908891842, 24.848650669954207 ], [ 92.437403906282398, 24.855607362642839 ], [ 92.444800209381484, 24.871979830687412 ], [ 92.48792261912098, 24.871309682245478 ], [ 92.487617401880229, 24.94677149102586 ], [ 92.449265804922064, 24.938764814380473 ], [ 92.468174700836329, 24.963025008916809 ], [ 92.420333510969172, 24.965946163447221 ], [ 92.438257679079953, 25.041699262390903 ], [ 92.42148522483815, 25.027795361131698 ], [ 92.34148165486198, 25.048530388709288 ], [ 92.348553542352008, 25.073491425795215 ], [ 92.310632024976798, 25.069020546852219 ], [ 92.227550386177953, 25.093705302102659 ], [ 92.196168227083092, 25.108031383683731 ], [ 92.219383196871647, 25.117005367441141 ], [ 92.189325394961813, 25.136287459479281 ], [ 92.183928116209458, 25.117921072994342 ], [ 92.159592226594341, 25.126603278407774 ], [ 92.165713212060879, 25.135947099770942 ], [ 92.135836866668953, 25.13873799167887 ], [ 92.132882054214178, 25.160147121992118 ], [ 92.073851060641687, 25.184948240765284 ], [ 92.003761649513649, 25.186163824636854 ], [ 91.971669019394355, 25.167580947272619 ], [ 91.916255103840967, 25.181348284221311 ], [ 91.774607113137762, 25.163129530471405 ], [ 91.756030671850567, 25.17749751472315 ], [ 91.747641140515071, 25.140151415513213 ], [ 91.70378279125849, 25.160016878633925 ], [ 91.691796299363332, 25.13711757406346 ], [ 91.637914235823132, 25.122544536187959 ], [ 91.621508324714739, 25.143406601616682 ], [ 91.602090369048057, 25.142721175061457 ], [ 91.609734502012529, 25.177048439036355 ], [ 91.577058175363589, 25.171962729947008 ], [ 91.557214355097898, 25.149756082841105 ], [ 91.471016422409704, 25.133586962759331 ], [ 91.468631040587894, 25.151794039871472 ], [ 91.28656836023049, 25.185350280445533 ], [ 91.268013418079036, 25.207244053152941 ], [ 91.251630950298619, 25.195168594050095 ], [ 91.069642997708186, 25.198409980302987 ], [ 90.862015431554767, 25.157626853599208 ], [ 90.805908005006359, 25.165942827279437 ], [ 90.780357471519551, 25.186115000242516 ], [ 90.733276458009883, 25.154911423398467 ], [ 90.709980198683269, 25.168121316114586 ], [ 90.698068165874361, 25.156833171078702 ], [ 90.675650775193986, 25.176382886570448 ], [ 90.66600653511216, 25.165803917079838 ], [ 90.663420062393541, 25.197851592915981 ], [ 90.640935077484954, 25.174529427775699 ], [ 90.508639492116643, 25.175354620613415 ], [ 90.441076454320836, 25.144508447656548 ], [ 90.370459082698275, 25.162840263548841 ], [ 90.330238900129302, 25.193815951310736 ], [ 90.118113617027035, 25.223456688065646 ], [ 90.054517803868137, 25.261363753955354 ], [ 89.980761896320118, 25.280852186064568 ], [ 89.966654787935312, 25.303693519489709 ], [ 89.949241192239484, 25.292714005981981 ], [ 89.906997915357394, 25.307733923461797 ], [ 89.876603899563108, 25.285328327526067 ], [ 89.831183023840751, 25.296028891589721 ], [ 89.84139532390067, 25.314789104547646 ], [ 89.821435271605736, 25.355517277567813 ], [ 89.8254345224139, 25.413346600024834 ], [ 89.843009198329298, 25.456463531332815 ], [ 89.871689657412091, 25.477348473640898 ], [ 89.85224885295419, 25.46588150762252 ], [ 89.849310179735753, 25.492797218560735 ], [ 89.8696395030057, 25.510906464149876 ], [ 89.851273393541504, 25.538627925488459 ], [ 89.86603759269164, 25.546190504489587 ], [ 89.881791105926268, 25.625857891322763 ], [ 89.850533303959708, 25.71295758927867 ], [ 89.828366367095541, 25.728250403151566 ], [ 89.840328969987056, 25.766729167454812 ], [ 89.816544701836008, 25.814302097264559 ], [ 89.835281598732536, 25.84073439774577 ], [ 89.832572646296882, 25.870605518756644 ], [ 89.887076995021246, 25.945201554176133 ], [ 89.825387320000857, 25.94550448173753 ], [ 89.849336344742611, 25.94910933652594 ], [ 89.838558749507285, 25.967851180524608 ], [ 89.871032200078346, 25.980702049418294 ], [ 89.83584123475849, 26.012596727895037 ], [ 89.835941462073436, 25.982424195344361 ], [ 89.820272083568341, 25.987641279258831 ], [ 89.807416999978514, 26.044002781493244 ], [ 89.791591090335842, 26.018153521345592 ], [ 89.801833459740891, 26.040253235104764 ], [ 89.773654023971972, 26.037637090858514 ], [ 89.79880980437558, 26.059579363187257 ], [ 89.794851369069661, 26.087512545739493 ], [ 89.781323917041988, 26.083442406995598 ], [ 89.78316109491027, 26.105983940108896 ], [ 89.756169903662183, 26.109362723310706 ], [ 89.766570675610822, 26.130477196086478 ], [ 89.747659043759526, 26.157371048721576 ], [ 89.720487555925672, 26.156296251821168 ], [ 89.724163193133975, 26.170328731878772 ], [ 89.712806471823313, 26.168072799408275 ], [ 89.701378069895824, 26.151754834607075 ], [ 89.6813188082062, 26.163586193775089 ], [ 89.702059972835158, 26.173976648375021 ], [ 89.673471779113271, 26.201428100089519 ], [ 89.691504208431056, 26.211671108520051 ], [ 89.678714031671817, 26.238207047649976 ], [ 89.67190315296881, 26.21984671581205 ], [ 89.634439966648188, 26.229410090594769 ], [ 89.649996139640066, 26.190205658943416 ], [ 89.630181780061079, 26.195762136673292 ], [ 89.627813063061382, 26.183909091451088 ], [ 89.658661040054028, 26.176226940595733 ], [ 89.646096244655411, 26.164436323354646 ], [ 89.632492711157525, 26.18077515792405 ], [ 89.607455792701202, 26.17914127402506 ], [ 89.619759927986692, 26.167758722932916 ], [ 89.591398046238993, 26.157613121784987 ], [ 89.604239691787015, 26.1174542127977 ], [ 89.625346020793501, 26.128596623897764 ], [ 89.630357525340884, 26.118272463915694 ], [ 89.59388269266671, 26.102161313335138 ], [ 89.608622367142431, 26.088393079154006 ], [ 89.629958764071077, 26.107043466418734 ], [ 89.649900955154195, 26.062484142086941 ], [ 89.620511044875343, 26.053277315466197 ], [ 89.605399135191874, 26.063753460500592 ], [ 89.612826184276997, 26.052643894062793 ], [ 89.578722232058297, 26.026261729483227 ], [ 89.577865476833892, 25.969276672302655 ], [ 89.538252881271163, 25.973185278589522 ], [ 89.540895993015752, 26.005901428040232 ], [ 89.480352458219045, 25.996067727369876 ], [ 89.428738887826213, 26.012265251735865 ], [ 89.423843386538024, 26.046920117678994 ], [ 89.390857059999277, 26.022921228967935 ], [ 89.392792914403799, 26.007190603615356 ], [ 89.349062100772429, 26.010350728349884 ], [ 89.300437202027595, 26.050432232196709 ], [ 89.275756014850359, 26.049080174523109 ], [ 89.281054584317673, 26.065615448694928 ], [ 89.254407362657489, 26.064120771369225 ], [ 89.266798808612108, 26.092637288903116 ], [ 89.251622753765247, 26.091350361606001 ], [ 89.229437344396473, 26.123853613861016 ], [ 89.155380560027879, 26.138610820104038 ], [ 89.15728018381327, 26.163196336447061 ], [ 89.134611880594221, 26.181170913206742 ], [ 89.149405701053013, 26.209050133367811 ], [ 89.140942497336923, 26.235840787130428 ], [ 89.100104700340495, 26.27946765567528 ], [ 89.104711177994375, 26.315799787515342 ], [ 89.122126695508754, 26.287146159878191 ], [ 89.13630774534974, 26.32010687436896 ], [ 89.083486680685084, 26.322360092678096 ], [ 89.101343203649037, 26.336533849776075 ], [ 89.098315938763122, 26.3589297038471 ], [ 89.079707872964249, 26.362822328514607 ], [ 89.096250620575859, 26.391154896279932 ], [ 89.033560360625984, 26.395442378103954 ], [ 89.005484556771506, 26.421567287582011 ], [ 88.994039629712418, 26.412818628954835 ], [ 88.983266002880924, 26.446509254575922 ], [ 88.955841565201212, 26.460208138909003 ], [ 88.965355585636232, 26.451490060734958 ], [ 88.946168860796561, 26.44793846091325 ], [ 88.944766656743326, 26.425591665910268 ], [ 88.926192771520732, 26.432050523796995 ], [ 88.926559739353792, 26.406788242356527 ], [ 88.904788914397813, 26.408458957538457 ], [ 88.918224102953886, 26.400377370831279 ], [ 88.919733211689135, 26.359314196917392 ], [ 88.958429520897241, 26.361681017442887 ], [ 88.946293733261882, 26.345826586137928 ], [ 88.956025182885185, 26.329987839850123 ], [ 88.961410612913127, 26.352295647383023 ], [ 88.987218895642542, 26.348320907725384 ], [ 88.98554621851477, 26.332763798892223 ], [ 89.00096802664703, 26.329747490113665 ], [ 88.982657670986228, 26.3094970834373 ], [ 88.995738260731954, 26.290237795723261 ], [ 89.006851740963555, 26.304390038698536 ], [ 89.018406266207251, 26.28981309608039 ], [ 89.021586141640199, 26.309018997766941 ], [ 89.020083767119843, 26.289094241472021 ], [ 89.045123814554017, 26.275136389054946 ], [ 89.045868733841928, 26.295351054066426 ], [ 89.05946685277938, 26.293434710980161 ], [ 89.05068565549594, 26.241653384033619 ], [ 88.957316845942287, 26.240296477698415 ], [ 88.926280831524579, 26.283778077115652 ], [ 88.898269026982462, 26.288643875846901 ], [ 88.861385123014472, 26.272663264770518 ], [ 88.877864549792349, 26.23337795240338 ], [ 88.841725644002224, 26.230719679638494 ], [ 88.812942110709571, 26.255990222531221 ], [ 88.819110062444182, 26.294494219164701 ], [ 88.793564444121415, 26.309970004210971 ], [ 88.666226663824546, 26.262656828712085 ], [ 88.675130571534211, 26.320072043438746 ], [ 88.746508338901918, 26.322385462562146 ], [ 88.733866675748686, 26.328655275789561 ], [ 88.745870316732635, 26.347066519436908 ], [ 88.733262287269042, 26.353831740710685 ], [ 88.702763878751085, 26.334394469564486 ], [ 88.681012039161033, 26.379407854483762 ], [ 88.702270153992487, 26.388443579877084 ], [ 88.623771439743805, 26.434787711939858 ], [ 88.622890462219232, 26.4710785162262 ], [ 88.594753592325134, 26.470637171794667 ], [ 88.592952155663596, 26.449814083413134 ], [ 88.560929172541094, 26.456462546439749 ], [ 88.556763965852184, 26.484799190414492 ], [ 88.526481652632086, 26.481378853090771 ], [ 88.52139336047874, 26.510507221403838 ], [ 88.489750876693918, 26.510358941598923 ], [ 88.485009661970736, 26.540685318227606 ], [ 88.435969956809387, 26.54502675756147 ], [ 88.409256968960193, 26.634847902808296 ], [ 88.386956870292224, 26.61198441596893 ], [ 88.398417942638631, 26.603512006655137 ], [ 88.376039243089437, 26.594695565075771 ], [ 88.331867675682972, 26.48180632316468 ], [ 88.35482356182456, 26.44702163371792 ], [ 88.371239189311993, 26.488205445000759 ], [ 88.405008472652355, 26.485808768349852 ], [ 88.419759337063724, 26.465746060288087 ], [ 88.485245561656839, 26.460256697000666 ], [ 88.523238079354527, 26.360542719924254 ], [ 88.482362023744116, 26.349702817822383 ], [ 88.457723389406439, 26.376659938329052 ], [ 88.435577564729712, 26.335766697143445 ], [ 88.404350571120858, 26.329834806685554 ], [ 88.414938672164595, 26.314822871182184 ], [ 88.384661217412798, 26.313258650544316 ], [ 88.349668017645683, 26.28224986443351 ], [ 88.350509965281205, 26.220422701547665 ], [ 88.269342002222501, 26.186483729102672 ], [ 88.241826062602229, 26.18908333819995 ], [ 88.177276179376889, 26.148056594997627 ], [ 88.158379670104509, 26.079826432206904 ], [ 88.183345499673507, 26.072885595214302 ], [ 88.169536728511886, 26.045199473236774 ], [ 88.183207676346669, 26.026777040877413 ], [ 88.139712662064625, 26.012916974940257 ], [ 88.115178457708524, 25.96277613037816 ], [ 88.122374490684408, 25.948372613107278 ], [ 88.086278810982478, 25.917472904311513 ], [ 88.103016794474399, 25.889249679993608 ], [ 88.094172371838482, 25.873366049444229 ], [ 88.113870338739787, 25.854502527535654 ], [ 88.10116606551469, 25.828975560301121 ], [ 88.120113641776854, 25.812435023806536 ], [ 88.114476787654226, 25.797940844955235 ], [ 88.1442589398373, 25.793637747083498 ], [ 88.151494738974819, 25.775550922321553 ], [ 88.183773106172907, 25.80169017654821 ], [ 88.209509598222425, 25.786808749021187 ], [ 88.236267019102726, 25.80944018159822 ], [ 88.26955367342029, 25.80817673072535 ], [ 88.266506629944288, 25.78244874214759 ], [ 88.320949961651209, 25.737472172606275 ], [ 88.37425189415633, 25.717066194759372 ], [ 88.371491683547589, 25.696539013756105 ], [ 88.405183398132507, 25.684220000775969 ], [ 88.40168556558173, 25.672561589477759 ], [ 88.453815394452178, 25.66493750781412 ], [ 88.444351875720287, 25.596922396631211 ], [ 88.499915422220468, 25.583949292253333 ], [ 88.493505219332476, 25.558847088514451 ], [ 88.523492000628067, 25.535160623042703 ], [ 88.533092251147522, 25.542099173564321 ], [ 88.539952812938452, 25.508296083717731 ], [ 88.552356230165358, 25.52078686680257 ], [ 88.595506726475065, 25.50587588149309 ], [ 88.609086896517169, 25.516302177274529 ], [ 88.622476561896079, 25.496955332552318 ], [ 88.648364003958335, 25.496398922748401 ], [ 88.647051726885863, 25.477819317229621 ], [ 88.699495364562949, 25.471194147296227 ], [ 88.707516590264859, 25.499867447451518 ], [ 88.742149754977959, 25.504994634007044 ], [ 88.745030987658922, 25.487853282893067 ], [ 88.768845725845949, 25.498540638113596 ], [ 88.75869005551894, 25.525244491382551 ], [ 88.810526708793446, 25.52314159164224 ], [ 88.813663887448243, 25.487976002425636 ], [ 88.829656984160934, 25.49025474083842 ], [ 88.839331216903332, 25.458338518619843 ], [ 88.830001284004112, 25.416944580952698 ], [ 88.812295034869649, 25.410543570279138 ], [ 88.840855945179896, 25.397634092538809 ], [ 88.840184875357295, 25.363760364439486 ], [ 88.885122536553112, 25.32561572000693 ], [ 88.906294704205294, 25.337689830405932 ], [ 88.929461441934308, 25.304083301009936 ], [ 89.00944194934884, 25.299034357114962 ], [ 89.007629418308667, 25.263616556590446 ], [ 88.986821245476122, 25.274450838773507 ], [ 88.954940919594108, 25.253333589440221 ], [ 88.961771246450823, 25.20907053546226 ], [ 88.936437001808557, 25.210522455458651 ], [ 88.948819338762263, 25.176579016390622 ], [ 88.932586858093401, 25.18088296396656 ], [ 88.923075630289077, 25.164908858545566 ], [ 88.91098289604885, 25.180305543617468 ], [ 88.875264461892755, 25.179344147778373 ], [ 88.874953569276954, 25.196223699357784 ], [ 88.864380248941515, 25.189992384205979 ], [ 88.84376288636966, 25.213807084811684 ], [ 88.805860404221932, 25.170450625421733 ], [ 88.769401152968925, 25.189845138379376 ], [ 88.749096171435752, 25.176852356999497 ], [ 88.711481490204008, 25.207659745431286 ], [ 88.612722055097791, 25.204171398292143 ], [ 88.565579231421992, 25.175088119259211 ], [ 88.557614438467724, 25.192610973123102 ], [ 88.533977460126621, 25.187520212113025 ], [ 88.537777689052078, 25.197817623340502 ], [ 88.499145051050078, 25.21038594081595 ], [ 88.44368775251121, 25.197296900773861 ], [ 88.461403560080129, 25.149385582438001 ], [ 88.441419533807519, 25.127508092038049 ], [ 88.452869755914733, 25.079304933265902 ], [ 88.434965544476654, 25.055962234752041 ], [ 88.452658366378017, 25.036871081511084 ], [ 88.436539493851711, 25.006453814146369 ], [ 88.425569222574154, 25.016434315767341 ], [ 88.412092992927043, 24.99881118438757 ], [ 88.417427552190603, 24.974833056158715 ], [ 88.395247472280062, 24.96907878635497 ], [ 88.3988380357371, 24.945320221814967 ], [ 88.364040256766899, 24.953286185267295 ], [ 88.340904397785849, 24.940631463715317 ], [ 88.324279373888402, 24.91682311092751 ], [ 88.347007620637029, 24.892433361243985 ], [ 88.330619022426134, 24.870139789897184 ], [ 88.321058885791203, 24.883468501072823 ], [ 88.301917558489492, 24.871890574685114 ], [ 88.276083816230795, 24.897795375496134 ], [ 88.258266253461102, 24.877550192681934 ], [ 88.260518688467272, 24.919181997653265 ], [ 88.226112744144388, 24.959706128730648 ], [ 88.138044351615534, 24.936160964017635 ], [ 88.175019136244359, 24.860151239214886 ], [ 88.131912376826051, 24.836012374372746 ], [ 88.136284076914805, 24.805275112094588 ], [ 88.123544984949532, 24.823109429829326 ], [ 88.106097990492529, 24.779567254378506 ], [ 88.068306919948014, 24.76915016021853 ], [ 88.062845569730726, 24.721596493538822 ], [ 88.008756399838276, 24.667834286765245 ], [ 88.140755349475214, 24.511240479136291 ], [ 88.198401391164268, 24.462495466430525 ], [ 88.271923153238617, 24.440580501002454 ], [ 88.333984227882226, 24.381392597488791 ], [ 88.446432424271151, 24.378580596115775 ], [ 88.52711916944402, 24.34437871713973 ], [ 88.555134886873205, 24.293341349233092 ], [ 88.567688189999032, 24.326653648755009 ], [ 88.628488386066181, 24.305093365987862 ], [ 88.696587579234247, 24.315353359687478 ], [ 88.735439094106255, 24.276495497162873 ], [ 88.731408035172379, 24.173387262014263 ], [ 88.746490695410074, 24.147064666829813 ], [ 88.693190251530524, 24.111152898947257 ], [ 88.741631310731066, 24.057122441534357 ], [ 88.724754355948917, 24.041612038058993 ], [ 88.757490648483653, 24.03209504369536 ], [ 88.729045508642344, 23.996113571521281 ], [ 88.760194911234919, 24.006058245915348 ], [ 88.768945502412294, 23.982197339156738 ], [ 88.738239148949035, 23.982986089559148 ], [ 88.733403509574018, 23.910975073569858 ], [ 88.706397057985583, 23.916272815659571 ], [ 88.704338634550766, 23.899174941088212 ], [ 88.664282817609759, 23.882422347107624 ], [ 88.667585909758174, 23.869445008622044 ], [ 88.626411707809623, 23.864941647098593 ], [ 88.616439049190674, 23.876512051946087 ], [ 88.608048291063454, 23.862349266142814 ], [ 88.575640578128954, 23.861551709847433 ], [ 88.602129072492346, 23.817215884661103 ], [ 88.585147141065505, 23.81364550468621 ], [ 88.596202073818617, 23.804888868282124 ], [ 88.578126792459642, 23.786576075208519 ], [ 88.556035310779251, 23.784211356371937 ], [ 88.580814864623292, 23.760535596744528 ], [ 88.564506313569083, 23.711329105604662 ], [ 88.573820595210819, 23.666940880990069 ], [ 88.558208038042167, 23.649154337192343 ], [ 88.562170252315056, 23.63708826573659 ], [ 88.593764914028867, 23.640810242496844 ], [ 88.580073923922356, 23.602966930871965 ], [ 88.645531591303083, 23.609283935533963 ], [ 88.654253207877986, 23.556153441268002 ], [ 88.695753311403863, 23.517311432391587 ], [ 88.725134782671219, 23.511832882731191 ], [ 88.741421486803802, 23.479679840620211 ], [ 88.760905674369113, 23.478385646265242 ], [ 88.760678902734071, 23.489919321843605 ], [ 88.774887493292439, 23.479814347074754 ], [ 88.768247316384361, 23.490126273788597 ], [ 88.785951531642752, 23.507240089089077 ], [ 88.80078695718214, 23.497124098981974 ], [ 88.787312231655434, 23.469082202973215 ], [ 88.79531628995899, 23.443023479879713 ], [ 88.764314440481556, 23.448205645584505 ], [ 88.749261527254774, 23.400553926156867 ], [ 88.765434505736877, 23.367883893870353 ], [ 88.73203204988846, 23.351986590336072 ], [ 88.745298472858437, 23.307820192497996 ], [ 88.730416993930419, 23.319582536779901 ], [ 88.725408832924444, 23.298691773036744 ], [ 88.710345111269007, 23.312854075534378 ], [ 88.696361272596519, 23.302290322015875 ], [ 88.724409870110279, 23.271621282912154 ], [ 88.718894213426694, 23.254798165532758 ], [ 88.76953760978823, 23.244844199943145 ], [ 88.789801003283003, 23.218340436746157 ], [ 88.811438973394289, 23.221547792788332 ], [ 88.811462377672811, 23.256087757481392 ], [ 88.823821573412317, 23.233414412312072 ], [ 88.906851037676958, 23.235964971584838 ], [ 88.914586912029208, 23.213470419031751 ], [ 88.942629700461026, 23.20611381412882 ], [ 88.978731422444568, 23.21448296057542 ], [ 88.975931031788733, 23.224432668926816 ], [ 88.995724678391582, 23.214700209843006 ], [ 88.979669908325207, 23.212857965550143 ], [ 88.980384697244389, 23.182547307022315 ], [ 88.962307525475907, 23.193144687858712 ], [ 88.939094051113656, 23.176803858705217 ], [ 88.917897000298709, 23.129080183584289 ], [ 88.868446310597037, 23.10106772230057 ], [ 88.861007118510571, 23.077305348619142 ], [ 88.884117214369155, 23.04043268614527 ], [ 88.879754632090922, 23.006325593032372 ], [ 88.845086288768329, 23.009858276750283 ], [ 88.870967466978641, 22.97863305022145 ], [ 88.857048878311659, 22.968883475557565 ], [ 88.859444841548424, 22.943189540030115 ], [ 88.894264375180427, 22.951998936298857 ], [ 88.886890579247122, 22.933208746745049 ], [ 88.908135875498033, 22.919780356337668 ], [ 88.895678879532142, 22.913073872895598 ], [ 88.909429701835336, 22.879856067789099 ], [ 88.945374818786817, 22.880674606574566 ], [ 88.968462569541671, 22.845043218909964 ], [ 88.957886522519544, 22.795864767616003 ], [ 88.938086855438257, 22.792969592518102 ], [ 88.911004871834479, 22.757730531100602 ], [ 88.927904198924722, 22.718071095310489 ], [ 88.962366413198126, 22.694972385217579 ], [ 88.927113650249055, 22.649647184267629 ], [ 88.934945827305569, 22.621196984691011 ], [ 88.960081400848992, 22.616633178032959 ], [ 88.938938909371771, 22.592205310758693 ], [ 88.940697393605006, 22.56134834170879 ], [ 88.961864626271506, 22.548733384624672 ], [ 88.996123644219182, 22.468952402863881 ], [ 89.000070158530704, 22.429839515174116 ], [ 88.971906809067221, 22.409885842993937 ], [ 88.994251385899531, 22.388733199569661 ], [ 88.984479688573188, 22.326697168104729 ], [ 89.024302039936131, 22.298428923747686 ], [ 88.995097313208831, 22.286264582862209 ], [ 89.020466091030926, 22.268503364816887 ], [ 89.013880900310284, 22.253963190262393 ], [ 89.034199713243552, 22.258258320867569 ], [ 89.038894391561044, 22.230694402710096 ], [ 89.071613852146427, 22.19688791313434 ], [ 89.071069158129376, 22.147275576463791 ], [ 89.098708045683594, 22.151866715841145 ], [ 89.037856699350414, 22.094214050219815 ], [ 89.076863197635205, 22.008409742019243 ], [ 89.067986746965317, 21.931647104271054 ], [ 89.02830641840599, 21.928691051256703 ], [ 88.997393478818807, 21.950249475186194 ], [ 89.014098058157998, 21.976722651219074 ], [ 89.00122623370568, 21.986403634178888 ], [ 89.029060078672259, 22.001733649704452 ], [ 89.00032264500301, 21.987667921783746 ], [ 88.989378999918344, 21.974264994018036 ], [ 88.968690701682362, 21.996193823320414 ], [ 88.987714994351492, 21.971644727792366 ], [ 89.009753339447258, 21.979504154790206 ], [ 88.988309286002277, 21.951586365487938 ], [ 89.01832622682555, 21.923544553618171 ], [ 89.012501208875719, 21.903270264381909 ], [ 88.945475238747932, 21.929298607080909 ], [ 88.924855255248644, 21.963646557463498 ], [ 88.944253936775496, 21.987097860794535 ], [ 88.938172957659432, 22.01185962151855 ], [ 88.917806020290996, 21.980930740097637 ], [ 88.915106482711622, 22.008462811271592 ], [ 88.90246834588639, 22.003853085743327 ], [ 88.904361508896372, 21.927890704926334 ], [ 88.858240898290219, 21.92036380841315 ], [ 88.816138909198742, 21.941770974938336 ], [ 88.799874504159789, 21.926754524453802 ], [ 88.839800968150215, 21.886360104307549 ], [ 88.820066556526783, 21.837758407825849 ], [ 88.830832571949401, 21.808069530572514 ], [ 88.8214762359177, 21.781442505651157 ], [ 88.86469530046277, 21.761442543270739 ], [ 88.841164527700073, 21.716880046749282 ], [ 88.861548697543412, 21.640940769357513 ], [ 88.845587953746858, 21.619102688782561 ], [ 88.804494775804869, 21.637163417687635 ], [ 88.822442689232943, 21.66702486059911 ], [ 88.814594495375772, 21.710727851911901 ], [ 88.762708870765834, 21.701971877150928 ], [ 88.793834489734735, 21.737005474083755 ], [ 88.790491581096902, 21.750034474088107 ], [ 88.789897896215379, 21.737872494440914 ], [ 88.75586936010572, 21.73531581437663 ], [ 88.767208532914211, 21.763307961384225 ], [ 88.750132785246237, 21.770489607597167 ], [ 88.765679710965387, 21.786360686563764 ], [ 88.781147075174786, 21.825167384828909 ], [ 88.745526237986326, 21.773242414230371 ], [ 88.759766315421317, 21.761796474820649 ], [ 88.752352093283704, 21.733299077717128 ], [ 88.777573273621925, 21.721283497898096 ], [ 88.756548550415317, 21.702972698906652 ], [ 88.768703287036629, 21.693687862720076 ], [ 88.809932606303207, 21.704483913032345 ], [ 88.807942328186854, 21.662676942301484 ], [ 88.744790426421403, 21.660831901766976 ], [ 88.71140803223949, 21.689581086706067 ], [ 88.693759745361035, 21.74530785675945 ], [ 88.711276594901364, 21.786982386395849 ], [ 88.696043211235391, 21.84258665291641 ], [ 88.725494294665197, 21.979543107137779 ], [ 88.751464655358461, 22.006230923507871 ], [ 88.710199161943919, 21.995954095115533 ], [ 88.689647210982287, 21.971632785554263 ], [ 88.695582336192047, 21.951338672008809 ], [ 88.678620162883519, 21.943094888572318 ], [ 88.630717532737435, 21.954360312073145 ], [ 88.631876192682299, 21.988284388569031 ], [ 88.616933807387241, 21.993405116689559 ], [ 88.631698060718151, 22.01168508914817 ], [ 88.608965523911337, 22.003859787025043 ], [ 88.60243191991789, 21.997246982254925 ], [ 88.599406709526818, 21.99183237382406 ], [ 88.5950352118777, 21.988720413556717 ], [ 88.571243281766002, 22.00043953715517 ], [ 88.584136335774701, 21.989711353772691 ], [ 88.574098952362718, 21.977895889288291 ], [ 88.573892128802115, 21.961089078660223 ], [ 88.553984006943494, 21.976362006706218 ], [ 88.5348951430624, 21.968727764296553 ], [ 88.548834362165209, 21.920272218645991 ], [ 88.568745279926759, 21.904083109892611 ], [ 88.541031261384575, 21.907421586577694 ], [ 88.538764650433521, 21.863235623589894 ], [ 88.518627148875467, 21.875605402913589 ], [ 88.536727655107242, 21.85622176787842 ], [ 88.4964304590534, 21.877135184960391 ], [ 88.511132780286474, 21.927561987706646 ], [ 88.47955507108712, 21.906660535652794 ], [ 88.474376627565164, 21.893664211934649 ], [ 88.449589612595275, 21.90566485963932 ], [ 88.418048909649968, 21.902605217248901 ], [ 88.450663535575671, 21.904919330467525 ], [ 88.483035288756994, 21.872032754754457 ], [ 88.487863014906921, 21.84037535166199 ], [ 88.447366526100822, 21.812988023056203 ], [ 88.459874189246321, 21.792061347879692 ], [ 88.417423563341345, 21.813156135800572 ], [ 88.379365507290132, 21.787616378556834 ], [ 88.374632476746399, 21.768131444775786 ], [ 88.342805303192833, 21.761327415531134 ], [ 88.3442983169424, 21.721035902922683 ], [ 88.327254990599329, 21.726485156422694 ], [ 88.320801818115228, 21.708737971959035 ], [ 88.306145953881995, 21.717677991385006 ], [ 88.309482581752462, 21.733854402252028 ], [ 88.299964765255211, 21.781409729103835 ], [ 88.282973863862949, 21.789456428796136 ], [ 88.274843448325456, 21.727397407573982 ], [ 88.303777959650219, 21.66986047343643 ], [ 88.284415809441654, 21.600706413638534 ], [ 88.310301383021923, 21.581635239776062 ], [ 88.276478766996348, 21.556677904961585 ], [ 88.248423379435579, 21.561738949517235 ], [ 88.23627873556606, 21.604988563671206 ], [ 88.218462464720631, 21.615931918326748 ], [ 88.237491817439135, 21.644319512436461 ], [ 88.22977923059824, 21.673170709455803 ], [ 88.199753999742882, 21.682696684621444 ], [ 88.220430342666475, 21.701882410449187 ], [ 88.215292198672557, 21.778031249276825 ], [ 88.197246525832924, 21.841023583691491 ], [ 88.163444037536237, 21.883670716998147 ], [ 88.171053865603895, 21.928562414034435 ], [ 88.149754291587669, 21.956883756305736 ], [ 88.198064939552737, 22.007865307419706 ], [ 88.223156896899155, 22.070685349732894 ], [ 88.210433035096997, 22.148945010151881 ], [ 88.188012561891497, 22.188031347266691 ], [ 88.072779911593273, 22.209477612727188 ], [ 88.087677325242908, 22.242421546793476 ], [ 88.084605979070915, 22.256342071567961 ], [ 88.060571294304069, 22.205770531892739 ], [ 87.986490301051873, 22.238258943790353 ], [ 87.955931894994293, 22.269732295352568 ], [ 87.947643130472699, 22.254754183229199 ], [ 87.983886000715898, 22.21406983405187 ], [ 87.975225177162159, 22.233399196653384 ], [ 88.006748921798135, 22.202628672687286 ], [ 88.034776804318938, 22.208932336493568 ], [ 88.073704743249195, 22.187131218344796 ], [ 88.136681252017382, 22.184195455383829 ], [ 88.190108838753289, 22.116266961173711 ], [ 88.153656615087755, 22.063590696662761 ], [ 88.055692878258128, 22.020181446066481 ], [ 87.968083931416359, 21.854770635208737 ], [ 87.88326654918292, 21.793349834742031 ], [ 87.805074049294632, 21.703417983586835 ], [ 87.749067487991539, 21.700805870740865 ], [ 87.737105663959738, 21.678197510706934 ], [ 87.651408740252208, 21.648505652367529 ], [ 87.643933176409547, 21.66310577233304 ], [ 87.631952374415107, 21.647802931536933 ], [ 87.553557733375541, 21.638046510366053 ], [ 87.410746632220864, 21.585938246837099 ], [ 87.369869536521136, 21.553401372724185 ], [ 87.249996937552226, 21.556783563801357 ], [ 87.118501886239386, 21.517097099911396 ], [ 86.979279739911135, 21.409763265333794 ], [ 86.892511894929754, 21.31844471114637 ], [ 86.831512781274455, 21.214973959230601 ], [ 86.856286552024528, 21.205603746768134 ], [ 86.841535703447434, 21.175081371657562 ], [ 86.85075983962291, 21.08738799062019 ], [ 86.980877450401877, 20.857047191603577 ], [ 86.967411381880112, 20.791393865880018 ], [ 86.944163497174358, 20.766477947357874 ], [ 86.992482253067166, 20.770227986187667 ], [ 87.00003841082642, 20.697836803989976 ], [ 87.058248066237326, 20.716757008945976 ], [ 86.75941065509123, 20.50038144377762 ], [ 86.733357134781684, 20.461589462226399 ], [ 86.724380891646902, 20.393845313764075 ], [ 86.73924321799727, 20.400813672633383 ], [ 86.746448395537925, 20.378607577180237 ], [ 86.776572654704381, 20.405053709175895 ], [ 86.780910747691067, 20.378619190321174 ], [ 86.797266808649098, 20.375756304485733 ], [ 86.7889380597274, 20.374621777296507 ], [ 86.781854186023835, 20.365863347815832 ], [ 86.778792102288222, 20.356615574554063 ], [ 86.798055650452255, 20.363973115153819 ], [ 86.77506807071974, 20.331261968063593 ], [ 86.679838266970407, 20.264218050163635 ], [ 86.669251880415374, 20.275719674012617 ], [ 86.680186862854839, 20.259944510744567 ], [ 86.523825564483587, 20.173447218978303 ], [ 86.433964533639411, 20.052140721929568 ], [ 86.414024152929144, 19.997315796266808 ], [ 86.377997443584846, 19.966833492533812 ], [ 86.4116045915939, 19.97575160405135 ], [ 86.389437416183469, 19.955277182702417 ], [ 86.309619544347896, 19.94127226211085 ], [ 86.14373698626288, 19.873507607868031 ], [ 85.781030807858528, 19.780938190743445 ], [ 85.381005778166298, 19.603399503489467 ], [ 85.165343809031484, 19.46156984344254 ], [ 85.079317044379067, 19.374347511497749 ], [ 84.930209807323706, 19.276206557488742 ], [ 84.817804640928202, 19.165598592000357 ], [ 84.766265503224744, 19.078143625158411 ], [ 84.702795510647817, 19.117862121645619 ], [ 84.761463755848382, 19.079122967645915 ], [ 84.686947715819855, 18.970865394103356 ], [ 84.587104192614348, 18.867439241790564 ], [ 84.557838284445367, 18.817752010799513 ], [ 84.551497655385219, 18.790488748693033 ], [ 84.469662893799594, 18.714427790195309 ], [ 84.439851353681462, 18.659496533855926 ], [ 84.366693389597899, 18.590880325424635 ], [ 84.354728528325083, 18.554914448999529 ], [ 84.150652383761837, 18.377267928759572 ], [ 84.126895146672396, 18.343853075387781 ], [ 84.126859351659121, 18.313365502982027 ], [ 83.860388974287076, 18.174283804187858 ], [ 83.809930848552085, 18.156032297531475 ], [ 83.794974731662492, 18.168398613423332 ], [ 83.805263811088494, 18.154038769933923 ], [ 83.569374206456743, 18.011799412019158 ], [ 83.541852689196176, 17.961176560686265 ], [ 83.46933536239797, 17.91117112614511 ], [ 83.407071646586431, 17.840937999376965 ], [ 83.410869589809082, 17.809358187556491 ], [ 83.354144681051906, 17.755719130789771 ], [ 83.345944532336731, 17.726050323519935 ], [ 83.296926116465727, 17.69371362508576 ], [ 83.294297329312101, 17.674469479258732 ], [ 83.241874687187604, 17.634572501833542 ], [ 83.2123176904622, 17.59073958204096 ], [ 83.031230442602293, 17.513320963233529 ], [ 82.992068530427161, 17.472548040383526 ], [ 82.596258816648273, 17.282790731732824 ], [ 82.471728525745732, 17.198574404587635 ], [ 82.319308649555381, 17.057848913298109 ], [ 82.288220610250775, 17.015989722451081 ], [ 82.26493057402547, 16.93890640718859 ], [ 82.277882956295073, 16.950695705148988 ], [ 82.241444282796223, 16.908036595563804 ], [ 82.248266814767732, 16.876465118051698 ], [ 82.259821798376677, 16.884451017252079 ], [ 82.314228840840471, 16.845879806950006 ], [ 82.361571128660827, 16.854447139514452 ], [ 82.3577148381043, 16.950026764252474 ], [ 82.326260764070994, 16.98833498583291 ], [ 82.355645715904956, 16.967794319268787 ], [ 82.366364978158416, 16.911358526730488 ], [ 82.365273783091823, 16.875990518916854 ], [ 82.341796087798883, 16.72843617098701 ], [ 82.333344960842084, 16.716730547690702 ], [ 82.344928354301317, 16.704552981445609 ], [ 82.327688392534583, 16.684920741979116 ], [ 82.353995441843807, 16.705631762503526 ], [ 82.346449336195334, 16.715637895977409 ], [ 82.365338093275525, 16.706654000804484 ], [ 82.317288102077882, 16.662266365722942 ], [ 82.32905279571041, 16.614475186447009 ], [ 82.31887429817769, 16.576826302232323 ], [ 82.312822792729406, 16.668011947006526 ], [ 82.312141746109731, 16.627075349825482 ], [ 82.307502947610516, 16.639927249598959 ], [ 82.28425914353123, 16.626027164593566 ], [ 82.298824410126031, 16.586435836659994 ], [ 82.263084562804238, 16.563019343971813 ], [ 82.297175288897108, 16.567567980801432 ], [ 82.28999304640169, 16.55486595074084 ], [ 82.29964089238122, 16.55819435090913 ], [ 82.299154540058154, 16.572236628455027 ], [ 82.300870198735566, 16.562390008537161 ], [ 82.310668384000635, 16.567738223600909 ], [ 82.313436463482063, 16.564820107514802 ], [ 82.313671294129051, 16.55873520333229 ], [ 82.312852143259562, 16.563486474286329 ], [ 82.29948432678394, 16.555938897997201 ], [ 82.234911560238899, 16.546011452875376 ], [ 81.957731889724897, 16.392374455728024 ], [ 81.878150961516994, 16.38263128930679 ], [ 81.720787503045884, 16.306860111349749 ], [ 81.690639904032565, 16.327471792482935 ], [ 81.48724227562488, 16.355066105439828 ], [ 81.393791094690215, 16.342473152222485 ], [ 81.30535013739032, 16.30353381435792 ], [ 81.246191594652188, 16.258865906915794 ], [ 81.213763665877778, 16.20721832862959 ], [ 81.191365328163414, 16.102823684672373 ], [ 81.145541136498963, 16.012945118263751 ], [ 81.14804521520459, 15.973701412912842 ], [ 81.00477141513305, 15.837804229964151 ], [ 81.020562493628731, 15.793007714342249 ], [ 81.008237333357769, 15.797406769653945 ], [ 81.012103436018478, 15.766076623721188 ], [ 80.998451330316072, 15.76969143367473 ], [ 81.008459411372456, 15.752928471116869 ], [ 80.937219266508677, 15.714404116301282 ], [ 80.82151564087745, 15.70933846510245 ], [ 80.788429645268138, 15.757228854429778 ], [ 80.799649287168052, 15.776774539133212 ], [ 80.791217248727918, 15.753633850958188 ], [ 80.822273755058362, 15.710418312694564 ], [ 80.817531630836257, 15.749358021512489 ], [ 80.779629014405259, 15.83529598495573 ], [ 80.80091240451145, 15.805791357466978 ], [ 80.815607215228667, 15.810695291784127 ], [ 80.807020339241987, 15.840445715520142 ], [ 80.77388317809924, 15.86626705490637 ], [ 80.680607012926771, 15.885399672943668 ], [ 80.536457501371459, 15.852303241538975 ], [ 80.428562600213354, 15.804682430599433 ], [ 80.345607397486873, 15.751205457223294 ], [ 80.2841612548321, 15.687768870936839 ], [ 80.237211842704696, 15.600669928578844 ], [ 80.220626387052178, 15.600924560902092 ], [ 80.234726702750834, 15.599052193572023 ], [ 80.224125274304271, 15.5949726525259 ], [ 80.222383196983543, 15.582677467732822 ], [ 80.235064647429169, 15.590590498393025 ], [ 80.224793769288382, 15.533477518209077 ], [ 80.194225702524051, 15.505014629835296 ], [ 80.210516356536758, 15.493509116328376 ], [ 80.204962613618989, 15.473890989135047 ], [ 80.121834790192679, 15.367873672361824 ], [ 80.08474095804786, 15.28333543864931 ], [ 80.089030439756598, 15.211933043970426 ], [ 80.046984704311939, 15.080181110078781 ], [ 80.09772470020819, 14.77954790160039 ], [ 80.142066947483002, 14.703507051191467 ], [ 80.171178921505984, 14.611659799481787 ], [ 80.19551323958413, 14.585826953966722 ], [ 80.17164979101689, 14.373419380614763 ], [ 80.130107174959434, 14.231160878916178 ], [ 80.126413157170404, 14.164324223173447 ], [ 80.149778178969584, 14.031769437559046 ], [ 80.253089049641972, 13.785916683528299 ], [ 80.233649623462568, 13.658447694367084 ], [ 80.268539316150452, 13.56453746606671 ], [ 80.241814012297354, 13.470646953578454 ], [ 80.268748860719057, 13.564628197834447 ], [ 80.326018497563737, 13.441682192027491 ], [ 80.345268666389387, 13.279892706372278 ], [ 80.298437701156672, 13.137487910895493 ], [ 80.294948414018222, 13.092914810176888 ], [ 80.310786548019209, 13.108155086406429 ], [ 80.286793713189297, 13.064361771271836 ], [ 80.259395146853677, 12.93455016666122 ], [ 80.255153134805184, 12.782702012685844 ], [ 80.155801721584368, 12.464935786554122 ], [ 80.034249371815875, 12.301754643348694 ], [ 79.87342800721936, 12.041437612261221 ], [ 79.807448476891537, 11.839064498776439 ], [ 79.760651248008855, 11.624372777889308 ], [ 79.767932489816474, 11.510680643135675 ], [ 79.842599078277189, 11.350742487210704 ], [ 79.853816446859298, 10.983221369667339 ], [ 79.849043565422761, 10.827989682683242 ], [ 79.830949678265, 10.82782586094341 ], [ 79.852496606440369, 10.827209231382263 ], [ 79.853297343602534, 10.679417214579553 ], [ 79.841017599172147, 10.676297437669289 ], [ 79.853336229631324, 10.676480180099963 ], [ 79.8804435268232, 10.304685315125637 ], [ 79.860318952866038, 10.282407741988576 ], [ 79.81675702319852, 10.275838023856519 ], [ 79.813317281094982, 10.288743294243062 ], [ 79.813927188314707, 10.27561593511437 ], [ 79.780092515149121, 10.272469795636148 ], [ 79.783385126746523, 10.296058594204995 ], [ 79.748722501808032, 10.314376505556261 ], [ 79.777537025450144, 10.284615471600219 ], [ 79.767664099671435, 10.271805667126531 ], [ 79.530742518853444, 10.309166178984047 ], [ 79.544130415279994, 10.324885318909081 ], [ 79.512924338533253, 10.313138093210824 ], [ 79.3959000399758, 10.3186351553355 ], [ 79.298461411214362, 10.263298499446073 ], [ 79.268272219432347, 10.232808731564093 ], [ 79.277350439781372, 10.213294500504789 ], [ 79.241536673138114, 10.184870408366844 ], [ 79.229352330982806, 10.107465003998136 ], [ 79.219102696265409, 10.112598762932999 ], [ 79.227148550180303, 10.073584128193682 ], [ 79.248067100229576, 10.070874266271522 ], [ 79.23928665778881, 10.057799262173363 ], [ 79.266111756118306, 10.039233637244802 ], [ 79.138870800596578, 9.920861248838122 ], [ 79.14701344528423, 9.911435636692524 ], [ 79.125503126778597, 9.90370565993736 ], [ 79.124035647567155, 9.883561957684231 ], [ 79.111265673803359, 9.892837579737149 ], [ 79.12083183219444, 9.855308246864121 ], [ 79.084955134031333, 9.83465047199647 ], [ 79.093903476764439, 9.829362544614053 ], [ 79.058618192648595, 9.772451371629259 ], [ 79.029873914603769, 9.761463311216241 ], [ 79.015911778818548, 9.732318979194716 ], [ 79.013150441469364, 9.744840091640112 ], [ 78.959814830068197, 9.630934333935713 ], [ 78.9336402721339, 9.606175053378438 ], [ 78.901864065398897, 9.464937197103735 ], [ 79.009029109094186, 9.335782545608975 ], [ 79.069257777974542, 9.295749504994735 ], [ 79.211186737422977, 9.283265804660026 ], [ 79.265928445855494, 9.292744172973807 ], [ 79.309915388742496, 9.327646844315632 ], [ 79.329342013320556, 9.320096212735457 ], [ 79.314717149607716, 9.281188349600376 ], [ 79.324003782466178, 9.263577299197561 ], [ 79.43601045924332, 9.158480211192595 ], [ 79.299393648334629, 9.246764196107772 ], [ 79.219831084373354, 9.257336983771475 ], [ 79.209198061284553, 9.282403164942389 ], [ 79.080721397035887, 9.261205992926708 ], [ 78.978925671791373, 9.274851832236848 ], [ 78.861099010140947, 9.25540191484183 ], [ 78.732602795336106, 9.211889350887903 ], [ 78.717255198915794, 9.189542662793261 ], [ 78.663801764297574, 9.193615235776118 ], [ 78.642208434885134, 9.174678864713508 ], [ 78.657074901483526, 9.157693786595294 ], [ 78.578249758918588, 9.130999665908346 ], [ 78.532158213562155, 9.138213845390281 ], [ 78.41383124785294, 9.113947311321148 ], [ 78.21504443336201, 8.966037926402562 ], [ 78.186641952382558, 8.923590914271971 ], [ 78.158080826682777, 8.79696493471746 ], [ 78.187055545083552, 8.764139952190567 ], [ 78.199134489438777, 8.787475300096373 ], [ 78.198252720495233, 8.761080146210389 ], [ 78.162993751368205, 8.741345521424721 ], [ 78.125638635017467, 8.665088376868308 ], [ 78.137972621044042, 8.585963799695714 ], [ 78.121900069097094, 8.515695110155001 ], [ 78.130589430114597, 8.496909021579418 ], [ 78.063889737603958, 8.417985279146002 ], [ 78.067030292040684, 8.372853295383013 ], [ 77.802924535821205, 8.240165762804011 ], [ 77.781310246458858, 8.201040720741364 ], [ 77.744712114078808, 8.176915939085283 ], [ 77.577112930599228, 8.136721398424138 ], [ 77.551332158064454, 8.078034221266799 ], [ 77.315796754876956, 8.121837131568961 ], [ 77.096070822847636, 8.293168044413797 ], [ 77.10175666188691, 8.306470506525111 ], [ 77.095981975550856, 8.293018226221937 ], [ 76.979098067169986, 8.381849179744696 ], [ 76.631433187494366, 8.836529686244381 ], [ 76.546730546878905, 8.903905087844699 ], [ 76.49913169761993, 9.058222517836571 ], [ 76.341579952196028, 9.403368742891923 ], [ 76.241203566001914, 9.967648086850522 ], [ 76.100327988681499, 10.381474912890384 ], [ 75.910101001550743, 10.786134817749224 ], [ 75.828382453062218, 11.119143144991101 ], [ 75.802514284517116, 11.156034509652573 ], [ 75.731848135686761, 11.355813174857397 ], [ 75.66373273503649, 11.462464868324497 ], [ 75.616780208947688, 11.476408937148445 ], [ 75.530568988399125, 11.703606359127164 ], [ 75.385758515268108, 11.856338022163717 ], [ 75.355682351214611, 11.859804394473942 ], [ 75.250332866941207, 12.008188888953773 ], [ 75.229109692463993, 12.022605801182968 ], [ 75.201056338135373, 12.006088967048639 ], [ 75.058064528019173, 12.351703985857599 ], [ 74.973813709289217, 12.50038961463394 ], [ 74.864337099870085, 12.759138578687928 ], [ 74.882312560920298, 12.754048560044696 ], [ 74.864189060310522, 12.761376633633333 ], [ 74.824427379104492, 12.849057475860546 ], [ 74.716365529845405, 13.312579386705307 ], [ 74.693585630215722, 13.343707349985644 ], [ 74.695429877022761, 13.455179415350836 ], [ 74.668511334327519, 13.640168011874398 ], [ 74.645552488235467, 13.681957929226501 ], [ 74.625805832158449, 13.796854355284429 ], [ 74.609929913893708, 13.865551620940286 ], [ 74.569208732641641, 13.946779049248105 ], [ 74.513982082016867, 13.986858474561325 ], [ 74.46892708770261, 14.188676636098302 ], [ 74.441655441935254, 14.224565860573108 ], [ 74.397669410237057, 14.408179078180742 ], [ 74.354732039862498, 14.52217139218374 ], [ 74.310217270337859, 14.521365373976657 ], [ 74.314726953739807, 14.545724290915253 ], [ 74.292999008802269, 14.596489915960362 ], [ 74.273580966657505, 14.62748342687857 ], [ 74.27043460561697, 14.626982701745154 ], [ 74.286439155985207, 14.634214520974076 ], [ 74.284295319247391, 14.663565096485559 ], [ 74.256755001112097, 14.707563321297267 ], [ 74.262798110156567, 14.719808400233694 ], [ 74.234239228993246, 14.74842655614575 ], [ 74.203807958028818, 14.736389374102137 ], [ 74.204032639007352, 14.719276904633336 ], [ 74.177163231110384, 14.750561590113621 ], [ 74.152108403418225, 14.747059887707094 ], [ 74.142383118811892, 14.778540186790201 ], [ 74.119435942371823, 14.773989801353469 ], [ 74.092773269371364, 14.804001945419357 ], [ 74.124260546096011, 14.805003401583011 ], [ 74.12510493092249, 14.837887128978533 ], [ 74.096475145193494, 14.89744915659851 ], [ 74.044544789745515, 14.916066904384545 ], [ 74.041041895776218, 14.995434584824688 ], [ 74.021039914180534, 15.017168399846589 ], [ 73.989482345797711, 15.018915121032212 ], [ 73.988357860184223, 15.055139935301687 ], [ 73.975046519907693, 15.048941452631786 ], [ 73.954990119855893, 15.071928463549172 ], [ 73.912838371712212, 15.083651077263026 ], [ 73.927668017305223, 15.095321994780194 ], [ 73.918478747785414, 15.106210178664972 ], [ 73.941324529769801, 15.116586932768225 ], [ 73.936788100486865, 15.13216176864079 ], [ 73.956500167442968, 15.135496218621165 ], [ 73.884154537292545, 15.353262366969725 ], [ 73.871269832820573, 15.369224463800677 ], [ 73.842668998920587, 15.358387133142349 ], [ 73.790589902914789, 15.393858452663395 ], [ 73.789711716439058, 15.463804111060636 ], [ 73.766588728381535, 15.492812435447153 ], [ 73.73221656054379, 15.58859118519651 ], [ 73.732070375066186, 15.606945681065731 ], [ 73.744669654340399, 15.605690491699358 ], [ 73.722820777666897, 15.626746576484088 ], [ 73.689482849969167, 15.719117971701277 ], [ 73.726307317864766, 15.71704546924772 ], [ 73.742836159003673, 15.736574932107622 ], [ 73.679934418076684, 15.721146621860296 ], [ 73.69022682834175, 15.728805213997255 ], [ 73.649862045952872, 15.74489996311817 ], [ 73.657614374961966, 15.747065318353535 ], [ 73.66435422291049, 15.7531018545564 ], [ 73.656258018083577, 15.795760403333658 ], [ 73.628217870518711, 15.848040802069288 ], [ 73.588723569774359, 15.908031067675687 ], [ 73.510108819321445, 15.940459787440618 ], [ 73.484360944226381, 16.033712545697377 ], [ 73.467216270140369, 16.053727765839454 ], [ 73.456427849829325, 16.052679264808646 ], [ 73.464903631007402, 16.066976800412128 ], [ 73.464749991279646, 16.076162078834457 ], [ 73.458166913404781, 16.08603496044719 ], [ 73.464920549876922, 16.086936990157263 ], [ 73.439643528848165, 16.191333496402645 ], [ 73.386680382710281, 16.358423621570882 ], [ 73.368920092375475, 16.362925641869644 ], [ 73.358669670206609, 16.441660448766491 ], [ 73.310870635901978, 16.541439457575692 ], [ 73.345251356260562, 16.572583951362272 ], [ 73.317420661841282, 16.601666994334153 ], [ 73.355194575535975, 16.618950630522832 ], [ 73.330450549670658, 16.619858851870656 ], [ 73.339106317051801, 16.637805438346717 ], [ 73.323018322815244, 16.638616683028282 ], [ 73.329715910353073, 16.687394891281201 ], [ 73.305389600924784, 16.730277129456059 ], [ 73.304441988822376, 16.765871818607057 ], [ 73.319138112435695, 16.795338389088521 ], [ 73.289138567232911, 16.844292136123396 ], [ 73.287430079094008, 16.880895917836035 ], [ 73.303002549900683, 16.89141053276748 ], [ 73.278576084728854, 16.893036716691899 ], [ 73.299717935570712, 16.981884014496849 ], [ 73.279280056900987, 16.993400051272285 ], [ 73.271235989443056, 16.985092183739017 ], [ 73.284053300335842, 17.011096228193598 ], [ 73.255367953600668, 17.027712700900143 ], [ 73.258212548389935, 17.048774978064429 ], [ 73.279141339017471, 17.037559826587231 ], [ 73.28204241358695, 17.108568949056501 ], [ 73.267647347535714, 17.114743592694197 ], [ 73.253446473005951, 17.188308074228789 ], [ 73.231626204741389, 17.1991438019718 ], [ 73.246639985385258, 17.204306932641117 ], [ 73.244690526811596, 17.222389729380769 ], [ 73.190638505181013, 17.299308883164127 ], [ 73.222651230367447, 17.306325116725855 ], [ 73.229247479333964, 17.282477703915959 ], [ 73.258770707090264, 17.286030133730726 ], [ 73.235556378416177, 17.288107997426707 ], [ 73.238762810287582, 17.317041471435733 ], [ 73.218902371054469, 17.328550153094632 ], [ 73.229447382001553, 17.335161182740769 ], [ 73.2055811315619, 17.387330290486656 ], [ 73.183331286892212, 17.384076696210354 ], [ 73.167696432936225, 17.403052709297288 ], [ 73.198651290359393, 17.439085603128781 ], [ 73.184527567896922, 17.443138181227813 ], [ 73.192180437065147, 17.469957373621849 ], [ 73.173925592603183, 17.516907269266838 ], [ 73.137101659452213, 17.555890981553059 ], [ 73.152733138976913, 17.598709331270797 ], [ 73.114277909628328, 17.68573302948278 ], [ 73.135151027828073, 17.708645639136826 ], [ 73.125889054199462, 17.752846207256678 ], [ 73.103149497179587, 17.802982060060351 ], [ 73.09404042849313, 17.811710310014465 ], [ 73.089357980193853, 17.812340519317527 ], [ 73.096270499689325, 17.82584942787717 ], [ 73.050883239886687, 17.930746564425498 ], [ 73.030806051503689, 17.942814537427576 ], [ 73.040264507210253, 17.978437789701903 ], [ 73.005129285750712, 18.019665514236497 ], [ 73.021294994608311, 18.027453316677668 ], [ 72.990375616942515, 18.055766229078539 ], [ 72.996833198299925, 18.084213861626289 ], [ 72.971028444212209, 18.13288962211017 ], [ 72.988658870154367, 18.157899983381114 ], [ 72.980932607529851, 18.196286015341794 ], [ 72.956395435536919, 18.219636398507564 ], [ 72.931778406157477, 18.220420315997725 ], [ 72.938048080994648, 18.283722080418855 ], [ 72.973020785679637, 18.266164202453602 ], [ 72.986481366499049, 18.282278812441746 ], [ 72.953867085737102, 18.334963673121575 ], [ 72.912978672923984, 18.361627967419086 ], [ 72.925945929955716, 18.383438515330411 ], [ 72.907035518626927, 18.402989270147227 ], [ 72.893732453141297, 18.471791210955264 ], [ 72.911092245077171, 18.502559148187295 ], [ 72.905316210094028, 18.538555978558136 ], [ 72.921157965709369, 18.550552897138353 ], [ 72.878139150403683, 18.63081433418234 ], [ 72.861249850772452, 18.629699446688274 ], [ 72.85105234872151, 18.698832381571762 ], [ 72.869215046678391, 18.810791320535099 ], [ 72.91448933548304, 18.800324646299387 ], [ 72.945151627896607, 18.826382469902896 ], [ 72.957132534874063, 18.799230218235628 ], [ 72.995943176069062, 18.773017809620519 ], [ 72.978272239209574, 18.80759590914986 ], [ 72.999291894998663, 18.809200509826862 ], [ 72.975087597289658, 18.839501449561105 ], [ 72.995386585662601, 18.87151067145339 ], [ 72.960994085583806, 18.841038618424026 ], [ 72.918347910537918, 18.855407596427508 ], [ 72.90407301254946, 18.90443519439745 ], [ 72.937060778143447, 18.9093319637613 ], [ 72.9408106000988, 18.944489682475119 ], [ 72.959171304540149, 18.957162262763273 ], [ 72.947108965847349, 18.986850246921357 ], [ 72.885300431250485, 18.981478205341574 ], [ 72.87824291965957, 19.021936442878424 ], [ 72.85432057803304, 18.997203427255265 ], [ 72.843372313328047, 18.930294657743236 ], [ 72.803560216478488, 18.898814623173063 ], [ 72.825594945794862, 18.919446160830514 ], [ 72.823605807958046, 18.941249444068379 ], [ 72.812179377985345, 18.955271001735895 ], [ 72.793315179995588, 18.939408251297102 ], [ 72.792496537057062, 18.949906451397396 ], [ 72.817461126298994, 19.025563783158216 ], [ 72.832602461860233, 19.023681010108564 ], [ 72.83863137739894, 19.046523181207114 ], [ 72.817013397969333, 19.041474100804141 ], [ 72.833223342602977, 19.084831055981983 ], [ 72.811630608223481, 19.145231048837559 ], [ 72.786073022475705, 19.133520795628133 ], [ 72.795484221002908, 19.194667729892274 ], [ 72.781410053320798, 19.195430575052569 ], [ 72.778654968999916, 19.278924847752222 ], [ 72.786928047463064, 19.307684235931305 ], [ 72.829951450973468, 19.334621363734225 ], [ 72.800190670347007, 19.32384711666505 ], [ 72.744693365914571, 19.37803633278272 ], [ 72.759926917064689, 19.392709666807363 ], [ 72.749547678142747, 19.489269328780008 ], [ 72.719731952733383, 19.500766466290443 ], [ 72.711090416865076, 19.540783503494897 ], [ 72.708909288156349, 19.598764185720189 ], [ 72.725343322143317, 19.609571404797787 ], [ 72.699134009712367, 19.661478808710754 ], [ 72.708143657300681, 19.703810729679756 ], [ 72.697074366674912, 19.719244716742292 ], [ 72.675523620038106, 19.715713271422981 ], [ 72.682847838721131, 19.793488519629754 ], [ 72.671316746230318, 19.813643073544462 ], [ 72.667683228816216, 19.80132425730228 ], [ 72.653980627513462, 19.810937677585603 ], [ 72.641990569805529, 19.843982364327029 ], [ 72.648055834259182, 19.870054681945483 ], [ 72.680271677633499, 19.864896242227612 ], [ 72.67880257181433, 19.920742148138093 ], [ 72.664216023739357, 19.933488839161839 ], [ 72.721975826846176, 19.970623773489375 ], [ 72.707883797128034, 20.070025490456946 ], [ 72.746585194238818, 20.116141611977685 ], [ 72.737671141979618, 20.134335789912068 ], [ 72.794113633287438, 20.123340564396425 ], [ 72.740002354572297, 20.134813220733708 ], [ 72.742417797301258, 20.241200408078768 ], [ 72.778811257149584, 20.334999064726549 ], [ 72.8329234439381, 20.371289602655462 ], [ 72.804602924755486, 20.372271950376259 ], [ 72.821198075257598, 20.436822759982658 ], [ 72.8462685542316, 20.478029978364351 ], [ 72.861504492052376, 20.472092682654878 ], [ 72.885937420174272, 20.497677181813227 ], [ 72.897886073936945, 20.58663469799226 ], [ 72.852936877362609, 20.756805745604098 ], [ 72.820212734580181, 20.793798370261982 ], [ 72.839236220857245, 20.805248422485512 ], [ 72.780174276929557, 20.921150922764124 ], [ 72.819976412484195, 20.927503695034506 ], [ 72.820366200751707, 20.952299788085661 ], [ 72.75465206581876, 20.938658860346681 ], [ 72.722156954801164, 21.037733279391219 ], [ 72.726178415285872, 21.061030184301373 ], [ 72.74893359944582, 21.057224080378081 ], [ 72.741188412454278, 21.074457118089317 ], [ 72.709909424971983, 21.079834939550839 ], [ 72.702471492040502, 21.096159100617449 ], [ 72.684787880447928, 21.082973677540917 ], [ 72.669823477465442, 21.115038353673796 ], [ 72.641538900262347, 21.085153062188795 ], [ 72.61989833420887, 21.10074840720484 ], [ 72.638058319002525, 21.2111079093116 ], [ 72.657354418929671, 21.22465191496137 ], [ 72.622256928628929, 21.242593406409551 ], [ 72.600341011316047, 21.289869978204528 ], [ 72.601167601188436, 21.388624229180458 ], [ 72.679333899705924, 21.439955434570823 ], [ 72.687302136399481, 21.452444538424032 ], [ 72.613121301040863, 21.400109721815511 ], [ 72.579577062641917, 21.413856435601783 ], [ 72.655824463616824, 21.46917092252777 ], [ 72.702830339459481, 21.525668795093313 ], [ 72.74999998147986, 21.527518969949789 ], [ 72.770223240760615, 21.562515464279283 ], [ 72.754453838739579, 21.566275630055557 ], [ 72.802240341704746, 21.587213313138179 ], [ 72.830145701212615, 21.628448991527424 ], [ 72.828457492570095, 21.65091484045514 ], [ 72.86790648887866, 21.642217223790521 ], [ 72.877237767454744, 21.672558608724266 ], [ 72.962978285495183, 21.674034656587928 ], [ 72.861906568090106, 21.687591180570724 ], [ 72.801294647047214, 21.657685176117102 ], [ 72.738080782939392, 21.690970059599444 ], [ 72.712910316261613, 21.679583364357821 ], [ 72.608091722582657, 21.688055085958752 ], [ 72.543552126681249, 21.660507256341951 ], [ 72.53247146896112, 21.71810149760978 ], [ 72.607174223484733, 21.753050573730047 ], [ 72.610044978168162, 21.79017976269725 ], [ 72.593024520502368, 21.804915109445226 ], [ 72.620431532980547, 21.829925393322949 ], [ 72.61033234142451, 21.839683135441565 ], [ 72.623352636622371, 21.883751333689066 ], [ 72.648169873167504, 21.897309763449684 ], [ 72.691265202229474, 21.882581341024547 ], [ 72.691903077420349, 21.941874948567325 ], [ 72.719412535953481, 21.93922411545741 ], [ 72.748288544450077, 21.967462913404241 ], [ 72.725223396888751, 21.996465984953826 ], [ 72.707806151125453, 21.953397868334747 ], [ 72.639989741241152, 21.956825762779808 ], [ 72.545361249529336, 21.910988737933177 ], [ 72.527966755788569, 21.937016221389364 ], [ 72.547859294790229, 21.964388748164893 ], [ 72.530544463415225, 21.955075323248721 ], [ 72.5258942453071, 21.959872578632716 ], [ 72.53976175301905, 21.961754187843649 ], [ 72.528135031640403, 21.982261911283771 ], [ 72.548543453401862, 21.991051215466733 ], [ 72.543163915760758, 22.126342594840899 ], [ 72.580958376476048, 22.199154521311428 ], [ 72.649961081792213, 22.215462979189155 ], [ 72.659529802934784, 22.199426990407375 ], [ 72.782684565483166, 22.157569291561554 ], [ 72.782755869320226, 22.192866896401188 ], [ 72.853799737593192, 22.238852218363157 ], [ 72.849219074045351, 22.274947928151441 ], [ 72.698956341611719, 22.199905674225516 ], [ 72.624176676374191, 22.233910530418292 ], [ 72.543734529213395, 22.223072064858087 ], [ 72.300032505609252, 22.033369204354269 ], [ 72.268868937684516, 21.970603034285528 ], [ 72.211668601077633, 21.962067029315072 ], [ 72.204195363140784, 21.891069329571277 ], [ 72.242459505122937, 21.829811416793518 ], [ 72.23548003693422, 21.812038888121194 ], [ 72.202823723412152, 21.819055414831595 ], [ 72.282843552582051, 21.696958163446482 ], [ 72.306126653124849, 21.626009207859461 ], [ 72.26995725936608, 21.572642105773983 ], [ 72.235354525190218, 21.456008320813023 ], [ 72.107841899271762, 21.302474603295384 ], [ 72.082666498848496, 21.245135050879981 ], [ 72.112053423533339, 21.198630700662875 ], [ 72.087668953578742, 21.191884688723786 ], [ 72.017792188525561, 21.153911487718222 ], [ 72.010229545806311, 21.134670084535269 ], [ 71.996597916086202, 21.141907054442921 ], [ 71.97390346058522, 21.12223200040555 ], [ 71.898334222695837, 21.109941461412305 ], [ 71.878969201008459, 21.088753320973854 ], [ 71.813078223674594, 21.067467656751418 ], [ 71.797630594723287, 21.055218565189243 ], [ 71.80585534798648, 21.038061182889468 ], [ 71.716679190860901, 21.020751908415924 ], [ 71.681912297736972, 20.996548285898029 ], [ 71.677006422830971, 21.001747368250246 ], [ 71.647082604704849, 20.994203341941908 ], [ 71.636771157131975, 20.980710438914144 ], [ 71.647711593565248, 20.974650854660887 ], [ 71.617148277139449, 20.966986520818644 ], [ 71.607492564654294, 20.977959877813149 ], [ 71.610729659727781, 20.966213924974177 ], [ 71.565583296292118, 20.948951876748868 ], [ 71.516654365011661, 20.948116549631202 ], [ 71.506667992428248, 20.918769037693117 ], [ 71.439982490009115, 20.869520803148241 ], [ 71.379920967760427, 20.874261983675268 ], [ 71.384066533263734, 20.856757263673156 ], [ 71.321726413961954, 20.846647211278064 ], [ 71.20916499059571, 20.800854981231758 ], [ 71.146391492600912, 20.771343404289237 ], [ 71.148075461100944, 20.758250353051473 ], [ 71.08651057344801, 20.755549315305629 ], [ 71.071821359251217, 20.734585507200141 ], [ 70.999485967358467, 20.742228687292968 ], [ 70.997380037177336, 20.713927575922767 ], [ 70.976956761323194, 20.702803615573941 ], [ 70.87355963280126, 20.707114037198032 ] ], [ [ 79.840448265693141, 11.004005498306451 ], [ 79.814186120081061, 11.00284821493541 ], [ 79.836696643723641, 11.003137478712381 ], [ 79.853816446859298, 10.983221369667339 ], [ 79.840448265693141, 11.004005498306451 ] ], [ [ 75.544232346863282, 11.704542141858848 ], [ 75.537543004079822, 11.704083998900842 ], [ 75.536180164279898, 11.693606205116389 ], [ 75.544232346863282, 11.704542141858848 ] ], [ [ 74.948022362743515, 12.783007198453124 ], [ 74.932926124310072, 12.78054246635762 ], [ 74.882312560920298, 12.754048560044696 ], [ 74.948022362743515, 12.783007198453124 ] ], [ [ 89.870128857658102, 26.657829417668012 ], [ 89.876934268069363, 26.648506215681799 ], [ 89.87290845520485, 26.673940374357091 ], [ 89.870128857658102, 26.657829417668012 ] ], [ [ 89.87377486506287, 26.591335603962193 ], [ 89.873774865062884, 26.591335603962186 ], [ 89.878421553582641, 26.615533794785318 ], [ 89.87377486506287, 26.591335603962193 ] ], [ [ 89.865662405306807, 26.538112137874499 ], [ 89.868992504576241, 26.553873742673236 ], [ 89.864487458403758, 26.573243306935776 ], [ 89.865662405306807, 26.538112137874499 ] ], [ [ 89.856100464485664, 26.518428097391606 ], [ 89.855183518271616, 26.488514794727575 ], [ 89.863818976370681, 26.529387053120232 ], [ 89.856100464485664, 26.518428097391606 ] ], [ [ 89.835838775829203, 26.411392185640924 ], [ 89.858019414190295, 26.41132586776088 ], [ 89.858019414190252, 26.411325867760937 ], [ 89.835838775829203, 26.411392185640924 ] ], [ [ 89.830330259424116, 26.396452303393211 ], [ 89.83033025942413, 26.396452303393197 ], [ 89.835838775829203, 26.411392185640924 ], [ 89.830330259424116, 26.396452303393211 ] ], [ [ 89.838140138905388, 26.390171955886423 ], [ 89.849935875498431, 26.402893406146038 ], [ 89.849935875498417, 26.402893406146063 ], [ 89.838140138905388, 26.390171955886423 ] ], [ [ 89.843392121931331, 26.377034638304657 ], [ 89.833167664719838, 26.383474558070542 ], [ 89.850375747832103, 26.379854209748991 ], [ 89.843392121931331, 26.377034638304657 ] ], [ [ 89.815095107154093, 26.356570259101101 ], [ 89.822774356581945, 26.350861089014998 ], [ 89.822774356581959, 26.350861089015041 ], [ 89.815095107154093, 26.356570259101101 ] ], [ [ 89.818029897994407, 26.365133233539389 ], [ 89.814205706092181, 26.370485231110454 ], [ 89.795059195913566, 26.358364690013051 ], [ 89.818029897994407, 26.365133233539389 ] ], [ [ 89.773523199135724, 26.322500590309858 ], [ 89.781314052270147, 26.327675327341289 ], [ 89.781314052270147, 26.327675327341293 ], [ 89.773523199135724, 26.322500590309858 ] ], [ [ 89.751521736447884, 26.320860102406119 ], [ 89.764076421076652, 26.316225976810337 ], [ 89.764076421076723, 26.316225976810379 ], [ 89.751521736447884, 26.320860102406119 ] ], [ [ 89.758124760436843, 26.28778575468986 ], [ 89.744843757230456, 26.296889948049351 ], [ 89.758124760436857, 26.287785754689793 ], [ 89.758124760436843, 26.28778575468986 ] ], [ [ 89.726321749157748, 26.29471080626309 ], [ 89.72632174915843, 26.294710806261602 ], [ 89.726321749158515, 26.294710806261612 ], [ 89.726321749157748, 26.29471080626309 ] ], [ [ 89.719813097757182, 26.307319907925837 ], [ 89.717831179104351, 26.295817639033796 ], [ 89.720066173019049, 26.306829629447414 ], [ 89.719813097757182, 26.307319907925837 ] ], [ [ 89.738208470022769, 26.27035686957289 ], [ 89.738525694714738, 26.271423787554625 ], [ 89.717831179106, 26.295817639028726 ], [ 89.738208470022769, 26.27035686957289 ] ], [ [ 89.72328980938903, 26.258418441715065 ], [ 89.735573001957377, 26.261493031604221 ], [ 89.737954074834136, 26.269501265302189 ], [ 89.72328980938903, 26.258418441715065 ] ], [ [ 89.716057165216, 26.26224329750163 ], [ 89.719913358135926, 26.257573286611759 ], [ 89.721410856753863, 26.257948123534987 ], [ 89.716057165216, 26.26224329750163 ] ], [ [ 89.705852685230809, 26.270430174998317 ], [ 89.702615835034877, 26.257863326648948 ], [ 89.707780027650912, 26.268883901566412 ], [ 89.705852685230809, 26.270430174998317 ] ], [ [ 89.702615835034763, 26.257863326648533 ], [ 89.717075305836246, 26.25736744142138 ], [ 89.717381100158235, 26.252733624427403 ], [ 89.717075305836332, 26.25736744142138 ], [ 89.702615835034763, 26.257863326648533 ] ], [ [ 89.709800376045067, 26.224188084593184 ], [ 89.732158020783487, 26.237829900898618 ], [ 89.732158020783416, 26.237829900898657 ], [ 89.709800376045067, 26.224188084593184 ] ], [ [ 89.73323032375248, 26.211992096358987 ], [ 89.725700775156994, 26.218184893476273 ], [ 89.716656805538605, 26.215250742346033 ], [ 89.73323032375248, 26.211992096358987 ] ], [ [ 89.711600003659925, 26.202966946650708 ], [ 89.711600003659981, 26.202966946650665 ], [ 89.73323032375248, 26.211992096358987 ], [ 89.711600003659925, 26.202966946650708 ] ], [ [ 89.698600481893422, 26.191177011427893 ], [ 89.698600481893465, 26.191177011427815 ], [ 89.713074544603117, 26.187716559250077 ], [ 89.698600481893422, 26.191177011427893 ] ], [ [ 89.709237291500159, 26.172807760603234 ], [ 89.70979690764149, 26.172984851417844 ], [ 89.698600481894275, 26.191177011426422 ], [ 89.709237291500159, 26.172807760603234 ] ], [ [ 89.730591481966258, 26.175607092820478 ], [ 89.732928768588053, 26.177526272673141 ], [ 89.728588291330965, 26.176554297950492 ], [ 89.730591481966258, 26.175607092820478 ] ], [ [ 73.975648449402144, 30.120990875238299 ], [ 73.970317886731664, 30.171088099586672 ], [ 73.968142602750802, 30.144843014667941 ], [ 73.975648449402144, 30.120990875238299 ] ], [ [ 74.53156547098196, 29.949672403985812 ], [ 74.527159093857861, 29.942939440161531 ], [ 74.509791567171661, 29.908424244576722 ], [ 74.53156547098196, 29.949672403985812 ] ], [ [ 74.56105618429261, 29.869776082894546 ], [ 74.561005031563823, 29.869870818952851 ], [ 74.544189360532471, 29.84439472289483 ], [ 74.56105618429261, 29.869776082894546 ] ], [ [ 74.483520051127599, 29.813599187492105 ], [ 74.474719340695529, 29.77553105014227 ], [ 74.484516549011971, 29.814401579106992 ], [ 74.483520051127599, 29.813599187492105 ] ], [ [ 74.534261279168661, 29.740616908904137 ], [ 74.528733589133864, 29.740996041288096 ], [ 74.533993750840779, 29.740395094534485 ], [ 74.534261279168661, 29.740616908904137 ] ], [ [ 74.548597372820055, 29.755492600015693 ], [ 74.53630158073598, 29.742308573520162 ], [ 74.551356661096392, 29.754791113917673 ], [ 74.548597372820055, 29.755492600015693 ] ], [ [ 74.577644008935565, 29.74810815540944 ], [ 74.572293462667957, 29.749468409738693 ], [ 74.577504765444289, 29.747842242686993 ], [ 74.577644008935565, 29.74810815540944 ] ], [ [ 76.657265382177457, 28.08929703343847 ], [ 76.657258469322244, 28.089165686521703 ], [ 76.687356863266075, 28.087653238319039 ], [ 76.657265382177457, 28.08929703343847 ] ], [ [ 76.839193384935072, 28.215434633107396 ], [ 76.80839923561993, 28.210863811584577 ], [ 76.831212436749468, 28.209167459732345 ], [ 76.839193384935072, 28.215434633107396 ] ], [ [ 76.868142273844811, 28.219731559875406 ], [ 76.864343413689809, 28.219167689395306 ], [ 76.87490155937337, 28.217769125384923 ], [ 76.868142273844811, 28.219731559875406 ] ], [ [ 76.892779452947138, 27.732624543632244 ], [ 76.901693442739415, 27.743974048402546 ], [ 76.892681672100636, 27.733457411796973 ], [ 76.892779452947138, 27.732624543632244 ] ], [ [ 76.893571504056396, 27.697482028544727 ], [ 76.897691457400185, 27.697804619560998 ], [ 76.889876014583052, 27.700749061126007 ], [ 76.893571504056396, 27.697482028544727 ] ], [ [ 76.911514562737423, 27.654715221544617 ], [ 76.910893111031001, 27.668020754240882 ], [ 76.910828177646749, 27.654673874908056 ], [ 76.911514562737423, 27.654715221544617 ] ], [ [ 77.240104568381099, 27.785856388082035 ], [ 77.232597366659874, 27.796503192056814 ], [ 77.2366998776332, 27.78451610089914 ], [ 77.240104568381099, 27.785856388082035 ] ], [ [ 77.268757083142205, 27.814937697660156 ], [ 77.245585524411595, 27.788014015796744 ], [ 77.252372764414389, 27.790685873964353 ], [ 77.268757083142205, 27.814937697660156 ] ], [ [ 77.285788152144335, 27.796213023418876 ], [ 77.298565407377993, 27.815191844215732 ], [ 77.283723567597946, 27.801046944291684 ], [ 77.268757083142205, 27.814937697660156 ], [ 77.285788152144335, 27.796213023418876 ] ], [ [ 77.310436309889127, 27.788082482804782 ], [ 77.304571175993772, 27.790579467526751 ], [ 77.309859620303442, 27.779827881314723 ], [ 77.310436309889127, 27.788082482804782 ] ], [ [ 77.311170609201525, 27.747387406612063 ], [ 77.308557726353357, 27.751813925025434 ], [ 77.308398949557372, 27.750974827339988 ], [ 77.311170609201525, 27.747387406612063 ] ], [ [ 77.31937609728412, 27.733486383795857 ], [ 77.318041430612894, 27.735747459756471 ], [ 77.302991466003945, 27.725909437750715 ], [ 77.31937609728412, 27.733486383795857 ] ], [ [ 77.341150646452775, 27.703367288308286 ], [ 77.303914888943325, 27.711071072397282 ], [ 77.30393243665776, 27.710789100413617 ], [ 77.341150646452775, 27.703367288308286 ] ], [ [ 77.472697026086593, 27.377082006509539 ], [ 77.43995504250546, 27.390540773737111 ], [ 77.439976718611774, 27.390330437473356 ], [ 77.472697026086593, 27.377082006509539 ] ], [ [ 77.750993369951956, 27.029037095349981 ], [ 77.750114924870985, 27.029084227228577 ], [ 77.752460919068398, 27.026314966873048 ], [ 77.750993369951956, 27.029037095349981 ] ], [ [ 77.762957285926689, 27.006845458964232 ], [ 77.760601327699504, 27.011215480320786 ], [ 77.761398648736161, 27.006232933670265 ], [ 77.762957285926689, 27.006845458964232 ] ], [ [ 77.441160712813172, 26.771811791530819 ], [ 77.433645719557205, 26.771250749882309 ], [ 77.432685654706134, 26.767837956861996 ], [ 77.441160712813172, 26.771811791530819 ] ], [ [ 77.466908207649894, 26.773734004426583 ], [ 77.460106134323567, 26.773226186747671 ], [ 77.470369627256773, 26.764656736061831 ], [ 77.466908207649894, 26.773734004426583 ] ], [ [ 77.502432214891726, 26.768901936695805 ], [ 77.485226035874774, 26.748014274836066 ], [ 77.502562755339497, 26.768734012314411 ], [ 77.502432214891726, 26.768901936695805 ] ], [ [ 77.759852650051528, 26.932458894729677 ], [ 77.75317569979228, 26.916874834335974 ], [ 77.760484758066795, 26.932379013174305 ], [ 77.759852650051528, 26.932458894729677 ] ], [ [ 78.101638137677327, 26.916983305067049 ], [ 78.111197521657274, 26.895877079500288 ], [ 78.10185880719645, 26.917598423860586 ], [ 78.101638137677327, 26.916983305067049 ] ], [ [ 78.118556687395724, 26.946972631695107 ], [ 78.111774541904722, 26.939758571024388 ], [ 78.121507695211577, 26.947038908891795 ], [ 78.118556687395724, 26.946972631695107 ] ], [ [ 78.27179774402353, 26.917571126332202 ], [ 78.271497990007788, 26.917886901923527 ], [ 78.259134278786092, 26.896744698955569 ], [ 78.27179774402353, 26.917571126332202 ] ], [ [ 78.199506417858359, 26.877098261803201 ], [ 78.208621268623503, 26.86886238957177 ], [ 78.196980244751387, 26.882175975797058 ], [ 78.199506417858359, 26.877098261803201 ] ], [ [ 78.183432079529339, 26.823396166927463 ], [ 78.202109117898033, 26.821379719454036 ], [ 78.224581902466326, 26.830380045127818 ], [ 78.222207525768226, 26.831468081910916 ], [ 78.183432079529339, 26.823396166927463 ] ], [ [ 78.169741201190661, 26.818989023018563 ], [ 78.171040665386258, 26.8208679138117 ], [ 78.168722521136303, 26.820394936687777 ], [ 78.169741201190661, 26.818989023018563 ] ], [ [ 78.186639233489487, 26.796085398353735 ], [ 78.185546446773316, 26.797175686520074 ], [ 78.186560482970279, 26.795776181990366 ], [ 78.186639233489487, 26.796085398353735 ] ], [ [ 78.124675479465807, 26.796418764439665 ], [ 78.183472921169781, 26.783652774535476 ], [ 78.183540737236285, 26.783919056430186 ], [ 78.124675479465807, 26.796418764439665 ] ], [ [ 78.104468297658158, 26.773661779726407 ], [ 78.111759250385305, 26.791217592034847 ], [ 78.105961335247159, 26.78888285826433 ], [ 78.104468297658158, 26.773661779726407 ] ], [ [ 78.123527026630711, 26.746882236676139 ], [ 78.103712799873705, 26.76595970229895 ], [ 78.103454061787062, 26.763321943700944 ], [ 78.123527026630711, 26.746882236676139 ] ], [ [ 78.089731404242841, 26.674467389570651 ], [ 78.089838966804919, 26.675392869516546 ], [ 78.074088572145243, 26.670600210049702 ], [ 78.089731404242841, 26.674467389570651 ] ], [ [ 76.671324312126231, 25.349253120685386 ], [ 76.639762997755611, 25.383532858534021 ], [ 76.669497190025524, 25.349103369802602 ], [ 76.671324312126231, 25.349253120685386 ] ], [ [ 76.711117647533356, 25.346103325571644 ], [ 76.761023787942278, 25.341373056794993 ], [ 76.702341381825107, 25.349991844869944 ], [ 76.729323801224012, 25.328569083669262 ], [ 76.711117647533356, 25.346103325571644 ] ], [ [ 76.773227396289016, 25.317028469835442 ], [ 76.755663361447887, 25.322777547768961 ], [ 76.729323801224012, 25.328569083669262 ], [ 76.773227396289016, 25.317028469835442 ] ], [ [ 76.857284767907245, 25.332784631332132 ], [ 76.77814972956557, 25.315734572435424 ], [ 76.778806028119362, 25.31556205608095 ], [ 76.857284767907245, 25.332784631332132 ] ], [ [ 76.943308264402958, 25.282775222283853 ], [ 76.923274205208415, 25.285455297896725 ], [ 76.942246259933796, 25.28215991848122 ], [ 76.943308264402958, 25.282775222283853 ] ], [ [ 75.780374750356941, 24.11591850091974 ], [ 75.792859690400647, 24.09184740226944 ], [ 75.782636740505183, 24.115946711249595 ], [ 75.780374750356941, 24.11591850091974 ] ], [ [ 75.763782664335579, 24.121095330482476 ], [ 75.748966271090438, 24.121087180589615 ], [ 75.762612059548076, 24.126501391476481 ], [ 75.763782664335579, 24.121095330482476 ] ], [ [ 75.763757234519147, 24.174499158652395 ], [ 75.756310303324057, 24.152161221857224 ], [ 75.773942830152976, 24.181271123985852 ], [ 75.763757234519147, 24.174499158652395 ] ], [ [ 75.777264830300339, 24.208509277119134 ], [ 75.775628829876794, 24.207729381484544 ], [ 75.773942830152976, 24.181271123985852 ], [ 75.777264830300339, 24.208509277119134 ] ], [ [ 75.21812765612826, 25.036664970561024 ], [ 75.156995346841839, 25.03415175561608 ], [ 75.156940022130939, 25.0340735194596 ], [ 75.21812765612826, 25.036664970561024 ] ], [ [ 75.152681280000124, 25.024628484251206 ], [ 75.153981639387169, 25.029889991131572 ], [ 75.151360296170552, 25.026183079432187 ], [ 75.152681280000124, 25.024628484251206 ] ], [ [ 74.93158850747659, 24.875401717771041 ], [ 74.952605966293476, 24.880682428354454 ], [ 74.927387377191948, 24.878591736879716 ], [ 74.93158850747659, 24.875401717771041 ] ], [ [ 74.915531429808013, 24.887594242430293 ], [ 74.917093817524446, 24.886407883918913 ], [ 74.915559246996708, 24.888236597347184 ], [ 74.915531429808013, 24.887594242430293 ] ], [ [ 74.902699290299083, 24.929593709380484 ], [ 74.916384257784998, 24.907287758204799 ], [ 74.902942212760479, 24.929507965490348 ], [ 74.902699290299083, 24.929593709380484 ] ], [ [ 74.857935944015608, 24.962678117697777 ], [ 74.869479492144833, 24.924974085160809 ], [ 74.859035262030176, 24.962234755817519 ], [ 74.857935944015608, 24.962678117697777 ] ], [ [ 74.825286201492005, 24.900149177118916 ], [ 74.831100160071543, 24.943776586516424 ], [ 74.826381851687643, 24.933520069090321 ], [ 74.825286201492005, 24.900149177118916 ] ], [ [ 74.850715271708694, 24.853322254591003 ], [ 74.84037489407477, 24.884815502412849 ], [ 74.825286201492005, 24.900149177118916 ], [ 74.850715271708694, 24.853322254591003 ] ], [ [ 74.860848226677049, 24.822460745148721 ], [ 74.859789384759807, 24.825685614886009 ], [ 74.861518789374685, 24.804136507147099 ], [ 74.860848226677049, 24.822460745148721 ] ], [ [ 74.850177210851314, 24.684202918850037 ], [ 74.851499681440558, 24.677665449033999 ], [ 74.854502767255582, 24.687648103172943 ], [ 74.850177210851314, 24.684202918850037 ] ], [ [ 74.982298168138371, 24.025410746811126 ], [ 74.974046324845773, 24.040280564528725 ], [ 74.972918501502591, 24.040160109184104 ], [ 74.973821154511754, 24.039790194340672 ], [ 74.982298168138371, 24.025410746811126 ] ], [ [ 74.747521870746098, 23.226653090829309 ], [ 74.69206576894841, 23.219151615548082 ], [ 74.726364954218354, 23.21500560791192 ], [ 74.747521870746098, 23.226653090829309 ] ], [ [ 74.321926702502935, 23.041222576467955 ], [ 74.31890113405484, 23.058661226962368 ], [ 74.313408095941824, 23.067738953464605 ], [ 74.321926702502935, 23.041222576467955 ] ], [ [ 74.346080864583513, 23.025507714067491 ], [ 74.344935186000953, 23.028397838510731 ], [ 74.321926702502935, 23.041222576467955 ], [ 74.346080864583513, 23.025507714067491 ] ], [ [ 74.365323272619719, 22.976966216775953 ], [ 74.354850707764442, 23.003384634761961 ], [ 74.365093439567659, 22.976857811986399 ], [ 74.365323272619719, 22.976966216775953 ] ], [ [ 74.476432525351711, 22.854815947177919 ], [ 74.460763891736121, 22.906842791409076 ], [ 74.475978212693235, 22.853318725095278 ], [ 74.476432525351711, 22.854815947177919 ] ], [ [ 74.165113952814991, 22.539943439538941 ], [ 74.189512243733077, 22.553599175424818 ], [ 74.170687582443662, 22.547149100420224 ], [ 74.165113952814991, 22.539943439538941 ] ], [ [ 74.14732080151984, 22.513685336396094 ], [ 74.149802901869293, 22.519699735069302 ], [ 74.138694552327195, 22.518161697409663 ], [ 74.14732080151984, 22.513685336396094 ] ], [ [ 74.048151884695798, 22.543804257232463 ], [ 74.07463853097606, 22.551401854314118 ], [ 74.054198685536278, 22.549281217025513 ], [ 74.048151884695798, 22.543804257232463 ] ], [ [ 74.037894152553392, 22.534513197712901 ], [ 74.038513158114952, 22.515843083107804 ], [ 74.040657684650967, 22.537016298870771 ], [ 74.037894152553392, 22.534513197712901 ] ], [ [ 74.148868446377833, 21.950516046386241 ], [ 74.145079248123437, 21.952619680821474 ], [ 74.14560361815235, 21.950399378243386 ], [ 74.148868446377833, 21.950516046386241 ] ], [ [ 73.888001251065532, 21.855211704537705 ], [ 73.871608226334246, 21.841507485984788 ], [ 73.907987020588436, 21.858737100341486 ], [ 73.888001251065532, 21.855211704537705 ] ], [ [ 73.795951487995922, 21.824727409571071 ], [ 73.817322979069161, 21.83986935476285 ], [ 73.813863220411989, 21.839789865196618 ], [ 73.795951487995922, 21.824727409571071 ] ], [ [ 74.13893571220072, 21.555030894672772 ], [ 74.136963517851669, 21.54686344109458 ], [ 74.149640699426385, 21.556305697578722 ], [ 74.13893571220072, 21.555030894672772 ] ], [ [ 74.155858987690578, 21.568304317131915 ], [ 74.154466748644538, 21.559900250062984 ], [ 74.16623329552543, 21.568664244877386 ], [ 74.155858987690578, 21.568304317131915 ] ], [ [ 74.263233979084717, 21.53989816759842 ], [ 74.236217397295917, 21.539703098766555 ], [ 74.263177143207145, 21.539847233176197 ], [ 74.263233979084717, 21.53989816759842 ] ], [ [ 74.276720920479534, 21.562253964391832 ], [ 74.2634421100487, 21.540084687642587 ], [ 74.278528037542671, 21.553604193865013 ], [ 74.276720920479534, 21.562253964391832 ] ], [ [ 74.30196111015475, 21.566279525343532 ], [ 74.295526390416754, 21.569073834897686 ], [ 74.276720920479534, 21.562253964391832 ], [ 74.30196111015475, 21.566279525343532 ] ], [ [ 74.303817946801388, 21.565473184649068 ], [ 74.302475174394559, 21.566056290350364 ], [ 74.303238924571502, 21.552232696531028 ], [ 74.303817946801388, 21.565473184649068 ] ], [ [ 73.766527832549073, 21.069429815979831 ], [ 73.789242141833796, 21.071150203636403 ], [ 73.765682155984507, 21.069730324881444 ], [ 73.766527832549073, 21.069429815979831 ] ], [ [ 73.834221836711336, 21.024720736716045 ], [ 73.820069190377907, 21.023277998862117 ], [ 73.821057291149941, 21.022510719712837 ], [ 73.834221836711336, 21.024720736716045 ] ], [ [ 73.838222801409614, 21.009181372664763 ], [ 73.838415119905846, 21.009032033673893 ], [ 73.834221836711336, 21.024720736716045 ], [ 73.838222801409614, 21.009181372664763 ] ], [ [ 73.298351033353086, 20.208525546190714 ], [ 73.343835584901868, 20.199382860295621 ], [ 73.299827803846611, 20.209536379884874 ], [ 73.298351033353086, 20.208525546190714 ] ], [ [ 73.25335667774209, 20.125661536222719 ], [ 73.253897208755191, 20.137958002745048 ], [ 73.250144263736004, 20.125332279413449 ], [ 73.25335667774209, 20.125661536222719 ] ], [ [ 73.227042086121543, 20.12296441858539 ], [ 73.231406772904194, 20.123411777749183 ], [ 73.226985576875819, 20.123679503660313 ], [ 73.227042086121543, 20.12296441858539 ] ], [ [ 73.208921572693569, 20.120926000879617 ], [ 73.208991858661051, 20.121048694690437 ], [ 73.20444186948977, 20.12266708431914 ], [ 73.208921572693569, 20.120926000879617 ] ], [ [ 73.209702791750061, 20.085329423218646 ], [ 73.20967242899259, 20.086155603139339 ], [ 73.209559808959668, 20.085280625504975 ], [ 73.209702791750061, 20.085329423218646 ] ], [ [ 73.178221883005236, 20.047018149362522 ], [ 73.190922135393862, 20.049592527130134 ], [ 73.170799055325318, 20.053999574913618 ], [ 73.178221883005236, 20.047018149362522 ] ], [ [ 73.136385085664571, 20.086367100803251 ], [ 73.161102210399932, 20.063119792147031 ], [ 73.154643723007993, 20.075760538179932 ], [ 73.136385085664571, 20.086367100803251 ] ], [ [ 73.106061089721464, 20.074165107317256 ], [ 73.111983085211662, 20.071174838128563 ], [ 73.102262590213044, 20.091236962168356 ], [ 73.106061089721464, 20.074165107317256 ] ], [ [ 73.009995641652509, 20.132544742085191 ], [ 73.007340734758344, 20.126739933198607 ], [ 73.013204525406493, 20.129560045245793 ], [ 73.009995641652509, 20.132544742085191 ] ], [ [ 72.99900806232634, 20.141848931128532 ], [ 73.001846903621882, 20.140124172974488 ], [ 72.999221556604951, 20.142566101552941 ], [ 72.99900806232634, 20.141848931128532 ] ], [ [ 72.977355471991601, 20.11278003069388 ], [ 72.991818268991494, 20.117696962416339 ], [ 72.974055060882705, 20.115957181974132 ], [ 72.977355471991601, 20.11278003069388 ] ], [ [ 72.963583973034019, 20.126037208087986 ], [ 72.96613195681654, 20.123584383373249 ], [ 72.963964432104405, 20.127542824791867 ], [ 72.963583973034019, 20.126037208087986 ] ], [ [ 72.961937147118633, 20.183460017804912 ], [ 72.976878863957751, 20.178649989353975 ], [ 72.961940845407995, 20.185551408995384 ], [ 72.961937147118633, 20.183460017804912 ] ], [ [ 72.965953559016143, 20.224874743321521 ], [ 72.961983727868969, 20.209801539899498 ], [ 72.961956612783283, 20.194467896200646 ], [ 72.965953559016143, 20.224874743321521 ] ], [ [ 71.286653174725785, 24.616640245677825 ], [ 71.108310202489506, 24.679309167404849 ], [ 71.113397423490468, 24.675257055088323 ], [ 71.286653174725785, 24.616640245677825 ] ], [ [ 71.464133598590038, 24.671684151383317 ], [ 71.528901986090446, 24.68470385363214 ], [ 71.479170328059567, 24.679647018306561 ], [ 71.464133598590038, 24.671684151383317 ] ], [ [ 72.974908160103467, 24.372668853431531 ], [ 72.974882491221166, 24.373144636823991 ], [ 72.910726883357341, 24.337211930101272 ], [ 72.975116902610623, 24.368799724380739 ], [ 72.974908160103467, 24.372668853431531 ] ], [ [ 72.9746724023844, 24.377038720653314 ], [ 72.974364085064323, 24.382753510210144 ], [ 72.959694259677008, 24.389521918538804 ], [ 72.9746724023844, 24.377038720653314 ] ], [ [ 72.981214271085392, 24.434381350884859 ], [ 72.967611081045774, 24.418952420156959 ], [ 72.949300533066477, 24.398184337410203 ], [ 72.954566610608012, 24.393795442918041 ], [ 72.981214271085392, 24.434381350884859 ] ], [ [ 73.091127384604903, 24.475100564094273 ], [ 73.109436487535717, 24.481689686032663 ], [ 73.0878805724318, 24.497652223858559 ], [ 73.091127384604903, 24.475100564094273 ] ], [ [ 73.101700671263856, 24.470857986746228 ], [ 73.101663364877481, 24.47121135037132 ], [ 73.091127384604903, 24.475100564094273 ], [ 73.101700671263856, 24.470857986746228 ] ], [ [ 73.101860313117172, 24.469345869667116 ], [ 73.10223499540929, 24.45528677688246 ], [ 73.103292428865274, 24.455780963992375 ], [ 73.101860313117172, 24.469345869667116 ] ], [ [ 73.100885206909695, 24.430320715004679 ], [ 73.076502938257889, 24.39660070367858 ], [ 73.100985634544486, 24.427410770015772 ], [ 73.100885206909695, 24.430320715004679 ] ], [ [ 73.123885238747022, 24.271216317785157 ], [ 73.12467694177441, 24.27281267459356 ], [ 73.121249655352997, 24.270070007841721 ], [ 73.123885238747022, 24.271216317785157 ] ], [ [ 73.108527713180393, 24.255738270284183 ], [ 73.095355223522304, 24.249348133884443 ], [ 73.088965445115747, 24.236022482541031 ], [ 73.108527713180393, 24.255738270284183 ] ], [ [ 73.088278381449086, 24.234589636158859 ], [ 73.08791036304612, 24.23382214711404 ], [ 73.089995438921733, 24.233202318601602 ], [ 73.088278381449086, 24.234589636158859 ] ], [ [ 73.079230389755367, 24.220716581745013 ], [ 73.092858423392016, 24.224198465622251 ], [ 73.095952520733462, 24.228389221591694 ], [ 73.079230389755367, 24.220716581745013 ] ], [ [ 73.079264624785054, 24.219645668385201 ], [ 73.079197281040507, 24.220697396450912 ], [ 73.079026697838188, 24.219565982553622 ], [ 73.079264624785054, 24.219645668385201 ] ], [ [ 73.079270704412679, 24.20510474132481 ], [ 73.075921173737669, 24.202388058220674 ], [ 73.075677896968614, 24.201941367043343 ], [ 73.079270704412679, 24.20510474132481 ] ], [ [ 73.06545051637238, 24.193895686986195 ], [ 73.125219542253546, 24.124860890634917 ], [ 73.070027919641177, 24.191567195131682 ], [ 73.06545051637238, 24.193895686986195 ] ], [ [ 73.158920283071922, 24.098326188309393 ], [ 73.183619359539534, 24.087993818827275 ], [ 73.183581733611206, 24.089113949234683 ], [ 73.158920283071922, 24.098326188309393 ] ], [ [ 73.198658519324795, 24.081702484177345 ], [ 73.212150925365009, 24.076058203323647 ], [ 73.213225675893185, 24.078040509617523 ], [ 73.198658519324795, 24.081702484177345 ] ], [ [ 73.333165996642521, 24.108420910322597 ], [ 73.327005535804474, 24.109224126264333 ], [ 73.338718090772389, 24.098689896847585 ], [ 73.333165996642521, 24.108420910322597 ] ], [ [ 73.348663663636785, 24.106400286619795 ], [ 73.338910393480703, 24.098516940489869 ], [ 73.361993414466809, 24.104662321125407 ], [ 73.348663663636785, 24.106400286619795 ] ], [ [ 73.403169429449662, 24.040167934102683 ], [ 73.407994768058089, 24.008092626251813 ], [ 73.404695339833012, 24.041034528581907 ], [ 73.403169429449662, 24.040167934102683 ] ], [ [ 73.933833840330749, 23.339496234816362 ], [ 73.935656962303028, 23.339730474703369 ], [ 73.938007719286915, 23.367937742222701 ], [ 73.933833840330749, 23.339496234816362 ] ], [ [ 73.957498308494024, 23.379544868812477 ], [ 73.974361360528491, 23.372038149320893 ], [ 73.974214724387124, 23.372744825998989 ], [ 73.957498308494024, 23.379544868812477 ] ], [ [ 74.038163860006151, 23.293446572183552 ], [ 74.100579078290735, 23.293811314901063 ], [ 74.085929584411119, 23.298038829502293 ], [ 74.038163860006151, 23.293446572183552 ] ], [ [ 74.278890328576921, 23.092185379027857 ], [ 74.308577995121198, 23.075721118038359 ], [ 74.30733832454392, 23.077769782224163 ], [ 74.278890328576921, 23.092185379027857 ] ], [ [ 74.13451056765841, 22.520332864209326 ], [ 74.135354592297986, 22.519894880225014 ], [ 74.147811999076211, 22.521102456765853 ], [ 74.13451056765841, 22.520332864209326 ] ], [ [ 73.779724876159534, 21.064740281888316 ], [ 73.780326272464322, 21.064526577322578 ], [ 73.782112019485027, 21.065853214183893 ], [ 73.779724876159534, 21.064740281888316 ] ], [ [ 73.185382604306298, 20.155836699242897 ], [ 73.187789194018464, 20.129139320574041 ], [ 73.189336933814516, 20.158017589076032 ], [ 73.185382604306298, 20.155836699242897 ] ], [ [ 73.200550240971694, 20.164201946632481 ], [ 73.205537848957277, 20.164174492652769 ], [ 73.20778951074162, 20.168194545076219 ], [ 73.200550240971694, 20.164201946632481 ] ], [ [ 73.136611090314432, 20.204657188996755 ], [ 73.132991004729803, 20.205767555125696 ], [ 73.134967362056358, 20.199445699359799 ], [ 73.136611090314432, 20.204657188996755 ] ], [ [ 73.064121720987146, 20.160067673191868 ], [ 73.059532920687417, 20.193934792193136 ], [ 73.06023621747984, 20.161894314306281 ], [ 73.064121720987146, 20.160067673191868 ] ], [ [ 73.049076026844034, 20.200684137783718 ], [ 73.051552859212251, 20.205839767924473 ], [ 73.048804853239488, 20.200859165320527 ], [ 73.049076026844034, 20.200684137783718 ] ], [ [ 73.06226427878947, 20.22525359917773 ], [ 73.065373307426484, 20.227836727890029 ], [ 73.063646503602584, 20.227758802067253 ], [ 73.06226427878947, 20.22525359917773 ] ], [ [ 73.096743234427521, 20.359896494716253 ], [ 73.095804321618317, 20.361327911171461 ], [ 73.09496134660192, 20.359615524787582 ], [ 73.096743234427521, 20.359896494716253 ] ], [ [ 72.971192547457065, 20.269060524847347 ], [ 72.93794993054621, 20.294387562079894 ], [ 72.93700489546562, 20.293683661657525 ], [ 72.971192547457065, 20.269060524847347 ] ], [ [ 72.928644150570946, 20.287456240069083 ], [ 72.9123913595283, 20.275350502711188 ], [ 72.914015490584774, 20.27259743781401 ], [ 72.928644150570946, 20.287456240069083 ] ], [ [ 72.895849751814339, 20.37949360251012 ], [ 72.896588717669971, 20.379868213241789 ], [ 72.882758348592745, 20.397849832897428 ], [ 72.895849751814339, 20.37949360251012 ] ], [ [ 72.90404537369345, 20.414977031853542 ], [ 72.857784636273209, 20.419727153772545 ], [ 72.857254565639607, 20.418923975860643 ], [ 72.90404537369345, 20.414977031853542 ] ], [ [ 70.87806508301928, 20.728536700030713 ], [ 70.87635301097481, 20.720396083581978 ], [ 70.880115628054028, 20.729257308456166 ], [ 70.87806508301928, 20.728536700030713 ] ], [ [ 74.157369812226051, 22.411641958378805 ], [ 74.179155154684011, 22.387993810528396 ], [ 74.157651442301344, 22.411743181568859 ], [ 74.157369812226051, 22.411641958378805 ] ], [ [ 72.982386207514409, 20.318313964131896 ], [ 72.9821141714975, 20.319465610032736 ], [ 72.970838091915084, 20.296859373043642 ], [ 72.982386207514409, 20.318313964131896 ] ], [ [ 72.955532649171658, 20.311392180993984 ], [ 72.955297708769891, 20.310507619378633 ], [ 72.970838091915084, 20.296859373043642 ], [ 72.955532649171658, 20.311392180993984 ] ], [ [ 72.962926916742973, 20.332403792790064 ], [ 72.96111834731056, 20.332422596076242 ], [ 72.959432676339915, 20.326075965928478 ], [ 72.962926916742973, 20.332403792790064 ] ], [ [ 72.979126882294025, 20.22380531541133 ], [ 72.979183980800343, 20.229734064348705 ], [ 72.974616868110687, 20.225725231562365 ], [ 72.979126882294025, 20.22380531541133 ] ], [ [ 73.005137788757693, 20.230623124535924 ], [ 73.001129397004831, 20.214438829710954 ], [ 73.00831689514871, 20.228959595987806 ], [ 73.005137788757693, 20.230623124535924 ] ], [ [ 72.989512016804539, 20.238799610168453 ], [ 72.983683699874035, 20.233683741656375 ], [ 73.002051537362874, 20.232238064921827 ], [ 72.989512016804539, 20.238799610168453 ] ], [ [ 73.114629694504742, 24.261888138397932 ], [ 73.123773563173756, 24.271103765810551 ], [ 73.118283246372414, 24.266735032061732 ], [ 73.114629694504742, 24.261888138397932 ] ], [ [ 76.440446742723452, 28.118888870617884 ], [ 76.441042825819522, 28.119878050622876 ], [ 76.440686519167514, 28.120442334253777 ], [ 76.440446742723452, 28.118888870617884 ] ], [ [ 76.429147511786326, 28.138026599044977 ], [ 76.436383498615925, 28.127257037395111 ], [ 76.429276518439735, 28.138512377580291 ], [ 76.429147511786326, 28.138026599044977 ] ], [ [ 76.435965736630749, 28.111452790550555 ], [ 76.422852527548656, 28.114322641599298 ], [ 76.434533111000235, 28.10907539612737 ], [ 76.435965736630749, 28.111452790550555 ] ], [ [ 73.963760466163166, 15.692321784714242 ], [ 73.96176522845802, 15.641684577684146 ], [ 73.967494320734076, 15.636054649595495 ], [ 73.963760466163166, 15.692321784714242 ] ], [ [ 74.09144138087089, 15.639747616929673 ], [ 74.03115607815306, 15.622611329130711 ], [ 74.063419626060366, 15.626451994527651 ], [ 74.09144138087089, 15.639747616929673 ] ], [ [ 74.11436464105617, 15.654674117734992 ], [ 74.118072419628788, 15.652161801718222 ], [ 74.122388789679235, 15.652286302935437 ], [ 74.11436464105617, 15.654674117734992 ] ], [ [ 74.250442495219801, 15.657257914009483 ], [ 74.223779258372332, 15.668982646183187 ], [ 74.250050332000882, 15.655313635674935 ], [ 74.250442495219801, 15.657257914009483 ] ], [ [ 73.829748262365925, 15.764328825141158 ], [ 73.821904368784018, 15.742497712701983 ], [ 73.826615300610015, 15.743361123838254 ], [ 73.829748262365925, 15.764328825141158 ] ], [ [ 73.853820453557816, 15.798607274056643 ], [ 73.853753066026258, 15.797574331761794 ], [ 73.854345388609559, 15.798617281115018 ], [ 73.853820453557816, 15.798607274056643 ] ], [ [ 73.863395902503797, 15.798789814880012 ], [ 73.862354516673761, 15.798769962502549 ], [ 73.863725632291306, 15.798306489760014 ], [ 73.863395902503797, 15.798789814880012 ] ], [ [ 78.207862844919333, 12.706915071255636 ], [ 78.205747594389351, 12.706403229132391 ], [ 78.209939765776397, 12.700503848259215 ], [ 78.207862844919333, 12.706915071255636 ] ], [ [ 78.200963657156322, 12.694026097147596 ], [ 78.199635016301315, 12.693067262407538 ], [ 78.210589016265914, 12.686076694320993 ], [ 78.200963657156322, 12.694026097147596 ] ], [ [ 78.271341802367587, 12.704722900597893 ], [ 78.300994371029176, 12.665869266514294 ], [ 78.272154285281502, 12.704674256617736 ], [ 78.271341802367587, 12.704722900597893 ] ], [ [ 78.371425169320815, 12.627106440444697 ], [ 78.37544958086454, 12.627081993785184 ], [ 78.300994371029176, 12.665869266514294 ], [ 78.371425169320815, 12.627106440444697 ] ], [ [ 78.388678150881759, 12.627001635615168 ], [ 78.412610462616428, 12.626856256577769 ], [ 78.427067564180433, 12.635242762009545 ], [ 78.388678150881759, 12.627001635615168 ] ], [ [ 78.464918425680025, 12.624011122473336 ], [ 78.46493070924204, 12.624040558323236 ], [ 78.427067564180433, 12.635242762009545 ], [ 78.464918425680025, 12.624011122473336 ] ], [ [ 78.520013507544789, 12.712013424525948 ], [ 78.492799946140209, 12.738383470878111 ], [ 78.492685767757891, 12.735642312775987 ], [ 78.520013507544789, 12.712013424525948 ] ], [ [ 78.492959554211509, 12.74221529043 ], [ 78.500463862032234, 12.742670584553654 ], [ 78.493165070831111, 12.747149267733674 ], [ 78.492959554211509, 12.74221529043 ] ], [ [ 78.508467969930564, 12.737759105045962 ], [ 78.513884579207541, 12.728944112488865 ], [ 78.5138295274283, 12.734469146925207 ], [ 78.508467969930564, 12.737759105045962 ] ], [ [ 78.515057980365597, 12.727034518876742 ], [ 78.516693208845538, 12.724373347257606 ], [ 78.520923814646238, 12.736130916797281 ], [ 78.515057980365597, 12.727034518876742 ] ], [ [ 78.537499318339897, 12.693181554898089 ], [ 78.538837294337128, 12.692818286648427 ], [ 78.539333882265296, 12.693415113235277 ], [ 78.537499318339897, 12.693181554898089 ] ], [ [ 79.430866446347935, 13.229847966690748 ], [ 79.432133105226072, 13.232272557578767 ], [ 79.429870808139782, 13.231211916154948 ], [ 79.430866446347935, 13.229847966690748 ] ], [ [ 79.434081214907522, 13.236001556020305 ], [ 79.437679251719658, 13.242888783055188 ], [ 79.431491044732283, 13.236065618792935 ], [ 79.434081214907522, 13.236001556020305 ] ], [ [ 79.737317082318498, 13.236534770933778 ], [ 79.750082137933887, 13.207994284478524 ], [ 79.754991014496966, 13.20647815805598 ], [ 79.737317082318498, 13.236534770933778 ] ], [ [ 79.759974804540136, 11.989883950242579 ], [ 79.760772272245546, 11.990518092240418 ], [ 79.762166129762022, 12.002768370223322 ], [ 79.759974804540136, 11.989883950242579 ] ], [ [ 79.746846751511896, 12.007550730516988 ], [ 79.712834000194022, 11.986282000083893 ], [ 79.762166129762022, 12.002768370223322 ], [ 79.746846751511896, 12.007550730516988 ] ], [ [ 79.675938810295619, 11.881576392361509 ], [ 79.675988240198876, 11.881210076647378 ], [ 79.70944600001171, 11.889413000224327 ], [ 79.675938810295619, 11.881576392361509 ] ], [ [ 79.718864404198058, 11.852912754838384 ], [ 79.719077518794649, 11.852576938172232 ], [ 79.720653694217134, 11.862938295186984 ], [ 79.718864404198058, 11.852912754838384 ] ], [ [ 79.736732569643479, 11.86459784893974 ], [ 79.740334163751868, 11.863538889489583 ], [ 79.74009599974076, 11.864944999650971 ], [ 79.736732569643479, 11.86459784893974 ] ], [ [ 79.742866917720562, 11.848585618106883 ], [ 79.752645999875398, 11.849691999736359 ], [ 79.752797324486153, 11.850580210732936 ], [ 79.742866917720562, 11.848585618106883 ] ], [ [ 79.757271189209959, 11.876738855770853 ], [ 79.757711984309012, 11.876735159261967 ], [ 79.757274000127239, 11.87676300037813 ], [ 79.757271189209959, 11.876738855770853 ] ], [ [ 79.764682767643706, 11.876292051047907 ], [ 79.768173243175895, 11.867587762200113 ], [ 79.768618325637348, 11.87604188144857 ], [ 79.764682767643706, 11.876292051047907 ] ], [ [ 79.767643451533743, 11.857524634336064 ], [ 79.761976999768379, 11.849111999711083 ], [ 79.766837903375361, 11.842223649055478 ], [ 79.767643451533743, 11.857524634336064 ] ], [ [ 79.768492604083619, 11.839878784884089 ], [ 79.769605999586659, 11.838301000327267 ], [ 79.770383112316679, 11.839272025815999 ], [ 79.768492604083619, 11.839878784884089 ] ], [ [ 79.780511997697729, 11.851928369609629 ], [ 79.783435108430893, 11.85558088348396 ], [ 79.781858000045048, 11.855628999708365 ], [ 79.780511997697729, 11.851928369609629 ] ], [ [ 79.791036925132531, 11.855348958575313 ], [ 79.801494376873251, 11.854437039976911 ], [ 79.801261999949332, 11.855037000311141 ], [ 79.791036925132531, 11.855348958575313 ] ], [ [ 78.26475284774034, 26.81484158548005 ], [ 78.267907728921827, 26.813579336503796 ], [ 78.268218524771214, 26.81532897041448 ], [ 78.26475284774034, 26.81484158548005 ] ], [ [ 78.273122353582039, 26.842935211606861 ], [ 78.285430725750743, 26.854974237052044 ], [ 78.282513434064413, 26.8544353711168 ], [ 78.273122353582039, 26.842935211606861 ] ], [ [ 78.360148699917204, 26.868775726706744 ], [ 78.364237177277872, 26.867021052297201 ], [ 78.362647763597778, 26.869237339885082 ], [ 78.360148699917204, 26.868775726706744 ] ], [ [ 78.989585884459487, 26.583688500447607 ], [ 78.989783485850523, 26.578450570754711 ], [ 78.993569050263488, 26.578437014874254 ], [ 78.989585884459487, 26.583688500447607 ] ], [ [ 79.014004101693615, 26.551495033782633 ], [ 79.01426415257005, 26.550958199890278 ], [ 79.014344790799683, 26.551045862441654 ], [ 79.014004101693615, 26.551495033782633 ] ], [ [ 79.086193887138549, 26.361434366301609 ], [ 79.084170028982342, 26.359269656866473 ], [ 79.138830780854491, 26.337513365365176 ], [ 79.086193887138549, 26.361434366301609 ] ], [ [ 79.1248969472705, 26.31159180733173 ], [ 79.118323196794663, 26.300443264267148 ], [ 79.118598202139452, 26.300336377957166 ], [ 79.1248969472705, 26.31159180733173 ] ], [ [ 78.226012889496559, 24.52103048429576 ], [ 78.225822035928843, 24.520112280105707 ], [ 78.24601648053131, 24.509539049207813 ], [ 78.226012889496559, 24.52103048429576 ] ], [ [ 78.329990639986207, 24.32819632945629 ], [ 78.329083506798256, 24.327127833145514 ], [ 78.333545736477774, 24.322561415286462 ], [ 78.329990639986207, 24.32819632945629 ] ], [ [ 78.378100651561908, 24.284082926904055 ], [ 78.36408550646486, 24.291308575093002 ], [ 78.385477694410056, 24.270032932170505 ], [ 78.378100651561908, 24.284082926904055 ] ], [ [ 78.397573238796312, 24.270569212616422 ], [ 78.409965516320696, 24.271118649326709 ], [ 78.410213668955677, 24.271525357193109 ], [ 78.397573238796312, 24.270569212616422 ] ], [ [ 78.4265155669206, 24.284360332985919 ], [ 78.431086654693416, 24.284031890517959 ], [ 78.433314072202222, 24.290175142192773 ], [ 78.4265155669206, 24.284360332985919 ] ], [ [ 78.497850041972825, 24.385788125319955 ], [ 78.500972963030037, 24.38903889561988 ], [ 78.500477720470514, 24.389073608831804 ], [ 78.497850041972825, 24.385788125319955 ] ], [ [ 78.78385831048476, 24.192107909050112 ], [ 78.785544543733366, 24.183496633129614 ], [ 78.789532505005923, 24.18243585485174 ], [ 78.78385831048476, 24.192107909050112 ] ], [ [ 78.802732722288752, 24.178924661337096 ], [ 78.805531365564065, 24.178180235854732 ], [ 78.808239372344829, 24.180089216105969 ], [ 78.802732722288752, 24.178924661337096 ] ], [ [ 78.812880510294761, 24.183360936381042 ], [ 78.814149613817719, 24.184255577258352 ], [ 78.814946150203937, 24.206804480885328 ], [ 78.812880510294761, 24.183360936381042 ] ], [ [ 78.736132110555417, 25.492094751448199 ], [ 78.738454934819956, 25.494411564715023 ], [ 78.736349745068651, 25.493815500287436 ], [ 78.736132110555417, 25.492094751448199 ] ], [ [ 78.744980707267601, 25.496259275030035 ], [ 78.746456530554198, 25.494526176319543 ], [ 78.746268766712376, 25.496623976793938 ], [ 78.744980707267601, 25.496259275030035 ] ], [ [ 78.767828864914904, 25.469428073140879 ], [ 78.794913780303261, 25.48194115516996 ], [ 78.791561069079492, 25.483419437080183 ], [ 78.767828864914904, 25.469428073140879 ] ], [ [ 78.813634009216003, 25.47368700683748 ], [ 78.818077438656559, 25.471306379568574 ], [ 78.818249468345797, 25.471651952434172 ], [ 78.813634009216003, 25.47368700683748 ] ], [ [ 78.844667209496464, 25.428642522362207 ], [ 78.846560652536667, 25.428687255668589 ], [ 78.866171083243714, 25.465668643653888 ], [ 78.844667209496464, 25.428642522362207 ] ], [ [ 78.854358794230407, 25.490008628011267 ], [ 78.840979506251017, 25.498076171982468 ], [ 78.866171083243714, 25.465668643653888 ], [ 78.854358794230407, 25.490008628011267 ] ], [ [ 78.83547789154801, 25.505153685803556 ], [ 78.836231203935725, 25.506071695039431 ], [ 78.834959482653375, 25.505820589306403 ], [ 78.83547789154801, 25.505153685803556 ] ], [ [ 78.874294918451056, 25.540949486369289 ], [ 78.892126861230679, 25.554360062554384 ], [ 78.882648715234936, 25.553961489315721 ], [ 78.874294918451056, 25.540949486369289 ] ], [ [ 78.898969520059026, 25.554647808775165 ], [ 78.912557016873436, 25.553022544440115 ], [ 78.911203437996718, 25.555162267224759 ], [ 78.898969520059026, 25.554647808775165 ] ], [ [ 78.921120286188867, 25.539485821327542 ], [ 78.922221757840958, 25.536053757221048 ], [ 78.92277859038748, 25.536864392064228 ], [ 78.921120286188867, 25.539485821327542 ] ], [ [ 78.938344081217878, 25.555860052498094 ], [ 78.941396347953585, 25.554254457288767 ], [ 78.9393661555508, 25.557219615589432 ], [ 78.938344081217878, 25.555860052498094 ] ], [ [ 78.949983048788681, 25.541713317236475 ], [ 78.948100074660246, 25.534341545941224 ], [ 78.952847258758396, 25.537530050687518 ], [ 78.949983048788681, 25.541713317236475 ] ], [ [ 78.928278728051708, 25.490167179166257 ], [ 78.94195637187191, 25.492429668187647 ], [ 78.926709387903713, 25.490894397856255 ], [ 78.928278728051708, 25.490167179166257 ] ], [ [ 78.937079042828557, 25.46446164967811 ], [ 78.908872790009923, 25.44242051967128 ], [ 78.936023716935921, 25.461607491805516 ], [ 78.937079042828557, 25.46446164967811 ] ], [ [ 78.845743059918661, 25.355554607878087 ], [ 78.841041901355979, 25.34496930823769 ], [ 78.845977057651709, 25.339405158872239 ], [ 78.845743059918661, 25.355554607878087 ] ], [ [ 78.798236627118172, 25.313936220153288 ], [ 78.792321586720689, 25.308087941381427 ], [ 78.787781832438696, 25.296007057981651 ], [ 78.798236627118172, 25.313936220153288 ] ], [ [ 78.797661328198743, 25.289174445610968 ], [ 78.798129037538814, 25.289594528258423 ], [ 78.787781832438696, 25.296007057981651 ], [ 78.797661328198743, 25.289174445610968 ] ], [ [ 78.87994846049007, 25.252053994055998 ], [ 78.87950203745163, 25.252255249665286 ], [ 78.878150381970727, 25.248438224161166 ], [ 78.87994846049007, 25.252053994055998 ] ], [ [ 78.871469605830939, 25.229571957369785 ], [ 78.870355865785768, 25.226426796330301 ], [ 78.890584752792591, 25.214424297500958 ], [ 78.871469605830939, 25.229571957369785 ] ], [ [ 78.881421355651085, 25.158195368244147 ], [ 78.881908418330795, 25.156894047915358 ], [ 78.902616426046663, 25.170164142949758 ], [ 78.881421355651085, 25.158195368244147 ] ], [ [ 78.902993392670524, 25.170405710511062 ], [ 78.903028147392376, 25.170427982014349 ], [ 78.92521262139698, 25.204454902789756 ], [ 78.902993392670524, 25.170405710511062 ] ], [ [ 79.031132755754285, 25.139771171208007 ], [ 79.030763218982841, 25.138479594492285 ], [ 79.050805604773188, 25.133984124386721 ], [ 79.031132755754285, 25.139771171208007 ] ], [ [ 79.125408464279644, 25.113573528342894 ], [ 79.124020731623261, 25.110779652895982 ], [ 79.129784953658856, 25.110493254690304 ], [ 79.125408464279644, 25.113573528342894 ] ], [ [ 79.14052852437004, 25.109959455097709 ], [ 79.17424334892192, 25.10828431746479 ], [ 79.178441498059911, 25.114106773550905 ], [ 79.14052852437004, 25.109959455097709 ] ], [ [ 79.183550417652441, 25.121192386519187 ], [ 79.187290292377654, 25.126379257123205 ], [ 79.181179708773655, 25.127261229737378 ], [ 79.183550417652441, 25.121192386519187 ] ], [ [ 79.176345851760132, 25.139635553981357 ], [ 79.176423940543089, 25.140153608832758 ], [ 79.176180056192436, 25.140059978639993 ], [ 79.176345851760132, 25.139635553981357 ] ], [ [ 79.227372415897889, 25.122001183553401 ], [ 79.24514335659029, 25.113849669083397 ], [ 79.245180295221942, 25.114089326961075 ], [ 79.227372415897889, 25.122001183553401 ] ], [ [ 79.224159387764701, 25.146047710102334 ], [ 79.24680241550287, 25.158253990911557 ], [ 79.244597514403154, 25.159049925926627 ], [ 79.224159387764701, 25.146047710102334 ] ], [ [ 79.265497973681676, 25.133540049063626 ], [ 79.259904806073493, 25.12525774585832 ], [ 79.265843284789156, 25.123232973278924 ], [ 79.265497973681676, 25.133540049063626 ] ], [ [ 79.287109611311934, 25.131861695068348 ], [ 79.307305894959057, 25.129466469489582 ], [ 79.312407509063149, 25.136029865320779 ], [ 79.287109611311934, 25.131861695068348 ] ], [ [ 79.347227613236441, 25.265286475488566 ], [ 79.347362196442845, 25.266695388807797 ], [ 79.335214895719957, 25.269802468063844 ], [ 79.347227613236441, 25.265286475488566 ] ], [ [ 79.293787412866536, 25.283583629870826 ], [ 79.28212540097762, 25.262367961521527 ], [ 79.282678716364089, 25.262161881320203 ], [ 79.293787412866536, 25.283583629870826 ] ], [ [ 79.278148881331717, 25.263849001068316 ], [ 79.26480224895991, 25.271211724828447 ], [ 79.264465872142353, 25.268945185554504 ], [ 79.278148881331717, 25.263849001068316 ] ], [ [ 79.842574040478752, 25.098007321414368 ], [ 79.85123676453577, 25.094200222981783 ], [ 79.860081411884579, 25.096347575605655 ], [ 79.842574040478752, 25.098007321414368 ] ], [ [ 79.861155666380327, 25.09660838908065 ], [ 79.861690285673546, 25.096738186922984 ], [ 79.848006374204289, 25.110534707500818 ], [ 79.861155666380327, 25.09660838908065 ] ], [ [ 80.289868193838103, 25.054159498605205 ], [ 80.285812822150803, 25.056029035161259 ], [ 80.288167882898307, 25.040497265322276 ], [ 80.289868193838103, 25.054159498605205 ] ], [ [ 80.287974521683381, 25.038943581249416 ], [ 80.273622961112395, 25.025973240013602 ], [ 80.287871988705959, 25.038119714611831 ], [ 80.287974521683381, 25.038943581249416 ] ], [ [ 80.330547190209529, 24.992326151652474 ], [ 80.330601864968614, 24.99243017571462 ], [ 80.273622961112395, 25.025973240013602 ], [ 80.330547190209529, 24.992326151652474 ] ], [ [ 80.377996443429097, 25.011689207130495 ], [ 80.378493885014834, 25.004350970813327 ], [ 80.384623045553937, 25.006445135394546 ], [ 80.377996443429097, 25.011689207130495 ] ], [ [ 80.393482208910513, 25.009472066407728 ], [ 80.395637670341543, 25.010208527943732 ], [ 80.395039114223238, 25.010774213173708 ], [ 80.393482208910513, 25.009472066407728 ] ], [ [ 80.448616905739073, 25.077704483163945 ], [ 80.451429927058911, 25.062206841665198 ], [ 80.449645897461565, 25.078493227189021 ], [ 80.448616905739073, 25.077704483163945 ] ], [ [ 80.464876970297198, 25.064630835214764 ], [ 80.46357004274833, 25.068027357588505 ], [ 80.451429927058911, 25.062206841665198 ], [ 80.464876970297198, 25.064630835214764 ] ], [ [ 80.500694107361994, 25.037279418672711 ], [ 80.501553778658234, 25.036830443566981 ], [ 80.50187663143727, 25.03724881825525 ], [ 80.500694107361994, 25.037279418672711 ] ], [ [ 80.501288933216927, 25.036487238749984 ], [ 80.474353336064482, 25.030529460481898 ], [ 80.495585632529369, 25.029096512071384 ], [ 80.501288933216927, 25.036487238749984 ] ], [ [ 80.451401125301217, 25.039583953023246 ], [ 80.448949265242604, 25.040551195300782 ], [ 80.433650213949619, 25.024219003440965 ], [ 80.451401125301217, 25.039583953023246 ] ], [ [ 80.43315116961918, 25.023686258789333 ], [ 80.43309154264162, 25.023622605218996 ], [ 80.43338208153034, 25.023495360707933 ], [ 80.43315116961918, 25.023686258789333 ] ], [ [ 80.454431075744779, 25.006093865086193 ], [ 80.454528764669931, 25.00564835817509 ], [ 80.454872351487182, 25.005729056306205 ], [ 80.454431075744779, 25.006093865086193 ] ], [ [ 80.437226932731164, 24.994585348380149 ], [ 80.437243339666097, 24.994328739088242 ], [ 80.462854600398074, 25.002533368279863 ], [ 80.437226932731164, 24.994585348380149 ] ], [ [ 80.49930225274403, 25.006214614816788 ], [ 80.549282818496522, 25.002104929178671 ], [ 80.549070103736824, 25.00249651232479 ], [ 80.49930225274403, 25.006214614816788 ] ], [ [ 80.506627520746449, 25.083974236684362 ], [ 80.48145197489039, 25.095468217971202 ], [ 80.480767822563351, 25.09291377556551 ], [ 80.506627520746449, 25.083974236684362 ] ], [ [ 80.48169393595731, 25.096371636092343 ], [ 80.505518524000848, 25.096665034570652 ], [ 80.482722233853934, 25.100211026311474 ], [ 80.48169393595731, 25.096371636092343 ] ], [ [ 80.514744950194981, 25.095229852316393 ], [ 80.521597346246793, 25.076045810845745 ], [ 80.518131729993101, 25.094703034438805 ], [ 80.514744950194981, 25.095229852316393 ] ], [ [ 80.547216781028666, 25.064984615632891 ], [ 80.552228486640303, 25.062820810904501 ], [ 80.567580690671434, 25.073362590813943 ], [ 80.547216781028666, 25.064984615632891 ] ], [ [ 80.605404312558392, 25.14807522676638 ], [ 80.607157501187075, 25.146898703045586 ], [ 80.60654219610737, 25.15035828347547 ], [ 80.605404312558392, 25.14807522676638 ] ], [ [ 80.611726667976711, 25.129348448040364 ], [ 80.611612888425313, 25.127700139837557 ], [ 80.628510225473335, 25.133397104827896 ], [ 80.611726667976711, 25.129348448040364 ] ], [ [ 80.985384380390556, 24.932884369611795 ], [ 80.982755313302562, 24.926639210543236 ], [ 80.986746984167084, 24.923196751084333 ], [ 80.985384380390556, 24.932884369611795 ] ], [ [ 81.447657694462464, 25.107172156759333 ], [ 81.413710018584226, 25.107918381271709 ], [ 81.407270004336425, 25.104914315896014 ], [ 81.447657694462464, 25.107172156759333 ] ], [ [ 81.577055338079617, 25.190442746535449 ], [ 81.595621286101448, 25.181821930180895 ], [ 81.578574223483997, 25.19085385039709 ], [ 81.577055338079617, 25.190442746535449 ] ], [ [ 82.217922449677985, 24.776675613630772 ], [ 82.196545100068022, 24.778059546789756 ], [ 82.209444872672577, 24.771525777916516 ], [ 82.217922449677985, 24.776675613630772 ] ], [ [ 82.406204469935844, 24.681119460964183 ], [ 82.430068042888465, 24.702216248251116 ], [ 82.429447941694463, 24.702585690633413 ], [ 82.406204469935844, 24.681119460964183 ] ], [ [ 82.765461920488349, 24.595770960270489 ], [ 82.803086863575771, 24.597082448685519 ], [ 82.803030998912561, 24.59768504149886 ], [ 82.765461920488349, 24.595770960270489 ] ], [ [ 82.713207018059975, 24.380235763587013 ], [ 82.723835658551693, 24.36817715025526 ], [ 82.725638987935355, 24.368258955638368 ], [ 82.713207018059975, 24.380235763587013 ] ], [ [ 82.727888458103237, 24.368360999541462 ], [ 82.755905312847787, 24.369631942917987 ], [ 82.758993744395681, 24.375171807673897 ], [ 82.727888458103237, 24.368360999541462 ] ], [ [ 82.762228550871896, 24.375880100343121 ], [ 82.764630541595366, 24.374140352740699 ], [ 82.764006259698192, 24.376269347161728 ], [ 82.762228550871896, 24.375880100343121 ] ], [ [ 82.768746285278056, 24.360104393379146 ], [ 82.766114389242546, 24.316307062950731 ], [ 82.773638001769498, 24.343422126655224 ], [ 82.768746285278056, 24.360104393379146 ] ], [ [ 82.766053834952146, 24.315299380189007 ], [ 82.765952573418602, 24.313614288990728 ], [ 82.766675813028314, 24.312992009843711 ], [ 82.766053834952146, 24.315299380189007 ] ], [ [ 82.770307214018274, 24.299520494886586 ], [ 82.75616413754922, 24.26142286362704 ], [ 82.771514370278965, 24.295042271835396 ], [ 82.770307214018274, 24.299520494886586 ] ], [ [ 82.758963636689018, 24.236790950356898 ], [ 82.759294911732269, 24.237057075366934 ], [ 82.75616413754922, 24.26142286362704 ], [ 82.758963636689018, 24.236790950356898 ] ], [ [ 82.745703785879471, 24.226138841175523 ], [ 82.734813651886213, 24.217780431647782 ], [ 82.734876174653806, 24.217440636451656 ], [ 82.745703785879471, 24.226138841175523 ] ], [ [ 82.667383851354231, 24.133374533624192 ], [ 82.664304786706126, 24.12916004173502 ], [ 82.66604681022821, 24.127837080706751 ], [ 82.667383851354231, 24.133374533624192 ] ], [ [ 82.706848253733625, 24.096850863258702 ], [ 82.707567337327433, 24.096304762957168 ], [ 82.707539969235356, 24.09639144311107 ], [ 82.706848253733625, 24.096850863258702 ] ], [ [ 82.836986821460854, 23.956804337199703 ], [ 82.81259915456198, 23.959892836813417 ], [ 82.805937686573117, 23.96039248817889 ], [ 82.836986821460854, 23.956804337199703 ] ], [ [ 82.785886522018771, 23.940888127022312 ], [ 82.800874376270656, 23.960789313244781 ], [ 82.782683134298551, 23.940205151903594 ], [ 82.785886522018771, 23.940888127022312 ] ], [ [ 82.668447767557922, 23.871790801144041 ], [ 82.652072743140167, 23.88844616959879 ], [ 82.65123457039131, 23.88675565710609 ], [ 82.668447767557922, 23.871790801144041 ] ], [ [ 82.666048124819866, 23.866786052224548 ], [ 82.660191065510119, 23.855224074035984 ], [ 82.660465850211168, 23.855143534622609 ], [ 82.666048124819866, 23.866786052224548 ] ], [ [ 82.646754799592244, 23.859008880242346 ], [ 82.646693288333935, 23.859028580654115 ], [ 82.635337832004012, 23.837707948134014 ], [ 82.646754799592244, 23.859008880242346 ] ], [ [ 82.538127662305357, 23.794250263698213 ], [ 82.523541592347556, 23.783780733105317 ], [ 82.524462120406639, 23.783741282277234 ], [ 82.538127662305357, 23.794250263698213 ] ], [ [ 81.926290479923779, 23.868442631668277 ], [ 81.921474254286153, 23.870912521470519 ], [ 81.907565688734209, 23.852290162350016 ], [ 81.926290479923779, 23.868442631668277 ] ], [ [ 81.889978800207501, 23.837119276092562 ], [ 81.885784067316848, 23.835385293559472 ], [ 81.888157512150187, 23.835548187840217 ], [ 81.889978800207501, 23.837119276092562 ] ], [ [ 81.832146115260272, 23.813212899177955 ], [ 81.819298615305556, 23.8079021103635 ], [ 81.822816049027594, 23.807721783350349 ], [ 81.832146115260272, 23.813212899177955 ] ], [ [ 81.81018185932615, 23.808369495822706 ], [ 81.725473856803717, 23.839824049411 ], [ 81.791118507338467, 23.809346809852265 ], [ 81.81018185932615, 23.808369495822706 ] ], [ [ 80.737753563619222, 21.473124205145208 ], [ 80.726368612782167, 21.449303900672703 ], [ 80.73000994530986, 21.452555241034037 ], [ 80.737753563619222, 21.473124205145208 ] ], [ [ 80.712832095149679, 21.437217164348645 ], [ 80.706815831259931, 21.433073450643558 ], [ 80.706547177321468, 21.431605370631058 ], [ 80.712832095149679, 21.437217164348645 ] ], [ [ 80.70586492256156, 21.427877137268183 ], [ 80.700440194623766, 21.398233296183331 ], [ 80.706548184901479, 21.411555634357487 ], [ 80.70586492256156, 21.427877137268183 ] ], [ [ 80.684011987153966, 21.362401193387299 ], [ 80.676073947061226, 21.347390524684275 ], [ 80.677778829208378, 21.34880584790238 ], [ 80.684011987153966, 21.362401193387299 ] ], [ [ 80.660264246040597, 21.333875201749912 ], [ 80.660628025692432, 21.33456795441176 ], [ 80.621337883582669, 21.320368728199565 ], [ 80.660264246040597, 21.333875201749912 ] ], [ [ 80.681563677532651, 21.313567158451924 ], [ 80.677777269460805, 21.298077718114293 ], [ 80.679567839840672, 21.298836963591874 ], [ 80.681563677532651, 21.313567158451924 ] ], [ [ 80.657233698042532, 21.281951673443047 ], [ 80.650713155573669, 21.277375578154739 ], [ 80.643835321005781, 21.251472899423035 ], [ 80.657233698042532, 21.281951673443047 ] ], [ [ 80.478611066106509, 21.170684090923135 ], [ 80.46426127153444, 21.175027647605951 ], [ 80.464110897140742, 21.174619442249249 ], [ 80.478611066106509, 21.170684090923135 ] ], [ [ 80.45264425358053, 21.038830777778657 ], [ 80.424185861690148, 21.008863979290794 ], [ 80.424428754173064, 21.008680156672352 ], [ 80.45264425358053, 21.038830777778657 ] ], [ [ 80.443772482161819, 20.994040696914137 ], [ 80.463633384626064, 20.92924833412582 ], [ 80.463679613494676, 20.929251470928875 ], [ 80.443772482161819, 20.994040696914137 ] ], [ [ 80.483384246801492, 20.930588504600763 ], [ 80.546082089890135, 20.934842789674679 ], [ 80.546057841561407, 20.935013082240957 ], [ 80.483384246801492, 20.930588504600763 ] ], [ [ 80.580125160522314, 20.672919607247639 ], [ 80.521293644597733, 20.657277308909823 ], [ 80.518769756055548, 20.655304288839783 ], [ 80.580125160522314, 20.672919607247639 ] ], [ [ 80.506306318133269, 20.645561143391259 ], [ 80.498454366885724, 20.639422973206056 ], [ 80.498440888851945, 20.639130213979971 ], [ 80.506306318133269, 20.645561143391259 ] ], [ [ 80.496860604769523, 20.604804528766351 ], [ 80.496749725017253, 20.602396086186239 ], [ 80.504413835836829, 20.583353382641018 ], [ 80.496860604769523, 20.604804528766351 ] ], [ [ 80.521042945731196, 20.580531590107764 ], [ 80.521541986968629, 20.580446907833938 ], [ 80.580767405005389, 20.60836446189299 ], [ 80.521042945731196, 20.580531590107764 ] ], [ [ 80.631849724731865, 20.598392112906534 ], [ 80.631861550624336, 20.598402420537589 ], [ 80.580767405005389, 20.60836446189299 ], [ 80.631849724731865, 20.598392112906534 ] ], [ [ 80.546203274136516, 19.818316709743758 ], [ 80.542611933716984, 19.779923168788731 ], [ 80.54630216415211, 19.818265731972726 ], [ 80.546203274136516, 19.818316709743758 ] ], [ [ 80.66533209762612, 19.611879169265933 ], [ 80.718177602729611, 19.615293569225368 ], [ 80.714647712889999, 19.616704803053526 ], [ 80.66533209762612, 19.611879169265933 ] ], [ [ 80.723112277633348, 19.613320708747686 ], [ 80.763921898292537, 19.590438163355245 ], [ 80.740845934189991, 19.606230873889707 ], [ 80.723112277633348, 19.613320708747686 ] ], [ [ 80.768539939406878, 19.587277671935215 ], [ 80.775108878032071, 19.562511916797977 ], [ 80.769428284019654, 19.586669707333517 ], [ 80.768539939406878, 19.587277671935215 ] ], [ [ 80.834203365497942, 19.566702889153362 ], [ 80.816153827346142, 19.571196851759904 ], [ 80.775108878032071, 19.562511916797977 ], [ 80.834203365497942, 19.566702889153362 ] ], [ [ 80.834879990430892, 19.566534423505001 ], [ 80.856207428759248, 19.523002786241843 ], [ 80.835593258199765, 19.5663568345465 ], [ 80.834879990430892, 19.566534423505001 ] ], [ [ 80.89496487541075, 19.519624789724904 ], [ 80.894890507900612, 19.476329947258744 ], [ 80.897684317809478, 19.480448720620625 ], [ 80.89496487541075, 19.519624789724904 ] ], [ [ 80.87432684840293, 19.446013978841247 ], [ 80.842423644468781, 19.446908040027711 ], [ 80.873630887574777, 19.444987958813602 ], [ 80.87432684840293, 19.446013978841247 ] ], [ [ 80.7567120764717, 19.290562691808596 ], [ 80.748706172021443, 19.289028446738463 ], [ 80.755731355709756, 19.28927290101598 ], [ 80.7567120764717, 19.290562691808596 ] ], [ [ 80.612543453575157, 19.309518026669128 ], [ 80.590945461889078, 19.364275696134047 ], [ 80.590031078511345, 19.351770987134262 ], [ 80.612543453575157, 19.309518026669128 ] ], [ [ 80.579450729270675, 19.393418441369583 ], [ 80.575925119162662, 19.402356966569631 ], [ 80.573955124173537, 19.401210345602912 ], [ 80.579450729270675, 19.393418441369583 ] ], [ [ 80.5203309408016, 19.347769551474716 ], [ 80.484169193658047, 19.339706705833251 ], [ 80.483528951346955, 19.338398363068126 ], [ 80.5203309408016, 19.347769551474716 ] ], [ [ 80.446873384991022, 19.265890137187689 ], [ 80.434855959042878, 19.260089254056226 ], [ 80.446025642676375, 19.264170938009258 ], [ 80.446873384991022, 19.265890137187689 ] ], [ [ 80.391670921919456, 19.239243579245173 ], [ 80.38902860561906, 19.237968117418234 ], [ 80.3845846251712, 19.217952146798936 ], [ 80.391670921919456, 19.239243579245173 ] ], [ [ 80.384044487174521, 19.215519330903625 ], [ 80.383934110589877, 19.215022187745337 ], [ 80.393844875095283, 19.187797578444638 ], [ 80.384044487174521, 19.215519330903625 ] ], [ [ 80.303126811741038, 19.022163321197155 ], [ 80.273408502110158, 18.993179392511973 ], [ 80.273326252900134, 18.991791091807659 ], [ 80.303126811741038, 19.022163321197155 ] ], [ [ 80.272314552541488, 18.974714401102098 ], [ 80.270250561889995, 18.939875894153015 ], [ 80.27090340252974, 18.939115081200519 ], [ 80.272314552541488, 18.974714401102098 ] ], [ [ 80.279180010657598, 18.929469617540594 ], [ 80.344723694945671, 18.853085763772043 ], [ 80.335244811473459, 18.868647891568163 ], [ 80.279180010657598, 18.929469617540594 ] ], [ [ 80.352741438141749, 18.818984555413664 ], [ 80.349426455113118, 18.845364922500519 ], [ 80.351276142428006, 18.81830366152095 ], [ 80.352741438141749, 18.818984555413664 ] ], [ [ 80.299936540836924, 18.794447165627371 ], [ 80.276387725702918, 18.766660124189674 ], [ 80.276787963649014, 18.766592558025796 ], [ 80.299936540836924, 18.794447165627371 ] ], [ [ 80.251058241059454, 18.764424478638787 ], [ 80.247696679845447, 18.764196750400629 ], [ 80.245762376424977, 18.759213960717069 ], [ 80.251058241059454, 18.764424478638787 ] ], [ [ 80.259088282116295, 18.712478166712309 ], [ 80.277176226746107, 18.719642257089653 ], [ 80.244995126292721, 18.757237514827917 ], [ 80.272417959001061, 18.723505227837407 ], [ 80.259088282116295, 18.712478166712309 ] ], [ [ 80.244209903858888, 18.706585288959424 ], [ 80.212771705858088, 18.705717739854563 ], [ 80.233658781447843, 18.702406306986507 ], [ 80.244209903858888, 18.706585288959424 ] ], [ [ 79.964154100688162, 18.773825003259034 ], [ 79.918647549982836, 18.819202780780035 ], [ 79.921047898655715, 18.810230709051456 ], [ 79.964154100688162, 18.773825003259034 ] ], [ [ 79.916758869018039, 18.826262330619613 ], [ 79.961605031214845, 18.866626602964441 ], [ 79.91578230544728, 18.829912549649627 ], [ 79.916758869018039, 18.826262330619613 ] ], [ [ 79.940378743972573, 19.032013089165748 ], [ 79.940323295843058, 19.032096206771417 ], [ 79.961605031214845, 18.866626602964441 ], [ 79.940378743972573, 19.032013089165748 ] ], [ [ 79.93759953448297, 19.036179167272685 ], [ 79.928917064817185, 19.0491943238933 ], [ 79.928096080404345, 19.049078201954345 ], [ 79.93759953448297, 19.036179167272685 ] ], [ [ 79.979528399491201, 19.390096266620048 ], [ 79.97961495448483, 19.390325506525958 ], [ 79.979218133259025, 19.391232029147695 ], [ 79.979528399491201, 19.390096266620048 ] ], [ [ 79.962341690791135, 19.429785604100019 ], [ 79.946572808929048, 19.46580900002256 ], [ 79.947608697142343, 19.449678879980031 ], [ 79.962341690791135, 19.429785604100019 ] ], [ [ 79.945213312796128, 19.468914715943281 ], [ 79.944819483578215, 19.469814403439635 ], [ 79.920071065570198, 19.491222156492622 ], [ 79.945213312796128, 19.468914715943281 ] ], [ [ 79.914663774549311, 19.495899544389626 ], [ 79.914503399214055, 19.49603827146187 ], [ 79.864583949686391, 19.510513651078874 ], [ 79.914663774549311, 19.495899544389626 ] ], [ [ 79.759066097534344, 19.604594578901395 ], [ 79.81451344972109, 19.575583640565362 ], [ 79.778606550749757, 19.599666499871034 ], [ 79.759066097534344, 19.604594578901395 ] ], [ [ 79.748747470173356, 19.60719692443347 ], [ 79.743080008882714, 19.608626251421637 ], [ 79.740197785691663, 19.606584021768054 ], [ 79.748747470173356, 19.60719692443347 ] ], [ [ 78.472459038635037, 19.817338268708273 ], [ 78.427210402606377, 19.817601890815304 ], [ 78.431678625611454, 19.814876349368792 ], [ 78.472459038635037, 19.817338268708273 ] ], [ [ 78.405794139608844, 19.830665453749148 ], [ 78.390401250966221, 19.842362996611691 ], [ 78.400282189422398, 19.834027651353704 ], [ 78.405794139608844, 19.830665453749148 ] ], [ [ 78.386395101286141, 19.845742497545409 ], [ 78.380671277857616, 19.880436197043519 ], [ 78.385982893933132, 19.846090226723206 ], [ 78.386395101286141, 19.845742497545409 ] ], [ [ 78.334552373513972, 19.884673945992706 ], [ 78.33565185875004, 19.883577857703568 ], [ 78.380671277857616, 19.880436197043519 ], [ 78.334552373513972, 19.884673945992706 ] ], [ [ 78.324374548686976, 19.894820325621865 ], [ 78.324365131716945, 19.894832436128386 ], [ 78.324363818142217, 19.894831023013761 ], [ 78.324374548686976, 19.894820325621865 ] ], [ [ 78.331423918335773, 19.912486272222676 ], [ 78.331778926793419, 19.913373836239561 ], [ 78.331084908668473, 19.91339973740984 ], [ 78.331423918335773, 19.912486272222676 ] ], [ [ 78.307027909007317, 19.914297558982842 ], [ 78.291097157164685, 19.863842603332763 ], [ 78.297826501667359, 19.872249367551937 ], [ 78.307027909007317, 19.914297558982842 ] ], [ [ 78.287923890586839, 19.853792416999287 ], [ 78.286075134138017, 19.847937142524181 ], [ 78.294971276027681, 19.84616745129642 ], [ 78.287923890586839, 19.853792416999287 ] ], [ [ 78.358090912604681, 19.803261818951377 ], [ 78.363030629007454, 19.786732711659365 ], [ 78.358890826670589, 19.802885237243522 ], [ 78.358090912604681, 19.803261818951377 ] ], [ [ 78.364538587057709, 19.780849017462323 ], [ 78.349288731724172, 19.737975656891511 ], [ 78.364588739391948, 19.780653334964441 ], [ 78.364538587057709, 19.780849017462323 ] ], [ [ 77.762045602396555, 19.032392037122424 ], [ 77.761996296184947, 19.031852645657573 ], [ 77.775351135044261, 19.000626583014611 ], [ 77.762045602396555, 19.032392037122424 ] ], [ [ 77.932512687102232, 18.851663395228115 ], [ 77.934775641370521, 18.845144788338803 ], [ 77.948900925573327, 18.84328916582152 ], [ 77.932512687102232, 18.851663395228115 ] ], [ [ 77.948302386624661, 18.829710444051262 ], [ 77.934497959367278, 18.822265379617949 ], [ 77.948275352002497, 18.829097124544848 ], [ 77.948302386624661, 18.829710444051262 ] ], [ [ 77.525471884909877, 18.372705111137641 ], [ 77.522341184283107, 18.346467110141926 ], [ 77.522820989634752, 18.346264730481401 ], [ 77.525471884909877, 18.372705111137641 ] ], [ [ 77.563558327245033, 18.322067874927754 ], [ 77.571396143697044, 18.308829145420358 ], [ 77.570479506144409, 18.318112544269688 ], [ 77.563558327245033, 18.322067874927754 ] ], [ [ 77.561340896585733, 18.284949156732885 ], [ 77.566659284893618, 18.288909986717208 ], [ 77.514509359173417, 18.308648146057966 ], [ 77.561340896585733, 18.284949156732885 ] ], [ [ 77.605365986710467, 18.281292116863558 ], [ 77.571779635524891, 18.244001909830242 ], [ 77.605421607457387, 18.281281170138797 ], [ 77.605365986710467, 18.281292116863558 ] ], [ [ 77.692367326165368, 17.496989372614664 ], [ 77.688402127384734, 17.475196078752113 ], [ 77.692395549191659, 17.496879054375029 ], [ 77.692367326165368, 17.496989372614664 ] ], [ [ 77.593441126732685, 16.343033549029677 ], [ 77.588033179308653, 16.333373883869481 ], [ 77.594839944333444, 16.343175275663079 ], [ 77.593441126732685, 16.343033549029677 ] ], [ [ 77.59763540288688, 16.293155472252007 ], [ 77.563205845557022, 16.301635528466026 ], [ 77.597719039330755, 16.292805165377938 ], [ 77.59763540288688, 16.293155472252007 ] ], [ [ 77.490082500462094, 16.255203484689115 ], [ 77.490066049815695, 16.255180484852076 ], [ 77.492343016597943, 16.229297296078219 ], [ 77.490082500462094, 16.255203484689115 ] ], [ [ 77.514524515270452, 16.227862799473019 ], [ 77.513616568461984, 16.230748050254409 ], [ 77.492343016597943, 16.229297296078219 ], [ 77.514524515270452, 16.227862799473019 ] ], [ [ 77.514676725603621, 16.227379109262731 ], [ 77.501149129413619, 16.221717789344947 ], [ 77.515771773248602, 16.223899294097453 ], [ 77.514676725603621, 16.227379109262731 ] ], [ [ 77.493926862406056, 16.087077095200414 ], [ 77.493658000660588, 16.086343574800793 ], [ 77.501398643621812, 16.082415068622627 ], [ 77.493926862406056, 16.087077095200414 ] ], [ [ 77.506713366536104, 16.079098941080282 ], [ 77.494001405774881, 16.036987862104116 ], [ 77.506917830536011, 16.078971365529789 ], [ 77.506713366536104, 16.079098941080282 ] ], [ [ 77.379694883387444, 15.939842640429779 ], [ 77.379232857263844, 15.939929914457201 ], [ 77.379475187371781, 15.93980204512453 ], [ 77.379694883387444, 15.939842640429779 ] ], [ [ 77.248866415165068, 15.964555371463517 ], [ 77.185288203144978, 15.956742453903903 ], [ 77.176204088977059, 15.953305837955746 ], [ 77.248866415165068, 15.964555371463517 ] ], [ [ 77.105356240231615, 15.926503351506247 ], [ 77.084573682779919, 15.918641091404515 ], [ 77.081810828274257, 15.915358768882324 ], [ 77.105356240231615, 15.926503351506247 ] ], [ [ 77.05875294463975, 15.887965574411648 ], [ 77.032616630619316, 15.856915147405545 ], [ 77.025185490247338, 15.837509234097704 ], [ 77.05875294463975, 15.887965574411648 ] ], [ [ 77.065242834830343, 15.827406527120488 ], [ 77.065204535044131, 15.828193943543386 ], [ 77.025185490247338, 15.837509234097704 ], [ 77.065242834830343, 15.827406527120488 ] ], [ [ 77.050120551060161, 15.75971569130933 ], [ 77.047991340533144, 15.756216940496884 ], [ 77.048218184815966, 15.750895885701768 ], [ 77.050120551060161, 15.75971569130933 ] ], [ [ 76.97406309530848, 15.499318763981362 ], [ 76.974017750967818, 15.49823411274431 ], [ 76.997301492199597, 15.478006459869638 ], [ 76.97406309530848, 15.499318763981362 ] ], [ [ 77.104260242794581, 14.219151427885286 ], [ 77.107758057606304, 14.219908827716161 ], [ 77.116666348799981, 14.226380852257957 ], [ 77.104260242794581, 14.219151427885286 ] ], [ [ 77.116065092824101, 14.265223688989435 ], [ 77.115801021232215, 14.282283460767658 ], [ 77.110190818075893, 14.268274856705618 ], [ 77.116065092824101, 14.265223688989435 ] ], [ [ 77.122537975306969, 14.299105547167679 ], [ 77.130588421500022, 14.3068419268455 ], [ 77.134250575899642, 14.328351757985287 ], [ 77.122537975306969, 14.299105547167679 ] ], [ [ 77.137872597055278, 14.337395897539553 ], [ 77.153070534309052, 14.341066582735415 ], [ 77.138904052563859, 14.339971428482858 ], [ 77.137872597055278, 14.337395897539553 ] ], [ [ 77.1585134469818, 14.341487352625007 ], [ 77.197421450633698, 14.321175820273973 ], [ 77.166752242488187, 14.342124261075323 ], [ 77.1585134469818, 14.341487352625007 ] ], [ [ 77.37917127073581, 14.226482893068919 ], [ 77.391988483574409, 14.198901949203016 ], [ 77.392460288082276, 14.199121009817016 ], [ 77.37917127073581, 14.226482893068919 ] ], [ [ 77.418208172948255, 14.211075849954979 ], [ 77.41939050933091, 14.211624813200602 ], [ 77.417961262364017, 14.218152587297762 ], [ 77.418208172948255, 14.211075849954979 ] ], [ [ 77.41599630207476, 14.227127115266089 ], [ 77.408831519373706, 14.259850699090951 ], [ 77.409669770073435, 14.231917369430027 ], [ 77.41599630207476, 14.227127115266089 ] ], [ [ 77.377282496191953, 14.306707919600214 ], [ 77.377486104361836, 14.308565218253895 ], [ 77.377031058654993, 14.307601765861921 ], [ 77.377282496191953, 14.306707919600214 ] ], [ [ 77.388369516076025, 14.331608285996811 ], [ 77.390302172947983, 14.333449425818587 ], [ 77.389086189514828, 14.33312567365369 ], [ 77.388369516076025, 14.331608285996811 ] ], [ [ 77.396470366946332, 14.335091690101153 ], [ 77.428399212077849, 14.328642223801262 ], [ 77.406444712372917, 14.337747331483454 ], [ 77.396470366946332, 14.335091690101153 ] ], [ [ 77.431494205346581, 14.313030805150346 ], [ 77.431528811354838, 14.312856249396669 ], [ 77.446221793460552, 14.317466537376585 ], [ 77.431494205346581, 14.313030805150346 ] ], [ [ 77.450279811409516, 14.28070676854087 ], [ 77.480427193866149, 14.291129512914534 ], [ 77.478926878652402, 14.292161517951033 ], [ 77.450279811409516, 14.28070676854087 ] ], [ [ 77.484303041649568, 14.288463476873208 ], [ 77.50155874778217, 14.26665934841739 ], [ 77.498281498416205, 14.278848272245863 ], [ 77.484303041649568, 14.288463476873208 ] ], [ [ 77.503015205866092, 14.261242410411812 ], [ 77.492788356911376, 14.231006354495312 ], [ 77.503410824029658, 14.259771005851958 ], [ 77.503015205866092, 14.261242410411812 ] ], [ [ 77.516513148798097, 14.183278499737316 ], [ 77.50350595642189, 14.157117859549885 ], [ 77.517031010605422, 14.182811551272424 ], [ 77.516513148798097, 14.183278499737316 ] ], [ [ 77.351546652618055, 14.130017220422195 ], [ 77.351369125391173, 14.12997948031439 ], [ 77.347466564610883, 14.103635562230847 ], [ 77.351546652618055, 14.130017220422195 ] ], [ [ 77.399933284754695, 13.889007610537941 ], [ 77.397876242738803, 13.906183236662073 ], [ 77.398742651569435, 13.888125900520979 ], [ 77.399933284754695, 13.889007610537941 ] ], [ [ 76.998023567523461, 13.747204427157401 ], [ 76.998503301929958, 13.745573542882438 ], [ 77.016501983538973, 13.738509244512944 ], [ 76.998023567523461, 13.747204427157401 ] ], [ [ 77.512369915526264, 13.697247456130718 ], [ 77.525236353518196, 13.691002969905245 ], [ 77.525993456732664, 13.69363263774118 ], [ 77.512369915526264, 13.697247456130718 ] ], [ [ 77.521952944371648, 13.744560028695432 ], [ 77.526959464147509, 13.753277816336835 ], [ 77.525564152391766, 13.753303507503444 ], [ 77.521952944371648, 13.744560028695432 ] ], [ [ 77.547441863978079, 13.752900684312802 ], [ 77.560567482728828, 13.722406552955546 ], [ 77.560770720046534, 13.722695452285832 ], [ 77.547441863978079, 13.752900684312802 ] ], [ [ 77.613606211004821, 13.751915610024168 ], [ 77.627716776658772, 13.734600203931983 ], [ 77.629969453743158, 13.736493581114551 ], [ 77.613606211004821, 13.751915610024168 ] ], [ [ 77.635681365685443, 13.741294448409418 ], [ 77.642233982241436, 13.746801928713269 ], [ 77.641232534380777, 13.747151307346668 ], [ 77.635681365685443, 13.741294448409418 ] ], [ [ 77.619895866059409, 13.761324054002568 ], [ 77.620404051793955, 13.764397405310055 ], [ 77.617692675230103, 13.762676276062987 ], [ 77.619895866059409, 13.761324054002568 ] ], [ [ 77.632236401636732, 13.771908351464639 ], [ 77.680078254045782, 13.786777671163502 ], [ 77.651487921584916, 13.784128842884025 ], [ 77.632236401636732, 13.771908351464639 ] ], [ [ 77.982656379642705, 13.956626996922184 ], [ 77.984587806433723, 13.89740132202426 ], [ 77.987525805003941, 13.955498159864764 ], [ 77.982656379642705, 13.956626996922184 ] ], [ [ 78.04619277333606, 13.862133163547126 ], [ 78.000483776426222, 13.872928339246778 ], [ 78.02122962807438, 13.863827494061674 ], [ 78.04619277333606, 13.862133163547126 ] ], [ [ 78.122438331694084, 13.840767746135054 ], [ 78.113753019855082, 13.807467956683883 ], [ 78.125470869109293, 13.832012810366674 ], [ 78.122438331694084, 13.840767746135054 ] ], [ [ 78.126247160537062, 13.786633339017589 ], [ 78.126622973104801, 13.787113405333827 ], [ 78.113753019855082, 13.807467956683883 ], [ 78.126247160537062, 13.786633339017589 ] ], [ [ 78.36720771515418, 13.362027501653992 ], [ 78.365811242429174, 13.358653467882791 ], [ 78.377636639664743, 13.36314615998603 ], [ 78.36720771515418, 13.362027501653992 ] ], [ [ 78.408399054949882, 13.345685874698614 ], [ 78.406246141391932, 13.341464653113244 ], [ 78.408683406325054, 13.342883023525667 ], [ 78.408399054949882, 13.345685874698614 ] ], [ [ 78.396170563472552, 13.335601153657459 ], [ 78.391451433548283, 13.335302513885116 ], [ 78.393015129255303, 13.333764843426556 ], [ 78.396170563472552, 13.335601153657459 ] ], [ [ 78.383027790822752, 13.343585958364967 ], [ 78.378250907756666, 13.33718643203945 ], [ 78.379288853399004, 13.336200097510959 ], [ 78.383027790822752, 13.343585958364967 ] ], [ [ 78.539322663322011, 13.287870303862201 ], [ 78.55638783979316, 13.283835338299697 ], [ 78.558768255249831, 13.288431646845968 ], [ 78.539322663322011, 13.287870303862201 ] ], [ [ 78.562977144854386, 13.296558528733556 ], [ 78.567959499897555, 13.306178883449906 ], [ 78.565549079771245, 13.312003334410402 ], [ 78.562977144854386, 13.296558528733556 ] ], [ [ 78.577774630610108, 13.213585050339848 ], [ 78.567792943227445, 13.201517554279963 ], [ 78.578702169379795, 13.212992155785399 ], [ 78.577774630610108, 13.213585050339848 ] ], [ [ 78.570134423944097, 13.187368132006071 ], [ 78.579765166924403, 13.167361591975171 ], [ 78.576059585111295, 13.186691794406068 ], [ 78.570134423944097, 13.187368132006071 ] ], [ [ 78.38869573258917, 12.906858139105958 ], [ 78.355875009218877, 12.940740720997466 ], [ 78.355037896908357, 12.938793311467153 ], [ 78.38869573258917, 12.906858139105958 ] ], [ [ 78.350162143117956, 12.927450640621755 ], [ 78.3416795549781, 12.907717239526558 ], [ 78.344069784385709, 12.908498832926091 ], [ 78.350162143117956, 12.927450640621755 ] ], [ [ 75.270556005281591, 12.548336914120805 ], [ 75.273794378058483, 12.540692231388553 ], [ 75.272886585925022, 12.568968930668182 ], [ 75.270556005281591, 12.548336914120805 ] ], [ [ 75.304559757206377, 12.504077235419976 ], [ 75.305031134035744, 12.503981991126201 ], [ 75.304554160640976, 12.504309824579424 ], [ 75.304559757206377, 12.504077235419976 ] ], [ [ 75.416453956729157, 12.498530816253593 ], [ 75.423055554324151, 12.46772933586259 ], [ 75.424950237035858, 12.469511646193384 ], [ 75.416453956729157, 12.498530816253593 ] ], [ [ 75.393403861826712, 12.451372659492449 ], [ 75.41331558464671, 12.458567037357138 ], [ 75.42057114790606, 12.465392277949139 ], [ 75.393403861826712, 12.451372659492449 ] ], [ [ 75.413559896570717, 12.291201905529295 ], [ 75.415246358491473, 12.291998866087233 ], [ 75.432150161212235, 12.30899476849762 ], [ 75.413559896570717, 12.291201905529295 ] ], [ [ 75.577197358062875, 12.157754266355568 ], [ 75.592217376686492, 12.148230043908454 ], [ 75.552619508175937, 12.192847114720658 ], [ 75.577197358062875, 12.157754266355568 ] ], [ [ 75.592933541508287, 12.147775922429474 ], [ 75.619032236221798, 12.156518863861331 ], [ 75.592730532676086, 12.147904650717036 ], [ 75.592933541508287, 12.147775922429474 ] ], [ [ 75.827257022130482, 11.987683623461205 ], [ 75.828847368636772, 11.987224141164814 ], [ 75.822855442386796, 12.013367567149821 ], [ 75.827257022130482, 11.987683623461205 ] ], [ [ 75.870449257260901, 11.952580852006907 ], [ 75.883101612515546, 11.950561307732126 ], [ 75.867506810697606, 11.95625889780608 ], [ 75.870449257260901, 11.952580852006907 ] ], [ [ 76.427230734437543, 11.726178661157858 ], [ 76.427443114255979, 11.726311596316382 ], [ 76.410478354978451, 11.742084201413393 ], [ 76.427230734437543, 11.726178661157858 ] ], [ [ 76.404392356013332, 11.708466332176069 ], [ 76.403462124531217, 11.707759670056976 ], [ 76.416402859331512, 11.672705402253088 ], [ 76.404392356013332, 11.708466332176069 ] ], [ [ 76.458211720180813, 11.664329351118925 ], [ 76.428366551155761, 11.669662551604684 ], [ 76.442555676430402, 11.64513162498538 ], [ 76.431362250329229, 11.666363368934514 ], [ 76.458211720180813, 11.664329351118925 ] ], [ [ 76.550558261364529, 11.674193534361876 ], [ 76.511675323878009, 11.70497859019944 ], [ 76.511307067514565, 11.704825623637161 ], [ 76.550558261364529, 11.674193534361876 ] ], [ [ 76.576746344676494, 11.614495549633002 ], [ 76.582884981717299, 11.616139056944821 ], [ 76.559954530174991, 11.622469488478087 ], [ 76.576746344676494, 11.614495549633002 ] ], [ [ 76.756917772633173, 11.61843686867574 ], [ 76.756917074298897, 11.618437023751166 ], [ 76.613984883511392, 11.607553277522397 ], [ 76.756917772633173, 11.61843686867574 ] ], [ [ 76.846935572280188, 11.594470660586095 ], [ 76.848953917131766, 11.597998885082699 ], [ 76.835327110395497, 11.601024918539647 ], [ 76.846935572280188, 11.594470660586095 ] ], [ [ 76.908003608057228, 11.795245400430051 ], [ 76.900376981313272, 11.783917387688245 ], [ 76.888349441836169, 11.733643169438418 ], [ 76.908003608057228, 11.795245400430051 ] ], [ [ 77.012940239971442, 11.814615034763857 ], [ 76.982990636263494, 11.811848920684231 ], [ 76.982889630386268, 11.811578479131018 ], [ 77.012940239971442, 11.814615034763857 ] ], [ [ 77.038749268431346, 11.793846691776199 ], [ 77.029879935787477, 11.804674974630904 ], [ 77.024665753548462, 11.805179596771598 ], [ 77.038749268431346, 11.793846691776199 ] ], [ [ 77.066094485323248, 11.786548030621043 ], [ 77.066919908538068, 11.787980033179728 ], [ 77.064950391798618, 11.78794503737643 ], [ 77.066094485323248, 11.786548030621043 ] ], [ [ 77.691079634810777, 11.999450851720397 ], [ 77.674741894008434, 11.965936393968988 ], [ 77.675690077727637, 11.951978848651295 ], [ 77.691079634810777, 11.999450851720397 ] ], [ [ 77.723233529911894, 12.05602974232009 ], [ 77.708905542711776, 12.036018064069811 ], [ 77.706259931856493, 12.03059098487272 ], [ 77.723233529911894, 12.05602974232009 ] ], [ [ 77.755687053914855, 12.079733695188821 ], [ 77.727535227111161, 12.062037856305656 ], [ 77.727098845390984, 12.061428368702373 ], [ 77.755687053914855, 12.079733695188821 ] ], [ [ 77.775562871614255, 12.118441279508691 ], [ 77.753993910957334, 12.134339611437868 ], [ 77.773740516509122, 12.114892295262644 ], [ 77.775562871614255, 12.118441279508691 ] ], [ [ 77.74798703195367, 12.142843140277607 ], [ 77.749807539550687, 12.138462532116993 ], [ 77.750793731031507, 12.137491287844826 ], [ 77.74798703195367, 12.142843140277607 ] ], [ [ 77.727698116575425, 12.18153032337567 ], [ 77.610754762580584, 12.20614420382601 ], [ 77.728984434031375, 12.1790775555459 ], [ 77.727698116575425, 12.18153032337567 ] ], [ [ 77.56531417520462, 12.196311041184813 ], [ 77.546262059080647, 12.204663181361672 ], [ 77.546044819810291, 12.204582960884844 ], [ 77.56531417520462, 12.196311041184813 ] ], [ [ 77.477398045254787, 12.219178904685361 ], [ 77.471914900678286, 12.208417962180652 ], [ 77.472241569444307, 12.208320603585816 ], [ 77.477398045254787, 12.219178904685361 ] ], [ [ 77.471118202091304, 12.243510490599979 ], [ 77.482633956345325, 12.230204477429456 ], [ 77.472618350724574, 12.248755051427278 ], [ 77.471118202091304, 12.243510490599979 ] ], [ [ 77.487597947371796, 12.280495234471035 ], [ 77.479059501074588, 12.271273489973366 ], [ 77.474119378693658, 12.254002686436694 ], [ 77.487597947371796, 12.280495234471035 ] ], [ [ 77.939393762981325, 12.869616618788397 ], [ 77.94177714358257, 12.871636642267774 ], [ 77.927722901091158, 12.874916340679516 ], [ 77.939393762981325, 12.869616618788397 ] ], [ [ 77.918567156224768, 12.830575519260373 ], [ 77.920698266842436, 12.829878569423318 ], [ 77.922813450324654, 12.855564049574571 ], [ 77.918567156224768, 12.830575519260373 ] ], [ [ 77.995202592483892, 12.805857587399407 ], [ 77.99837450522179, 12.807053951646166 ], [ 77.994360584299585, 12.807517787420283 ], [ 77.995202592483892, 12.805857587399407 ] ], [ [ 78.015110055095377, 12.81336617243314 ], [ 78.015056266838954, 12.813420036466555 ], [ 78.014987037243131, 12.813319773249964 ], [ 78.015110055095377, 12.81336617243314 ] ], [ [ 78.028987870554175, 12.845185703850122 ], [ 78.003917011112947, 12.8255957613293 ], [ 78.004267890669865, 12.825232281589479 ], [ 78.028987870554175, 12.845185703850122 ] ], [ [ 78.053386966595355, 12.853806053770448 ], [ 78.053333432455119, 12.853853621890909 ], [ 78.023865688908685, 12.856500915989882 ], [ 78.053386966595355, 12.853806053770448 ] ], [ [ 79.794046597225844, 11.833931206849845 ], [ 79.798276814077141, 11.832565321770556 ], [ 79.798346197795382, 11.833901333870676 ], [ 79.794046597225844, 11.833931206849845 ] ], [ [ 79.773053294085287, 11.822366183721863 ], [ 79.737379999813143, 11.844288000301802 ], [ 79.728870999749404, 11.83666499982661 ], [ 79.739005999735639, 11.842208999694048 ], [ 79.773053294085287, 11.822366183721863 ] ], [ [ 79.712646757954374, 11.791599336036601 ], [ 79.713829823429037, 11.791103860605965 ], [ 79.723040999764606, 11.796141999840701 ], [ 79.712646757954374, 11.791599336036601 ] ], [ [ 79.75080600034363, 11.775617999871855 ], [ 79.750831642977829, 11.77564556156802 ], [ 79.748993639590296, 11.776377028213018 ], [ 79.75080600034363, 11.775617999871855 ] ], [ [ 79.748280677872415, 11.002886837337584 ], [ 79.748440776764269, 11.002455865574111 ], [ 79.787170862831445, 10.997281241684817 ], [ 79.748280677872415, 11.002886837337584 ] ], [ [ 79.808400343829561, 10.855084692890962 ], [ 79.820927678128896, 10.845062579724596 ], [ 79.808392830268474, 10.855201082658763 ], [ 79.808400343829561, 10.855084692890962 ] ], [ [ 74.960279647020698, 12.782960945816059 ], [ 74.958190356513896, 12.784667306082133 ], [ 74.953823890383546, 12.783954402052242 ], [ 74.960279647020698, 12.782960945816059 ] ], [ [ 74.981932085256318, 12.779628919687633 ], [ 74.982708133138516, 12.781360027579527 ], [ 74.979023757842995, 12.780076473114448 ], [ 74.981932085256318, 12.779628919687633 ] ], [ [ 75.003741349553152, 12.789443118045469 ], [ 75.003162558322103, 12.791667309485574 ], [ 74.998305677529615, 12.785940677441253 ], [ 75.003741349553152, 12.789443118045469 ] ], [ [ 76.432248483061002, 11.631281829526547 ], [ 76.432480480748723, 11.631290312282569 ], [ 76.43339811843677, 11.632550963746768 ], [ 76.432248483061002, 11.631281829526547 ] ], [ [ 76.341577450303745, 11.587374183716109 ], [ 76.354577744592632, 11.589311032771537 ], [ 76.377981434917373, 11.601909715168544 ], [ 76.341577450303745, 11.587374183716109 ] ], [ [ 76.335876505971711, 11.59573619777842 ], [ 76.340398173416887, 11.587198489129998 ], [ 76.341203673304761, 11.587318496543853 ], [ 76.335876505971711, 11.59573619777842 ] ], [ [ 76.234519877664098, 11.572147176627919 ], [ 76.234679681228258, 11.571823811134255 ], [ 76.278906333848354, 11.600942130148022 ], [ 76.234519877664098, 11.572147176627919 ] ], [ [ 76.533851001789628, 11.196753563591322 ], [ 76.510482044391992, 11.211637590300922 ], [ 76.50420026650292, 11.211161807707724 ], [ 76.533851001789628, 11.196753563591322 ] ], [ [ 76.830172483619336, 10.303862231397483 ], [ 76.830334359241746, 10.303699998759219 ], [ 76.848785384439921, 10.368228671524651 ], [ 76.830172483619336, 10.303862231397483 ] ], [ [ 77.235599087173043, 10.352032884064444 ], [ 77.235645924822634, 10.35225130715888 ], [ 77.176623197236822, 10.358441163352676 ], [ 77.235599087173043, 10.352032884064444 ] ], [ [ 77.201264888198423, 10.10582144635644 ], [ 77.203976340560004, 10.087728811248505 ], [ 77.201357535166892, 10.105987537182239 ], [ 77.201264888198423, 10.10582144635644 ] ], [ [ 77.178748454981132, 8.322556795144775 ], [ 77.18061379348778, 8.323517887314924 ], [ 77.180400547817314, 8.323817842421981 ], [ 77.178748454981132, 8.322556795144775 ] ], [ [ 77.169293979656757, 8.332945251944503 ], [ 77.173323546078834, 8.319761679163859 ], [ 77.175480652795784, 8.320873101229314 ], [ 77.169293979656757, 8.332945251944503 ] ], [ [ 75.52677794217098, 11.72625054378482 ], [ 75.541459674449086, 11.738888912360739 ], [ 75.526687939687577, 11.726633676900532 ], [ 75.52677794217098, 11.72625054378482 ] ], [ [ 75.546435219508538, 11.756266922741057 ], [ 75.542068008153421, 11.737190445252583 ], [ 75.543416138252198, 11.735593568784948 ], [ 75.546435219508538, 11.756266922741057 ] ], [ [ 79.805800090403849, 12.023984418917285 ], [ 79.788814000384789, 12.027125000334703 ], [ 79.796039905851288, 12.021172964349757 ], [ 79.805800090403849, 12.023984418917285 ] ], [ [ 79.798483923740051, 12.019159807315091 ], [ 79.801333000044764, 12.016813000431421 ], [ 79.802821606111507, 12.019202792490017 ], [ 79.798483923740051, 12.019159807315091 ] ], [ [ 79.625598637092537, 11.903782352953165 ], [ 79.632274608436006, 11.901944109930849 ], [ 79.635186033522501, 11.902705090249626 ], [ 79.625598637092537, 11.903782352953165 ] ], [ [ 79.646983334951827, 11.905788636600878 ], [ 79.656123389374116, 11.908177639003922 ], [ 79.659294768699397, 11.912709326055911 ], [ 79.646983334951827, 11.905788636600878 ] ], [ [ 79.671309831870062, 11.929878040553479 ], [ 79.671512185127327, 11.930167189703372 ], [ 79.671357582395828, 11.930357773333631 ], [ 79.671309831870062, 11.929878040553479 ] ], [ [ 79.636069815641321, 11.977476423598391 ], [ 79.650254983598842, 12.021157870461678 ], [ 79.63539560090905, 11.995304823320838 ], [ 79.636069815641321, 11.977476423598391 ] ], [ [ 79.625301656477703, 12.031637368522697 ], [ 79.625164096236716, 12.031695138866171 ], [ 79.629699999825959, 12.01763899979637 ], [ 79.625301656477703, 12.031637368522697 ] ], [ [ 79.641203364125332, 11.886983330030031 ], [ 79.635112901947252, 11.883756573137374 ], [ 79.645714258348534, 11.877230814483745 ], [ 79.641203364125332, 11.886983330030031 ] ], [ [ 79.621159730747337, 11.891750682921886 ], [ 79.608535282937325, 11.876626412647092 ], [ 79.62194254757398, 11.890820705858824 ], [ 79.621159730747337, 11.891750682921886 ] ], [ [ 79.696053000134668, 11.860395999945103 ], [ 79.697223750069213, 11.874044430822739 ], [ 79.697222999803245, 11.874049999649159 ], [ 79.696053000134668, 11.860395999945103 ] ], [ [ 79.647767453779181, 11.844585099384522 ], [ 79.640615334133187, 11.823642391284755 ], [ 79.648405016841622, 11.844348027823637 ], [ 79.647767453779181, 11.844585099384522 ] ], [ [ 79.701424033974945, 11.823358442877112 ], [ 79.693755261952347, 11.815163136843498 ], [ 79.69447522210173, 11.815023670592218 ], [ 79.701424033974945, 11.823358442877112 ] ], [ [ 79.681397064706147, 11.813339892890632 ], [ 79.681113020921686, 11.812938267672269 ], [ 79.69043157357909, 11.806132584789848 ], [ 79.681397064706147, 11.813339892890632 ] ], [ [ 79.722332248766094, 10.934705870063102 ], [ 79.722432034526136, 10.934858279503496 ], [ 79.720731686342717, 10.935678615047891 ], [ 79.722332248766094, 10.934705870063102 ] ], [ [ 79.722963034342243, 10.935669310905107 ], [ 79.72253434673317, 10.935671098421318 ], [ 79.722582482920998, 10.9350880693619 ], [ 79.722963034342243, 10.935669310905107 ] ], [ [ 79.739293820031563, 10.920403270043014 ], [ 79.739049303508267, 10.92026866657422 ], [ 79.73944706594898, 10.919995048128451 ], [ 79.739293820031563, 10.920403270043014 ] ], [ [ 79.809507166338037, 10.877397387199938 ], [ 79.806245532594787, 10.879689013426573 ], [ 79.806203524718498, 10.879684622760193 ], [ 79.809507166338037, 10.877397387199938 ] ], [ [ 74.341722037553311, 21.976139091596508 ], [ 74.307636073269919, 21.971755609565403 ], [ 74.305103985623163, 21.968057684562726 ], [ 74.341722037553311, 21.976139091596508 ] ], [ [ 74.387116167078631, 22.019978941306338 ], [ 74.349114833671138, 21.97777064192201 ], [ 74.350701904373864, 21.978120899886704 ], [ 74.387116167078631, 22.019978941306338 ] ], [ [ 74.451911707168435, 22.004581686205388 ], [ 74.452180958448992, 22.004652889095862 ], [ 74.431639915243778, 22.030269373328757 ], [ 74.451911707168435, 22.004581686205388 ] ], [ [ 74.523961732123368, 21.910748863204315 ], [ 74.524050365693711, 21.911164167767431 ], [ 74.509225534532618, 21.920637202948246 ], [ 74.523961732123368, 21.910748863204315 ] ], [ [ 75.125830096583201, 21.449261230476278 ], [ 75.203340843171944, 21.415186356175759 ], [ 75.107164781467162, 21.462694943420459 ], [ 75.125830096583201, 21.449261230476278 ] ], [ [ 75.218915441973195, 21.408339531447705 ], [ 75.234650658088356, 21.414579694248189 ], [ 75.215595834512058, 21.409798880143772 ], [ 75.218915441973195, 21.408339531447705 ] ], [ [ 75.851324597338888, 21.382364674747098 ], [ 75.841394328146123, 21.384540963977194 ], [ 75.833363732328223, 21.376636529380555 ], [ 75.851324597338888, 21.382364674747098 ] ], [ [ 75.887367101316144, 21.393859483156017 ], [ 75.885613576535263, 21.394709101526271 ], [ 75.881205877013585, 21.391894522759067 ], [ 75.887367101316144, 21.393859483156017 ] ], [ [ 76.048976168998067, 21.349720440012334 ], [ 76.096599312558723, 21.371769485570855 ], [ 76.048828541171176, 21.34984516795857 ], [ 76.048976168998067, 21.349720440012334 ] ], [ [ 76.111582527857593, 21.166769483218207 ], [ 76.112386560598225, 21.161950098770355 ], [ 76.12926069367127, 21.175821784339345 ], [ 76.111582527857593, 21.166769483218207 ] ], [ [ 76.1134803422826, 21.155393954757081 ], [ 76.119640414849698, 21.154258522246096 ], [ 76.112700795989724, 21.160066567065506 ], [ 76.1134803422826, 21.155393954757081 ] ], [ [ 76.167400765677442, 21.079484396087825 ], [ 76.168099615656715, 21.079567810946472 ], [ 76.170887099581876, 21.103933060754237 ], [ 76.167400765677442, 21.079484396087825 ] ], [ [ 76.455559990192754, 21.108070317296878 ], [ 76.455489096171775, 21.108316510123561 ], [ 76.410695742458245, 21.102436298236405 ], [ 76.455559990192754, 21.108070317296878 ] ], [ [ 76.493255206772673, 21.193835130974396 ], [ 76.493167802739293, 21.193863247262229 ], [ 76.480657018019272, 21.182163701629861 ], [ 76.493255206772673, 21.193835130974396 ] ], [ [ 77.525551471261863, 21.72431477388206 ], [ 77.502672757564468, 21.745861178683157 ], [ 77.502647889852554, 21.745870057713766 ], [ 77.525551471261863, 21.72431477388206 ] ], [ [ 77.575517008709795, 21.620639181068704 ], [ 77.543225667377953, 21.704277488165154 ], [ 77.542749946050236, 21.704484090179207 ], [ 77.575517008709795, 21.620639181068704 ] ], [ [ 78.427187504949131, 21.599206778520323 ], [ 78.387425022636748, 21.614838974192278 ], [ 78.386908049815432, 21.614790243633927 ], [ 78.427187504949131, 21.599206778520323 ] ], [ [ 80.59919610840501, 21.327122594206344 ], [ 80.599798389727908, 21.326938881413643 ], [ 80.589470915422851, 21.343716611992054 ], [ 80.59919610840501, 21.327122594206344 ] ], [ [ 77.409835982083877, 18.377411425121778 ], [ 77.413714334509876, 18.391706957207479 ], [ 77.39486983063091, 18.368454658030981 ], [ 77.409835982083877, 18.377411425121778 ] ], [ [ 77.512536480504636, 18.309558280452425 ], [ 77.511557524232117, 18.282049339220219 ], [ 77.512628160230079, 18.309515986482335 ], [ 77.512536480504636, 18.309558280452425 ] ], [ [ 74.088096470052974, 15.672472900874315 ], [ 74.088327019881177, 15.672316684958314 ], [ 74.125770895567143, 15.680967173867034 ], [ 74.088096470052974, 15.672472900874315 ] ], [ [ 74.228308442675626, 15.760092713099903 ], [ 74.233501306694976, 15.786994514440348 ], [ 74.226502204276002, 15.762628492046764 ], [ 74.228308442675626, 15.760092713099903 ] ], [ [ 74.241583705186628, 15.743861180549487 ], [ 74.236697304706297, 15.748315585711889 ], [ 74.240255142100196, 15.74332073610528 ], [ 74.241583705186628, 15.743861180549487 ] ], [ [ 74.48338314034514, 16.091801545600848 ], [ 74.427619285019347, 16.11196505135327 ], [ 74.481555379673111, 16.088889519539777 ], [ 74.48338314034514, 16.091801545600848 ] ], [ [ 74.489402422937232, 16.111174719791876 ], [ 74.485097740727227, 16.094533282350259 ], [ 74.491231120159469, 16.104305109166766 ], [ 74.489402422937232, 16.111174719791876 ] ], [ [ 74.414421419801172, 16.28244731496471 ], [ 74.417610722977898, 16.258000652659312 ], [ 74.414602976767966, 16.282479364440896 ], [ 74.414421419801172, 16.28244731496471 ] ], [ [ 74.386064051480105, 16.277297657067056 ], [ 74.397631487012518, 16.279483459814561 ], [ 74.386046160065092, 16.27743835151237 ], [ 74.386064051480105, 16.277297657067056 ] ], [ [ 74.277867307327071, 16.504823990552932 ], [ 74.247372775320684, 16.49691320076149 ], [ 74.278011967431112, 16.504455327409612 ], [ 74.277867307327071, 16.504823990552932 ] ], [ [ 74.264442537596423, 16.540444104379372 ], [ 74.264499353111532, 16.540297547316101 ], [ 74.264688330922638, 16.540537219202786 ], [ 74.264442537596423, 16.540444104379372 ] ], [ [ 74.277125758558512, 16.545248937359951 ], [ 74.275600846849372, 16.544671249239997 ], [ 74.277689732743568, 16.543311078939006 ], [ 74.277125758558512, 16.545248937359951 ] ], [ [ 74.301371351698364, 16.529269534050204 ], [ 74.291595817998839, 16.533882356754418 ], [ 74.301394732329584, 16.529144201739587 ], [ 74.301371351698364, 16.529269534050204 ] ], [ [ 77.314965170126143, 18.442751611324638 ], [ 77.259368658082423, 18.413261171014085 ], [ 77.31496710233823, 18.442718386478909 ], [ 77.314965170126143, 18.442751611324638 ] ], [ [ 77.365635930894229, 18.451564090412756 ], [ 77.334152773573535, 18.42211205534996 ], [ 77.334292209085362, 18.422111871682599 ], [ 77.365635930894229, 18.451564090412756 ] ], [ [ 77.414094310021937, 18.393107539601175 ], [ 77.40016427270325, 18.401998141977561 ], [ 77.41390873238214, 18.392423504007503 ], [ 77.414094310021937, 18.393107539601175 ] ], [ [ 74.303561633922882, 15.788701675226751 ], [ 74.302075867011879, 15.787535917364231 ], [ 74.302339996711524, 15.787459800065465 ], [ 74.303561633922882, 15.788701675226751 ] ], [ [ 74.266474800810826, 15.797795486795534 ], [ 74.261790070602387, 15.829597639972137 ], [ 74.261661337906702, 15.829591049307325 ], [ 74.266474800810826, 15.797795486795534 ] ], [ [ 74.265972004175524, 15.829811740378396 ], [ 74.285327519699749, 15.830147831136587 ], [ 74.284786143760201, 15.830774958673969 ], [ 74.265972004175524, 15.829811740378396 ] ], [ [ 74.31070739093731, 15.800747898510251 ], [ 74.312539010028814, 15.79782777280781 ], [ 74.312906090526837, 15.798200934453874 ], [ 74.31070739093731, 15.800747898510251 ] ], [ [ 77.267585339098986, 18.4581105060841 ], [ 77.285396673689633, 18.47624995524772 ], [ 77.275030354327356, 18.477726466324011 ], [ 77.267585339098986, 18.4581105060841 ] ], [ [ 77.297966735930956, 18.470773848636053 ], [ 77.299947395720167, 18.474177445083289 ], [ 77.296951741912636, 18.474604126518905 ], [ 77.297966735930956, 18.470773848636053 ] ], [ [ 77.27527639848077, 18.457111862132223 ], [ 77.288980875668628, 18.455332407238174 ], [ 77.293393108216364, 18.462914455960362 ], [ 77.27527639848077, 18.457111862132223 ] ], [ [ 75.746395563682412, 24.122420806422522 ], [ 75.74601164149226, 24.121269187132221 ], [ 75.746142481351626, 24.121261127336687 ], [ 75.746395563682412, 24.122420806422522 ] ], [ [ 75.221625547515927, 24.873780700903637 ], [ 75.220269559364212, 24.887884918822667 ], [ 75.208473602171665, 24.894300437623215 ], [ 75.221625547515927, 24.873780700903637 ] ], [ [ 75.22510155063965, 24.84592379209332 ], [ 75.226067793852962, 24.845054781725789 ], [ 75.246717634019888, 24.861973734518944 ], [ 75.22510155063965, 24.84592379209332 ] ], [ [ 79.360305082518281, 25.144261291294942 ], [ 79.352074986400282, 25.121167701461992 ], [ 79.364623430747258, 25.143745983768589 ], [ 79.360305082518281, 25.144261291294942 ] ], [ [ 79.350877386777384, 25.117807245632704 ], [ 79.350584251880633, 25.116984711244967 ], [ 79.379691208480125, 25.10122228192327 ], [ 79.350877386777384, 25.117807245632704 ] ], [ [ 79.415263148773207, 25.039286801811532 ], [ 79.422042043596122, 25.041574682051763 ], [ 79.425911350421615, 25.058588882530817 ], [ 79.415263148773207, 25.039286801811532 ] ], [ [ 79.366778961726865, 25.172277734562567 ], [ 79.366798520374203, 25.172271993829519 ], [ 79.372555879396401, 25.180015905819218 ], [ 79.366778961726865, 25.172277734562567 ] ], [ [ 79.757318872427931, 10.895679615347515 ], [ 79.757445300443578, 10.895750496975166 ], [ 79.757300195248362, 10.895731286671831 ], [ 79.757318872427931, 10.895679615347515 ] ], [ [ 79.77180304798658, 10.898938335932982 ], [ 79.77162831838254, 10.89922176988655 ], [ 79.771292592192907, 10.898935566357581 ], [ 79.77180304798658, 10.898938335932982 ] ], [ [ 79.759067061273058, 10.900403495054018 ], [ 79.759065274007966, 10.900594338740277 ], [ 79.75892618611104, 10.900479242671491 ], [ 79.759067061273058, 10.900403495054018 ] ], [ [ 79.758574900006494, 10.90011061703804 ], [ 79.758658655405128, 10.900983987024143 ], [ 79.758388605149534, 10.900081314798218 ], [ 79.758574900006494, 10.90011061703804 ] ], [ [ 79.770612830349023, 10.902798316240288 ], [ 79.770139342981636, 10.902285021656828 ], [ 79.770714619127531, 10.902228343825012 ], [ 79.770612830349023, 10.902798316240288 ] ], [ [ 79.769274364436697, 10.903917863895058 ], [ 79.769401769428796, 10.903813223213247 ], [ 79.769584546809739, 10.90387677098934 ], [ 79.769274364436697, 10.903917863895058 ] ], [ [ 79.761613698117088, 10.904907598431327 ], [ 79.761805491910707, 10.905020296163807 ], [ 79.761534454157768, 10.90504956283915 ], [ 79.761613698117088, 10.904907598431327 ] ], [ [ 79.764503965330661, 10.9118452149267 ], [ 79.762624083948793, 10.901685603616814 ], [ 79.765016694707583, 10.908180858220415 ], [ 79.764503965330661, 10.9118452149267 ] ], [ [ 79.721589236880007, 10.954010184004355 ], [ 79.720568808758969, 10.954577898465578 ], [ 79.720270389751704, 10.954279383264435 ], [ 79.721589236880007, 10.954010184004355 ] ], [ [ 78.395304531811135, 13.350958389028646 ], [ 78.394959385776019, 13.351477630380122 ], [ 78.395259854776057, 13.350945379870211 ], [ 78.395304531811135, 13.350958389028646 ] ], [ [ 77.523988592417467, 17.785185037106526 ], [ 77.525029313576397, 17.783995172669922 ], [ 77.526789321544101, 17.784482372402849 ], [ 77.523988592417467, 17.785185037106526 ] ], [ [ 77.202465495017904, 28.794937219582867 ], [ 77.202625475870448, 28.792461988568117 ], [ 77.206592808351175, 28.791361530631185 ], [ 77.202465495017904, 28.794937219582867 ] ], [ [ 77.342416204279758, 28.608884893015738 ], [ 77.313397922918227, 28.596588045401912 ], [ 77.307981819984505, 28.586416404754871 ], [ 77.342416204279758, 28.608884893015738 ] ], [ [ 77.299180995939807, 28.569888133288064 ], [ 77.297094460198664, 28.565969542372081 ], [ 77.299678203900399, 28.563525978287874 ], [ 77.299180995939807, 28.569888133288064 ] ], [ [ 77.34511183620188, 28.51322964242172 ], [ 77.351275498499902, 28.501803844220294 ], [ 77.347372456546651, 28.520545731019759 ], [ 77.329428786140184, 28.535389497801578 ], [ 77.347408110499629, 28.518385631963955 ], [ 77.314100433040821, 28.483606564609101 ], [ 77.34511183620188, 28.51322964242172 ] ], [ [ 77.352231705510121, 28.500031289558937 ], [ 77.352465255220508, 28.499598350223209 ], [ 77.371735519352853, 28.49843982237303 ], [ 77.352231705510121, 28.500031289558937 ] ], [ [ 77.482448690759369, 28.106782034742839 ], [ 77.482105614472957, 28.107028723309497 ], [ 77.477985172849898, 28.096234361914508 ], [ 77.482448690759369, 28.106782034742839 ] ], [ [ 77.474520540195584, 28.087158029716942 ], [ 77.474352560470422, 28.086717971580857 ], [ 77.501241773285287, 28.058519558698624 ], [ 77.474520540195584, 28.087158029716942 ] ], [ [ 77.522706548741382, 27.975192077219919 ], [ 77.518845661853348, 27.974210439965947 ], [ 77.51882802973644, 27.972458636423159 ], [ 77.522706548741382, 27.975192077219919 ] ], [ [ 77.518724021625204, 27.962125119536701 ], [ 77.543193800867527, 27.958372589488373 ], [ 77.544230406147591, 27.962212623850338 ], [ 77.518724021625204, 27.962125119536701 ] ], [ [ 77.539746250350774, 27.945601371066441 ], [ 77.529301322859681, 27.925261068235073 ], [ 77.536609163757689, 27.933980245315258 ], [ 77.539746250350774, 27.945601371066441 ] ], [ [ 77.516757625920917, 27.933060291214655 ], [ 77.501704429225541, 27.925380345778304 ], [ 77.501815590677381, 27.925218837177656 ], [ 77.516757625920917, 27.933060291214655 ] ], [ [ 77.492437332353589, 27.938184902738858 ], [ 77.492235879311366, 27.938473340980874 ], [ 77.489212370969369, 27.936828439662964 ], [ 77.492437332353589, 27.938184902738858 ] ], [ [ 77.475284138833828, 27.929250961844357 ], [ 77.47814266897214, 27.900595248040013 ], [ 77.480703858884567, 27.907892034483414 ], [ 77.475284138833828, 27.929250961844357 ] ], [ [ 77.474432889852423, 27.89002615050557 ], [ 77.462849575973664, 27.87817796305281 ], [ 77.472174729948648, 27.883592691396228 ], [ 77.474432889852423, 27.89002615050557 ] ], [ [ 77.453646746589172, 27.872834263501947 ], [ 77.45020219762975, 27.871239211705106 ], [ 77.450534397096803, 27.871027051840219 ], [ 77.453646746589172, 27.872834263501947 ] ], [ [ 77.331690772254206, 27.833157591619237 ], [ 77.296477641025874, 27.825216327119271 ], [ 77.331178917079043, 27.831051911595065 ], [ 77.331690772254206, 27.833157591619237 ] ], [ [ 77.924793290343757, 31.150432936228526 ], [ 77.901311436353495, 31.151824583755452 ], [ 77.900716896577094, 31.150246257116418 ], [ 77.924793290343757, 31.150432936228526 ] ], [ [ 77.89278477235672, 31.129188821670986 ], [ 77.889823535032647, 31.121327615510101 ], [ 77.890680929075415, 31.121750375499342 ], [ 77.89278477235672, 31.129188821670986 ] ], [ [ 77.74740736215368, 30.679850688137957 ], [ 77.791345316097264, 30.659241503726925 ], [ 77.79208861904057, 30.660165787602764 ], [ 77.74740736215368, 30.679850688137957 ] ], [ [ 77.743241101239462, 30.593423594947989 ], [ 77.743154719430422, 30.593107131186407 ], [ 77.774028611383301, 30.557841773764842 ], [ 77.743241101239462, 30.593423594947989 ] ], [ [ 77.817853879376983, 30.561024266068721 ], [ 77.82668422380624, 30.528246789279898 ], [ 77.827798411855127, 30.531002073662201 ], [ 77.817853879376983, 30.561024266068721 ] ], [ [ 77.822715142301249, 30.518431616433876 ], [ 77.818084575066123, 30.507910930745467 ], [ 77.818524748342355, 30.508069158281323 ], [ 77.822715142301249, 30.518431616433876 ] ], [ [ 77.645071182629778, 30.432550331535573 ], [ 77.622679017148045, 30.434663157621685 ], [ 77.606615294886296, 30.42890528349032 ], [ 77.645071182629778, 30.432550331535573 ] ], [ [ 77.592041934543076, 30.423681614084188 ], [ 77.586189226348765, 30.421583771718556 ], [ 77.572315690859213, 30.410450704202326 ], [ 77.592041934543076, 30.423681614084188 ] ], [ [ 77.586686652614503, 30.376933206400427 ], [ 77.583464358561955, 30.383121329562222 ], [ 77.604591168313021, 30.36739419988514 ], [ 77.586686652614503, 30.376933206400427 ] ], [ [ 77.577980836262, 30.330777328464389 ], [ 77.582570050180863, 30.310009340597766 ], [ 77.58629437859949, 30.312702091402329 ], [ 77.577980836262, 30.330777328464389 ] ], [ [ 77.476085651696621, 30.180006889962588 ], [ 77.469347669351876, 30.173615764908707 ], [ 77.475403145611224, 30.179118644675928 ], [ 77.476085651696621, 30.180006889962588 ] ], [ [ 77.457207400660465, 30.162583364468301 ], [ 77.455942611316814, 30.162404259555789 ], [ 77.456943923195269, 30.162343930813496 ], [ 77.457207400660465, 30.162583364468301 ] ], [ [ 77.428976271944023, 30.158585596884176 ], [ 77.425689343583699, 30.158120139913532 ], [ 77.425052822206268, 30.131454775138657 ], [ 77.428976271944023, 30.158585596884176 ] ], [ [ 77.194490357205922, 29.891676801479868 ], [ 77.188745553504006, 29.909026029385199 ], [ 77.188316745477621, 29.894065860585741 ], [ 77.194490357205922, 29.891676801479868 ] ], [ [ 77.17824932867164, 29.845798974265112 ], [ 77.179192705946903, 29.81289134716269 ], [ 77.179399711136142, 29.81307502464982 ], [ 77.17824932867164, 29.845798974265112 ] ], [ [ 77.085607065488531, 29.587899387331937 ], [ 77.083950176946715, 29.587238948305504 ], [ 77.126836443125256, 29.559452359999195 ], [ 77.085607065488531, 29.587899387331937 ] ], [ [ 77.149084582898084, 29.117647478432289 ], [ 77.13397386569639, 29.096000601404686 ], [ 77.134348527566388, 29.095548118477318 ], [ 77.149084582898084, 29.117647478432289 ] ], [ [ 77.1960701982958, 28.940461128452039 ], [ 77.195901510986303, 28.939328231202602 ], [ 77.196294915946623, 28.939118930531066 ], [ 77.1960701982958, 28.940461128452039 ] ], [ [ 77.202431659289459, 28.935854039052177 ], [ 77.225148349968919, 28.9237682264828 ], [ 77.22198230556684, 28.928158835096539 ], [ 77.202431659289459, 28.935854039052177 ] ], [ [ 77.230860664769835, 28.915846499752497 ], [ 77.228624610003365, 28.887764735242452 ], [ 77.234496379435768, 28.910804561579155 ], [ 77.230860664769835, 28.915846499752497 ] ], [ [ 77.226991513556499, 28.881356742054056 ], [ 77.221277655806972, 28.882235632898414 ], [ 77.226667792194988, 28.880086514393277 ], [ 77.226991513556499, 28.881356742054056 ] ], [ [ 77.200055240959273, 28.885500009948466 ], [ 77.19546426427253, 28.886206182127321 ], [ 77.194304937876453, 28.882758271523475 ], [ 77.200055240959273, 28.885500009948466 ] ], [ [ 77.190002827483113, 28.869963520973261 ], [ 77.189303046450263, 28.867882327573643 ], [ 77.190341413213076, 28.867370185412749 ], [ 77.190002827483113, 28.869963520973261 ] ], [ [ 77.208375126623039, 28.857742876681513 ], [ 77.175404861389652, 28.858322343998037 ], [ 77.212016120296781, 28.855960803300064 ], [ 77.208375126623039, 28.857742876681513 ] ], [ [ 77.157748672383562, 28.836690071195772 ], [ 77.157749999117129, 28.836689933154972 ], [ 77.175404861389652, 28.858322343998037 ], [ 77.157748672383562, 28.836690071195772 ] ], [ [ 77.214611293388401, 28.854690603650948 ], [ 77.224393407230238, 28.825321765615989 ], [ 77.215874784703814, 28.854072191634156 ], [ 77.214611293388401, 28.854690603650948 ] ], [ [ 77.246287604901468, 28.452812494434092 ], [ 77.247075792021192, 28.447376542674693 ], [ 77.246564236920491, 28.452706961094925 ], [ 77.246287604901468, 28.452812494434092 ] ], [ [ 77.249165794450377, 28.425598659057535 ], [ 77.242747517990765, 28.422470202797751 ], [ 77.249301986177002, 28.424179537466671 ], [ 77.249165794450377, 28.425598659057535 ] ], [ [ 77.126713171299102, 28.444138441278771 ], [ 77.110777561024889, 28.471311989852925 ], [ 77.123629407853997, 28.44545565978277 ], [ 77.126713171299102, 28.444138441278771 ] ], [ [ 77.093295858450503, 28.513993472865266 ], [ 77.093132032716341, 28.51410127143355 ], [ 77.071795239284867, 28.520188410121424 ], [ 77.093295858450503, 28.513993472865266 ] ], [ [ 76.887126397712166, 28.520572982315269 ], [ 76.844064188340838, 28.554981703265398 ], [ 76.845357405209114, 28.550407340812026 ], [ 76.887126397712166, 28.520572982315269 ] ], [ [ 76.84161052954353, 28.563660777093791 ], [ 76.839533107219509, 28.582792344190892 ], [ 76.838892152995342, 28.573276209679968 ], [ 76.84161052954353, 28.563660777093791 ] ], [ [ 76.864309418988142, 28.585995922000247 ], [ 76.865236944350158, 28.587795500752534 ], [ 76.839533107219509, 28.582792344190892 ], [ 76.864309418988142, 28.585995922000247 ] ], [ [ 76.88812667344979, 28.631546834489914 ], [ 76.906468428201066, 28.623796938349578 ], [ 76.888333606118294, 28.631955727304145 ], [ 76.88812667344979, 28.631546834489914 ] ], [ [ 76.920025213002361, 28.631404957223086 ], [ 76.934569562535714, 28.618354408855588 ], [ 76.920200429678303, 28.631503288191453 ], [ 76.920025213002361, 28.631404957223086 ] ], [ [ 76.949673000347985, 28.815313746932393 ], [ 76.961755955692439, 28.814809617778444 ], [ 76.951013996919869, 28.818183142572629 ], [ 76.949673000347985, 28.815313746932393 ] ], [ [ 77.121962860636643, 28.858510482096793 ], [ 77.123366034063196, 28.857618333077507 ], [ 77.140316835317776, 28.862060119046721 ], [ 77.121962860636643, 28.858510482096793 ] ], [ [ 77.145863636226608, 28.838372445858809 ], [ 77.145970630725685, 28.837915524694928 ], [ 77.157745235291429, 28.836690428810112 ], [ 77.145863636226608, 28.838372445858809 ] ], [ [ 75.349276764422171, 32.34526079408095 ], [ 75.346264542560704, 32.34257930481963 ], [ 75.363119750707355, 32.3329445960442 ], [ 75.349276764422171, 32.34526079408095 ] ], [ [ 75.43043624746457, 32.315267400911821 ], [ 75.410510509900789, 32.32862040057752 ], [ 75.429991482787528, 32.314996498627487 ], [ 75.43043624746457, 32.315267400911821 ] ], [ [ 75.538993981515588, 32.334228942480678 ], [ 75.543312665690181, 32.309198415062937 ], [ 75.539364530440707, 32.334703774386114 ], [ 75.538993981515588, 32.334228942480678 ] ], [ [ 75.55032591796224, 32.348750007339888 ], [ 75.542083408534637, 32.338187821912513 ], [ 75.554505233377029, 32.351378143253768 ], [ 75.55032591796224, 32.348750007339888 ] ], [ [ 75.729255880594778, 32.452674423275617 ], [ 75.728697869735129, 32.439108022748229 ], [ 75.729762411797935, 32.452799560104353 ], [ 75.729255880594778, 32.452674423275617 ] ], [ [ 75.775941518956444, 32.464864797052194 ], [ 75.822021916495913, 32.493499128881808 ], [ 75.824279174025065, 32.497299820980949 ], [ 75.775941518956444, 32.464864797052194 ] ], [ [ 75.83063156771513, 32.512989130020472 ], [ 75.832248175658535, 32.510717750107467 ], [ 75.902772058174548, 32.452326822180467 ], [ 75.83063156771513, 32.512989130020472 ] ], [ [ 75.830412106232245, 32.513726538477371 ], [ 75.830510495805427, 32.513395941497969 ], [ 75.873207417892345, 32.549471369608952 ], [ 75.830412106232245, 32.513726538477371 ] ], [ [ 75.933229541697216, 32.647105576038705 ], [ 75.930769024672699, 32.631773865055173 ], [ 75.930872534117924, 32.631762494619352 ], [ 75.933229541697216, 32.647105576038705 ] ], [ [ 75.898142778945171, 32.68473579593136 ], [ 75.885833466934073, 32.65217604121667 ], [ 75.898834406135663, 32.673193781823826 ], [ 75.898142778945171, 32.68473579593136 ] ], [ [ 75.921138332844052, 32.745562070689978 ], [ 75.915009448307231, 32.729350362268427 ], [ 75.922951451540271, 32.743678748604495 ], [ 75.921138332844052, 32.745562070689978 ] ], [ [ 75.837089576870852, 32.927772316972984 ], [ 75.79625281264866, 32.884255883745851 ], [ 75.842742930750532, 32.92625075562745 ], [ 75.837089576870852, 32.927772316972984 ] ], [ [ 76.642607675538983, 33.162529510324291 ], [ 76.612573567625347, 33.173379815804395 ], [ 76.639407726982597, 33.161657964909033 ], [ 76.642607675538983, 33.162529510324291 ] ], [ [ 76.774645224134218, 33.229381264645824 ], [ 76.746820143947843, 33.178414477220535 ], [ 76.775838850400788, 33.220489683777068 ], [ 76.774645224134218, 33.229381264645824 ] ], [ [ 76.799151015092434, 33.256242527312544 ], [ 76.759376512527879, 33.248984582273508 ], [ 76.773006182232763, 33.241590843156459 ], [ 76.799151015092434, 33.256242527312544 ] ], [ [ 76.843170255253767, 33.246735543054299 ], [ 76.83071087366892, 33.249188775096407 ], [ 76.841516181780804, 33.24381205861345 ], [ 76.843170255253767, 33.246735543054299 ] ], [ [ 76.843969628093049, 33.137780240201302 ], [ 76.817964170339053, 33.159289939813902 ], [ 76.818000306057982, 33.157089256779223 ], [ 76.843969628093049, 33.137780240201302 ] ], [ [ 76.885100579576516, 33.121377790141295 ], [ 76.855067185414256, 33.114384346976834 ], [ 76.888771686304764, 33.117208285508234 ], [ 76.885100579576516, 33.121377790141295 ] ], [ [ 76.908706504579669, 33.094567070389935 ], [ 76.902507774596103, 33.101607354233138 ], [ 76.908691343443962, 33.094502036257467 ], [ 76.908706504579669, 33.094567070389935 ] ], [ [ 77.372867159896259, 32.823204363446031 ], [ 77.338873419313643, 32.81696601366712 ], [ 77.338962882149886, 32.816783772600715 ], [ 77.372867159896259, 32.823204363446031 ] ], [ [ 78.313522423515849, 32.565654439265515 ], [ 78.409660879325529, 32.623133037073416 ], [ 78.31355496485817, 32.565912560357916 ], [ 78.313522423515849, 32.565654439265515 ] ], [ [ 78.284795709842044, 32.468794629765242 ], [ 78.31143938969204, 32.446329009851198 ], [ 78.31942663281842, 32.444991051881729 ], [ 78.284795709842044, 32.468794629765242 ] ], [ [ 78.329027048842107, 32.4466371376569 ], [ 78.322323827001725, 32.444505737489102 ], [ 78.329131587209488, 32.44336535689969 ], [ 78.329027048842107, 32.4466371376569 ] ], [ [ 74.559031373853429, 29.927280404397031 ], [ 74.597256571865074, 29.912769852738165 ], [ 74.627734094182841, 29.908395462771288 ], [ 74.559031373853429, 29.927280404397031 ] ], [ [ 74.649483511312297, 29.905273803763556 ], [ 74.650806128722778, 29.905083970604874 ], [ 74.650819098544233, 29.905400785947542 ], [ 74.649483511312297, 29.905273803763556 ] ], [ [ 74.650934970002382, 29.90823119158194 ], [ 74.651686919519975, 29.926599150227339 ], [ 74.646753727578044, 29.911277717418503 ], [ 74.650934970002382, 29.90823119158194 ] ], [ [ 74.812326074597863, 29.991955245281915 ], [ 74.824326740453131, 29.985766672939182 ], [ 74.812980684609855, 29.992347220704932 ], [ 74.812326074597863, 29.991955245281915 ] ], [ [ 75.088244551844809, 29.915995307345156 ], [ 75.092886587561608, 29.914579375675476 ], [ 75.088803541265634, 29.917188153740764 ], [ 75.088244551844809, 29.915995307345156 ] ], [ [ 75.100092680067007, 29.909975191764296 ], [ 75.11473637235531, 29.878650543385032 ], [ 75.109301479382481, 29.904091419717538 ], [ 75.100092680067007, 29.909975191764296 ] ], [ [ 75.09234664431284, 29.856253628889633 ], [ 75.118630970743425, 29.83179238635207 ], [ 75.118890617205821, 29.83194804281483 ], [ 75.09234664431284, 29.856253628889633 ] ], [ [ 75.101542328699225, 29.821547850187731 ], [ 75.100586008380873, 29.807077222194494 ], [ 75.100777444677306, 29.807078377501764 ], [ 75.101542328699225, 29.821547850187731 ] ], [ [ 75.148182828341135, 29.781142654183945 ], [ 75.150991990046649, 29.775523390271324 ], [ 75.154422954812091, 29.777510481504592 ], [ 75.148182828341135, 29.781142654183945 ] ], [ [ 75.164065732477383, 29.783095231064284 ], [ 75.166814480883644, 29.784687207150881 ], [ 75.166674541903589, 29.78498888846007 ], [ 75.164065732477383, 29.783095231064284 ] ], [ [ 75.1590967896786, 29.801325053058981 ], [ 75.165333864106316, 29.824880336267007 ], [ 75.164075004989499, 29.824093172757831 ], [ 75.1590967896786, 29.801325053058981 ] ], [ [ 75.191428263312787, 29.841197141360503 ], [ 75.194812878024692, 29.839705363385143 ], [ 75.191488839218138, 29.841235019421351 ], [ 75.191428263312787, 29.841197141360503 ] ], [ [ 75.210293537716012, 29.832581474068746 ], [ 75.208538441537343, 29.792669416042663 ], [ 75.210683328123565, 29.832402100335624 ], [ 75.210293537716012, 29.832581474068746 ] ], [ [ 75.226308939178395, 29.789133763249097 ], [ 75.240480540571525, 29.752726894944097 ], [ 75.241611323622067, 29.754636146376477 ], [ 75.226308939178395, 29.789133763249097 ] ], [ [ 75.168041936431933, 29.669743131194501 ], [ 75.167596573931775, 29.669538952701586 ], [ 75.187625885830911, 29.651794676575513 ], [ 75.168041936431933, 29.669743131194501 ] ], [ [ 76.852025821531001, 30.658767933593609 ], [ 76.845790547557129, 30.66863521625439 ], [ 76.84986037487451, 30.656840453017136 ], [ 76.852025821531001, 30.658767933593609 ] ], [ [ 76.832087609377837, 30.664899660113289 ], [ 76.832567799980069, 30.663116353370381 ], [ 76.845790547557129, 30.66863521625439 ], [ 76.832087609377837, 30.664899660113289 ] ], [ [ 76.808208612858877, 30.667559908617722 ], [ 76.78994816119851, 30.675596449529461 ], [ 76.807463493193694, 30.666995459431117 ], [ 76.808208612858877, 30.667559908617722 ] ], [ [ 76.710759228604587, 30.760976358664635 ], [ 76.742989557308945, 30.769422476665881 ], [ 76.743379064175116, 30.769750565703436 ], [ 76.710759228604587, 30.760976358664635 ] ], [ [ 76.746739635184468, 30.77258123854611 ], [ 76.782782339326715, 30.789173612415009 ], [ 76.771507978748204, 30.795208561501124 ], [ 76.746739635184468, 30.77258123854611 ] ], [ [ 76.783476863516668, 30.770567630370618 ], [ 76.816108447694603, 30.777376140677067 ], [ 76.813515171773901, 30.780167292381922 ], [ 76.783476863516668, 30.770567630370618 ] ], [ [ 76.817055834522023, 30.776356465008384 ], [ 76.805372211488702, 30.764973637519926 ], [ 76.819567594124209, 30.773653049594749 ], [ 76.817055834522023, 30.776356465008384 ] ], [ [ 76.831500760693686, 30.739511246386861 ], [ 76.856987142820273, 30.794747584255305 ], [ 76.835733901463371, 30.755566853373693 ], [ 76.831500760693686, 30.739511246386861 ] ], [ [ 76.847533346260093, 30.730676661263725 ], [ 76.847419628514729, 30.731414409173979 ], [ 76.831500760693686, 30.739511246386861 ], [ 76.847533346260093, 30.730676661263725 ] ], [ [ 76.776086470023074, 30.905971181782682 ], [ 76.813152836289305, 30.924034585158406 ], [ 76.772188979257777, 30.906971220413165 ], [ 76.784130397881228, 30.878263787086951 ], [ 76.776086470023074, 30.905971181782682 ] ], [ [ 76.822703242248096, 30.928012776475072 ], [ 76.826455985289527, 30.921367236477458 ], [ 76.823110324674701, 30.928182345368963 ], [ 76.822703242248096, 30.928012776475072 ] ], [ [ 76.844502387187646, 30.889409789803672 ], [ 76.844587059377602, 30.889259848169303 ], [ 76.869578863394452, 30.87312226833993 ], [ 76.844502387187646, 30.889409789803672 ] ], [ [ 76.849445264467761, 30.718273024015108 ], [ 76.848057462025778, 30.727276441626845 ], [ 76.847424453772604, 30.715774852829288 ], [ 76.849445264467761, 30.718273024015108 ] ], [ [ 76.917691990456035, 30.886455381050471 ], [ 76.918119081261338, 30.885803498654521 ], [ 76.92018067843189, 30.884250302299687 ], [ 76.917691990456035, 30.886455381050471 ] ], [ [ 76.924244214752704, 30.876454510930461 ], [ 76.922030379307955, 30.882611392104156 ], [ 76.921844654089981, 30.882775952199928 ], [ 76.924244214752704, 30.876454510930461 ] ], [ [ 76.376211269604894, 31.437482499733402 ], [ 76.375936209188197, 31.436464925702538 ], [ 76.397411416659736, 31.405200702909191 ], [ 76.376211269604894, 31.437482499733402 ] ], [ [ 76.403565484189258, 31.395829807645267 ], [ 76.403086647523708, 31.396558939755025 ], [ 76.392712597059727, 31.389062736067572 ], [ 76.403565484189258, 31.395829807645267 ] ], [ [ 76.70849590440568, 30.970285753774686 ], [ 76.708402467601175, 30.970281502045829 ], [ 76.737142092944367, 30.949607079744375 ], [ 76.70849590440568, 30.970285753774686 ] ], [ [ 76.358651130164688, 33.603687425432121 ], [ 76.307677649418835, 33.609634513235072 ], [ 76.307540943509906, 33.60944162977485 ], [ 76.358651130164688, 33.603687425432121 ] ], [ [ 76.435876999960016, 33.542193324535809 ], [ 76.437490897378837, 33.544878519544092 ], [ 76.435424358960802, 33.542125211995121 ], [ 76.435876999960016, 33.542193324535809 ] ], [ [ 76.464670906672865, 33.545232074393851 ], [ 76.450715524249574, 33.562498063743021 ], [ 76.450296088642418, 33.56193923782746 ], [ 76.464670906672865, 33.545232074393851 ] ], [ [ 76.659290916633907, 33.356696947000607 ], [ 76.665051663576349, 33.352181373633776 ], [ 76.632118617711853, 33.40919407389972 ], [ 76.659290916633907, 33.356696947000607 ] ], [ [ 76.695958148650547, 33.327955261593466 ], [ 76.696184184807606, 33.327965821904691 ], [ 76.695375592968816, 33.32841189906555 ], [ 76.695958148650547, 33.327955261593466 ] ], [ [ 79.793019000031705, 11.877108999770076 ], [ 79.781669573207253, 11.86304617605035 ], [ 79.785242999572546, 11.862853999552625 ], [ 79.793019000031705, 11.877108999770076 ] ], [ [ 79.781327410275168, 11.863064577345694 ], [ 79.779265466398698, 11.868832871840974 ], [ 79.778455999819641, 11.863218999893821 ], [ 79.781327410275168, 11.863064577345694 ] ], [ [ 79.776407509458977, 11.876828015390384 ], [ 79.767979999949532, 11.900403999813225 ], [ 79.772322999645226, 11.875478000443662 ], [ 79.776407509458977, 11.876828015390384 ] ], [ [ 79.797114999752992, 11.894063999661263 ], [ 79.796362999955818, 11.899781000390345 ], [ 79.767979999949532, 11.900403999813225 ], [ 79.797114999752992, 11.894063999661263 ] ], [ [ 79.794138000398334, 11.884102999847224 ], [ 79.79417499989566, 11.88458899977279 ], [ 79.793714110556778, 11.884354158276111 ], [ 79.794138000398334, 11.884102999847224 ] ], [ [ 88.130052945340097, 26.516024526929062 ], [ 88.130052945340154, 26.516024526929101 ], [ 88.130052945339884, 26.516024526929328 ], [ 88.130052945340097, 26.516024526929062 ] ], [ [ 88.211610290232386, 26.539944012679967 ], [ 88.211610290232329, 26.539944012679999 ], [ 88.179392906041144, 26.548254210884384 ], [ 88.211610290232386, 26.539944012679967 ] ], [ [ 88.208362632744056, 26.550642121528963 ], [ 88.208215707023413, 26.550059224781641 ], [ 88.208215707023427, 26.550059224781641 ], [ 88.208362632744056, 26.550642121528963 ] ], [ [ 88.225487561328961, 26.556745242385809 ], [ 88.210953284954527, 26.560919986699648 ], [ 88.210953284954513, 26.560919986699609 ], [ 88.225487561328961, 26.556745242385809 ] ], [ [ 88.229683320051606, 26.535044710210894 ], [ 88.229683320051635, 26.535044710210911 ], [ 88.225487561328961, 26.556745242385809 ], [ 88.229683320051606, 26.535044710210894 ] ], [ [ 88.210733584364817, 26.473092330849095 ], [ 88.179886616422166, 26.487643107549044 ], [ 88.204799774975271, 26.51980564045159 ], [ 88.179886616422081, 26.487643107549044 ], [ 88.210733584364817, 26.473092330849095 ] ], [ [ 88.212455997066556, 26.483245178251011 ], [ 88.212455997066556, 26.483245178250954 ], [ 88.22436018203436, 26.481946823718964 ], [ 88.212455997066556, 26.483245178251011 ] ], [ [ 88.209823112034869, 26.469225301317461 ], [ 88.225153417898241, 26.453664260234525 ], [ 88.243824124325968, 26.453839672374247 ], [ 88.20982311203494, 26.469225301317479 ], [ 88.22436018203436, 26.481946823718964 ], [ 88.209823112034869, 26.469225301317461 ] ], [ [ 88.269578937163587, 26.42044519086021 ], [ 88.269578937163601, 26.420445190860221 ], [ 88.250854638763357, 26.433146699331051 ], [ 88.269578937163587, 26.42044519086021 ] ], [ [ 88.232215035179294, 26.379598202671612 ], [ 88.227937650249743, 26.392747390616684 ], [ 88.257585008743121, 26.412467401071613 ], [ 88.227937650249672, 26.392747390616698 ], [ 88.232215035179294, 26.379598202671584 ], [ 88.276264991871216, 26.379437935540459 ], [ 88.232215035179294, 26.379598202671612 ] ], [ [ 88.279806045305435, 26.35968351866418 ], [ 88.293795809579564, 26.351729724101201 ], [ 88.276264991871216, 26.379437935540459 ], [ 88.279806045305435, 26.35968351866418 ] ], [ [ 88.278908571424452, 26.349393877957709 ], [ 88.278908571424367, 26.349393877957702 ], [ 88.274693119649854, 26.328571006397365 ], [ 88.278908571424452, 26.349393877957709 ] ], [ [ 88.235695622032537, 26.303326912582087 ], [ 88.247252725495656, 26.328120852003693 ], [ 88.256498662999576, 26.332437506666093 ], [ 88.247252725495585, 26.328120852003693 ], [ 88.235695622032537, 26.303326912582087 ] ], [ [ 88.226932517026512, 26.29090012878093 ], [ 88.22943305706707, 26.310367294922226 ], [ 88.226932517026427, 26.290900128780862 ], [ 88.226932517026512, 26.29090012878093 ] ], [ [ 88.210631766472247, 26.277791410997349 ], [ 88.210631766472275, 26.277791410997352 ], [ 88.218210405910298, 26.28388599205643 ], [ 88.210631766472247, 26.277791410997349 ] ], [ [ 88.17419414623906, 26.255789365271756 ], [ 88.190036682444997, 26.274703928296585 ], [ 88.183176927210909, 26.273675557856897 ], [ 88.17419414623906, 26.255789365271756 ] ], [ [ 88.139815426813286, 26.227195002116531 ], [ 88.139815426813357, 26.227195002116542 ], [ 88.14439787907277, 26.252241173919245 ], [ 88.139815426813286, 26.227195002116531 ] ], [ [ 88.071848261877932, 26.174202393055463 ], [ 88.114416430640304, 26.223724623733862 ], [ 88.071848261877889, 26.17420239305547 ], [ 88.071848261877932, 26.174202393055463 ] ], [ [ 88.037234048709166, 26.178707170307277 ], [ 88.019675062034864, 26.159821672447897 ], [ 88.037234048709195, 26.178707170307273 ], [ 88.037234048709166, 26.178707170307277 ] ], [ [ 88.00998153883917, 26.161538196560535 ], [ 88.014154111796827, 26.149306631293104 ], [ 88.009981538839241, 26.161538196560521 ], [ 88.00998153883917, 26.161538196560535 ] ], [ [ 87.969271490353634, 26.117621506994968 ], [ 87.986803250792434, 26.101407167547372 ], [ 87.9837573704542, 26.115711404596059 ], [ 87.96927149035379, 26.117621506995022 ], [ 87.981396999206765, 26.126057111275113 ], [ 87.974902192944469, 26.143373814467505 ], [ 87.981396999206694, 26.126057111275113 ], [ 87.969271490353634, 26.117621506994968 ] ], [ [ 87.963605471434249, 26.094626262674101 ], [ 87.978739279414071, 26.099050001287054 ], [ 87.963605471434093, 26.094626262674115 ], [ 87.985621621306279, 26.077660176527743 ], [ 87.963605471434249, 26.094626262674101 ] ], [ [ 87.948681678101309, 26.062492144731738 ], [ 87.952912508594537, 26.076467197256562 ], [ 87.952912508594522, 26.076467197256562 ], [ 87.948681678101309, 26.062492144731738 ] ], [ [ 87.889237590779274, 26.048595809704288 ], [ 87.893045010373584, 26.061550866667812 ], [ 87.892401971210546, 26.06115559267819 ], [ 87.889237590779274, 26.048595809704288 ] ], [ [ 87.887754734401582, 26.048034071016531 ], [ 87.855925104247063, 26.035976305380068 ], [ 87.846863350353487, 25.965610040035795 ], [ 87.855925104247149, 26.035976305380068 ], [ 87.887754734401582, 26.048034071016531 ] ], [ [ 87.826488783442159, 25.930862117663008 ], [ 87.838433840141207, 25.931493138455163 ], [ 87.836430793974117, 25.958939587388794 ], [ 87.838433840141064, 25.931493138455242 ], [ 87.826488783442159, 25.930862117663008 ] ], [ [ 87.807374150468803, 25.929852350095878 ], [ 87.808028188625826, 25.912160984044736 ], [ 87.807374150468817, 25.929852350095878 ], [ 87.807374150468803, 25.929852350095878 ] ], [ [ 87.82258026996935, 25.91212639697779 ], [ 87.829827786468542, 25.870648009886061 ], [ 87.82258026996935, 25.912126396977825 ], [ 87.808028188625826, 25.912160984044736 ], [ 87.82258026996935, 25.91212639697779 ] ], [ [ 87.87437188610086, 25.868218262016182 ], [ 87.882712377834252, 25.859363140136526 ], [ 87.829827786468542, 25.870648009886061 ], [ 87.87437188610086, 25.868218262016182 ] ], [ [ 87.892110991242433, 25.865744172084106 ], [ 87.914690224970599, 25.853946860513648 ], [ 87.892110991242461, 25.865744172084128 ], [ 87.892110991242433, 25.865744172084106 ] ], [ [ 87.896730649173833, 25.837937437288979 ], [ 87.896730649173747, 25.837937437288993 ], [ 87.902854183599572, 25.833946811409131 ], [ 87.896730649173833, 25.837937437288979 ] ], [ [ 87.902539218715319, 25.830516795115276 ], [ 87.902539218715333, 25.830516795115312 ], [ 87.888037047331238, 25.83066304275285 ], [ 87.902539218715319, 25.830516795115276 ] ], [ [ 87.915884792544986, 25.81639623720676 ], [ 87.899112054762568, 25.824613956874867 ], [ 87.901871634938942, 25.829366970041786 ], [ 87.899112054762483, 25.824613956874867 ], [ 87.915884792544915, 25.81639623720676 ], [ 87.903155934223918, 25.80949196798052 ], [ 87.915884792544986, 25.81639623720676 ] ], [ [ 87.904171133872296, 25.771130678050081 ], [ 87.907967901979674, 25.803422551032131 ], [ 87.899457755853163, 25.807486036382063 ], [ 87.907967901979518, 25.803422551032114 ], [ 87.904171133872296, 25.771130678050081 ] ], [ [ 88.021066784850206, 25.709689006953127 ], [ 87.998854800596618, 25.721903592365948 ], [ 87.965701064967845, 25.725620452845867 ], [ 87.937972622995133, 25.773932151368218 ], [ 87.965701064967774, 25.725620452845831 ], [ 88.021066784850206, 25.709689006953127 ] ], [ [ 88.020645581806818, 25.695864355716306 ], [ 88.030843566584522, 25.694499399195482 ], [ 88.021066784850206, 25.709689006953127 ], [ 88.020645581806818, 25.695864355716306 ] ], [ [ 88.032413293358033, 25.702919756847042 ], [ 88.031220085382046, 25.70330063749417 ], [ 88.030843566584636, 25.694499399196076 ], [ 88.032413293358033, 25.702919756847042 ] ], [ [ 88.048141793117153, 25.697284449586508 ], [ 88.048141510294556, 25.697899195833777 ], [ 88.039247316072888, 25.700738287190024 ], [ 88.048141793117153, 25.697284449586508 ] ], [ [ 88.048165285451191, 25.646221258401081 ], [ 88.048165285451105, 25.646221258401059 ], [ 88.044957625479938, 25.644928927975371 ], [ 88.048165285451191, 25.646221258401081 ] ], [ [ 88.036800934653698, 25.641642688217281 ], [ 88.055260826770876, 25.637820995545546 ], [ 88.03680093465384, 25.641642688217338 ], [ 88.036800934653698, 25.641642688217281 ] ], [ [ 88.035076656199067, 25.623944676267275 ], [ 88.043231899697943, 25.608649125871807 ], [ 88.030078274981747, 25.605301199419632 ], [ 88.039822603914601, 25.6010601767635 ], [ 88.030078274981818, 25.605301199419632 ], [ 88.043231899698014, 25.608649125871807 ], [ 88.035076656199138, 25.623944676267275 ], [ 88.055260826770876, 25.637820995545546 ], [ 88.035076656199067, 25.623944676267275 ] ], [ [ 88.024212390007705, 25.602038538212408 ], [ 88.029685307760076, 25.592613723666503 ], [ 88.024212390007733, 25.602038538212405 ], [ 88.024212390007705, 25.602038538212408 ] ], [ [ 88.020264883622389, 25.591149431401231 ], [ 88.024482340563182, 25.575886213137583 ], [ 88.020264883622403, 25.591149431401231 ], [ 88.020264883622389, 25.591149431401231 ] ], [ [ 88.038334654925848, 25.55299146142027 ], [ 88.025821439727537, 25.558855295949332 ], [ 88.038511749902085, 25.569397831947072 ], [ 88.029777217516354, 25.5711969553331 ], [ 88.02582143972738, 25.558855295949343 ], [ 88.038334654925848, 25.55299146142027 ] ], [ [ 88.066546781787054, 25.510394216415488 ], [ 88.057839349883153, 25.534040866494433 ], [ 88.037275721028152, 25.538322165456808 ], [ 88.057839349883054, 25.534040866494372 ], [ 88.066546781787054, 25.510394216415488 ] ], [ [ 88.076534945068715, 25.508096164032018 ], [ 88.076534945068715, 25.508096164032072 ], [ 88.066546781787054, 25.510394216415488 ], [ 88.076534945068715, 25.508096164032018 ] ], [ [ 88.073380143230509, 25.484311896269091 ], [ 88.07338014323058, 25.484311896269087 ], [ 88.07623877770925, 25.505863337965174 ], [ 88.073380143230509, 25.484311896269091 ] ], [ [ 88.038486839913077, 25.490161654984441 ], [ 88.049261370751722, 25.486013379611734 ], [ 88.073380143230239, 25.484311896269112 ], [ 88.038486839913077, 25.490161654984441 ] ], [ [ 88.011974729748104, 25.50036901670839 ], [ 88.024655600796422, 25.501646672186038 ], [ 88.01215057108584, 25.501601816049078 ], [ 88.011974729748104, 25.50036901670839 ] ], [ [ 88.006980456045596, 25.497051613759687 ], [ 88.006980456045724, 25.497051613759659 ], [ 88.006980456045724, 25.497051613759954 ], [ 88.006980456045596, 25.497051613759687 ] ], [ [ 87.98805356805191, 25.517775289821948 ], [ 87.98502261142076, 25.515328721567759 ], [ 87.985022611420774, 25.515328721567744 ], [ 87.98805356805191, 25.517775289821948 ] ], [ [ 87.963333900421873, 25.539535239937244 ], [ 87.95345836801026, 25.538886563012046 ], [ 87.963333900421873, 25.539535239937241 ], [ 87.963333900421873, 25.539535239937244 ] ], [ [ 87.90276169091625, 25.505324179873657 ], [ 87.927722445464738, 25.537196092219364 ], [ 87.902761690916236, 25.505324179873668 ], [ 87.90276169091625, 25.505324179873657 ] ], [ [ 87.886767266424101, 25.50895054281526 ], [ 87.88437067433226, 25.520572804335515 ], [ 87.88628738388465, 25.508620796289808 ], [ 87.886767266424101, 25.50895054281526 ] ], [ [ 87.867808747472381, 25.493852176711851 ], [ 87.867972942091441, 25.491128262220467 ], [ 87.868550768518659, 25.494420811028931 ], [ 87.867808747472381, 25.493852176711851 ] ], [ [ 87.861452003093717, 25.468693588304195 ], [ 87.863231812569765, 25.464112536351969 ], [ 87.864053370823953, 25.468793908687132 ], [ 87.861452003093717, 25.468693588304195 ] ], [ [ 87.839346066560964, 25.467841084449226 ], [ 87.839346066560438, 25.467841084448153 ], [ 87.839346066561021, 25.46784108444923 ], [ 87.839346066560964, 25.467841084449226 ] ], [ [ 87.821819739002194, 25.437405852389368 ], [ 87.822683719077347, 25.437080997544026 ], [ 87.822974248483717, 25.437617339124781 ], [ 87.821819739002194, 25.437405852389368 ] ], [ [ 87.775192265418994, 25.408909715018538 ], [ 87.775192265419179, 25.408909715018464 ], [ 87.769929249471758, 25.426210800107462 ], [ 87.775192265418994, 25.408909715018538 ] ], [ [ 87.764513153629636, 25.413776591142753 ], [ 87.765397544199132, 25.412722499559813 ], [ 87.77519226541763, 25.408909715019067 ], [ 87.764513153629636, 25.413776591142753 ] ], [ [ 87.772532609780967, 25.404218324105219 ], [ 87.765876012434973, 25.38527025853621 ], [ 87.770162109385979, 25.383369716332105 ], [ 87.772532609780967, 25.404218324105219 ] ], [ [ 87.792311996425866, 25.373548007766882 ], [ 87.792311996425781, 25.373548007766818 ], [ 87.78817875622417, 25.339062078499559 ], [ 87.792311996425866, 25.373548007766882 ] ], [ [ 87.795960125035208, 25.32620287118224 ], [ 87.855434972142987, 25.296885084460833 ], [ 87.855434972143087, 25.296885084460566 ], [ 87.855434972142987, 25.296885084460904 ], [ 87.795960125035293, 25.32620287118224 ], [ 87.78817875622417, 25.339062078499559 ], [ 87.795960125035208, 25.32620287118224 ] ], [ [ 87.855268439753289, 25.255269605139166 ], [ 87.86088125137988, 25.279094463379767 ], [ 87.855268439752734, 25.255269605138825 ], [ 87.855268439753289, 25.255269605139166 ] ], [ [ 87.756771099302114, 25.260355313776302 ], [ 87.824338381504674, 25.236532124829097 ], [ 87.840055691517662, 25.201501702333612 ], [ 87.824360968717883, 25.236545808200095 ], [ 87.767180063792978, 25.26097656437971 ], [ 87.756771099302114, 25.260355313776302 ] ], [ [ 87.785640399167789, 25.24685766554876 ], [ 87.789126480388873, 25.212073720392532 ], [ 87.78866383869422, 25.243725856151091 ], [ 87.785640399167789, 25.24685766554876 ] ], [ [ 87.857275146444152, 25.054630927474445 ], [ 87.957750391789503, 24.97089098456296 ], [ 87.857275146444152, 25.054630927474463 ], [ 87.805790447019788, 25.072652256424689 ], [ 87.774364444068709, 25.121363929645955 ], [ 87.805790447019717, 25.072652256424689 ], [ 87.857275146444152, 25.054630927474445 ] ], [ [ 87.962825303286053, 24.934534048011226 ], [ 87.952927957657224, 24.907763534231769 ], [ 87.924554423557325, 24.883937263823068 ], [ 87.952927957657295, 24.90776353423179 ], [ 87.962825303286053, 24.934534048011226 ] ], [ [ 87.891327842183941, 24.856035716212833 ], [ 87.900271223139384, 24.824098973183098 ], [ 87.900271223139555, 24.824098973183094 ], [ 87.891327842183941, 24.856035716212833 ] ], [ [ 87.878300747742344, 24.789736594827971 ], [ 87.881604401079287, 24.805368173525341 ], [ 87.869121545608138, 24.824637820666869 ], [ 87.881604401079215, 24.805368173525341 ], [ 87.878300747742344, 24.789736594827971 ] ], [ [ 87.852282740582254, 24.76198771024988 ], [ 87.852282740582325, 24.761987710249862 ], [ 87.869233241571962, 24.775025635757327 ], [ 87.852282740582254, 24.76198771024988 ] ], [ [ 87.837401628998549, 24.765785260062842 ], [ 87.837401628998549, 24.765785260062831 ], [ 87.842179258199721, 24.764566044362635 ], [ 87.837401628998549, 24.765785260062842 ] ], [ [ 87.865608689009818, 24.73202538273075 ], [ 87.816394099908649, 24.759689052065806 ], [ 87.816394099908635, 24.759689052065792 ], [ 87.865608689009818, 24.732025382730733 ], [ 87.883017481500403, 24.741324834397446 ], [ 87.865608689009818, 24.73202538273075 ] ], [ [ 87.908351944947796, 24.721617521179311 ], [ 87.90835194494781, 24.721617521179329 ], [ 87.903256334041401, 24.722618873096923 ], [ 87.908351944947796, 24.721617521179311 ] ], [ [ 87.91660898726407, 24.665753013362668 ], [ 87.887749148382895, 24.67998724594058 ], [ 87.887749148382866, 24.679987245940531 ], [ 87.916608987263999, 24.665753013362647 ], [ 87.914278551407392, 24.639265330729884 ], [ 87.91660898726407, 24.665753013362668 ] ], [ [ 87.887916774181647, 24.630343965075078 ], [ 87.9057715669407, 24.629275707842506 ], [ 87.887916774181789, 24.63034396507512 ], [ 87.887916774181647, 24.630343965075078 ] ], [ [ 87.90603424989007, 24.615005451819719 ], [ 87.906034249890141, 24.615005451819719 ], [ 87.9057715669407, 24.629275707842506 ], [ 87.90603424989007, 24.615005451819719 ] ], [ [ 87.875832290948594, 24.615229446230984 ], [ 87.893470300194878, 24.605480802172917 ], [ 87.89347030019502, 24.605480802172956 ], [ 87.875832290948594, 24.615229446230984 ] ], [ [ 87.910767506484248, 24.610434376893163 ], [ 87.913276830573778, 24.593463808659763 ], [ 87.910767506484319, 24.610434376893181 ], [ 87.910767506484248, 24.610434376893163 ] ], [ [ 87.889268204036554, 24.565051878236584 ], [ 87.905170165844623, 24.589938553552464 ], [ 87.891931525345797, 24.584181613233458 ], [ 87.889268204036554, 24.565051878236584 ] ], [ [ 87.869223896449284, 24.564500548997973 ], [ 87.869223896449213, 24.564500548998012 ], [ 87.869377710697975, 24.556019610604018 ], [ 87.869223896449284, 24.564500548997973 ] ], [ [ 87.849407785881795, 24.553835090595985 ], [ 87.849407785881937, 24.553835090595953 ], [ 87.852023331618668, 24.560878560435992 ], [ 87.849407785881795, 24.553835090595985 ] ], [ [ 87.808588115871061, 24.546694770532564 ], [ 87.792459031280259, 24.571660964634486 ], [ 87.770188049237447, 24.570489536183576 ], [ 87.771217714172906, 24.583019386187171 ], [ 87.770188049237291, 24.57048953618354 ], [ 87.792459031280259, 24.571660964634436 ], [ 87.808588115871061, 24.546694770532564 ] ], [ [ 87.797564026039751, 24.53879712106626 ], [ 87.804241624718699, 24.519227446120524 ], [ 87.808588115871061, 24.546694770532564 ], [ 87.797564026039751, 24.53879712106626 ] ], [ [ 87.794143256712545, 24.501137431854666 ], [ 87.801263355388301, 24.493720126549828 ], [ 87.809339503410541, 24.514517574600561 ], [ 87.817230082563839, 24.500612346490453 ], [ 87.809339503410541, 24.514517574600621 ], [ 87.801263355388301, 24.493720126549881 ], [ 87.79414325671263, 24.501137431854723 ], [ 87.804241624718699, 24.519227446120524 ], [ 87.794143256712545, 24.501137431854666 ] ], [ [ 87.811683299136121, 24.490768294164248 ], [ 87.811683299136305, 24.490768294164337 ], [ 87.817230082563839, 24.500612346490453 ], [ 87.811683299136121, 24.490768294164248 ] ], [ [ 87.814123296636765, 24.480724229076223 ], [ 87.828151001040069, 24.498615402003281 ], [ 87.828151001039885, 24.498615402003196 ], [ 87.814123296636765, 24.480724229076223 ] ], [ [ 87.808922303488217, 24.455250739090165 ], [ 87.823772374472668, 24.458456634994082 ], [ 87.822672183560826, 24.471032501166857 ], [ 87.810704167223705, 24.476363413234168 ], [ 87.823772374472597, 24.458456634994082 ], [ 87.808922303488217, 24.455250739090165 ] ], [ [ 87.803136213956023, 24.454001613698747 ], [ 87.78883141514757, 24.41654955714133 ], [ 87.803136213956094, 24.454001613698761 ], [ 87.803136213956023, 24.454001613698747 ] ], [ [ 87.799898697539675, 24.40918395823585 ], [ 87.799898697539689, 24.409183958235865 ], [ 87.78883141514757, 24.41654955714133 ], [ 87.799898697539675, 24.40918395823585 ] ], [ [ 87.811276893658288, 24.417833825090362 ], [ 87.811276893658302, 24.417833825090465 ], [ 87.80500981221013, 24.413069500453325 ], [ 87.811276893658288, 24.417833825090362 ] ], [ [ 87.80110276811115, 24.382217192538842 ], [ 87.793950131612362, 24.399285879855416 ], [ 87.809809176437014, 24.405748905537752 ], [ 87.811076760619457, 24.416185965653202 ], [ 87.793950131612206, 24.39928587985537 ], [ 87.80110276811115, 24.382217192538842 ] ], [ [ 87.793822586369515, 24.383071029932218 ], [ 87.793822586369515, 24.383071029932211 ], [ 87.79614732974818, 24.382798378383509 ], [ 87.793822586369515, 24.383071029932218 ] ], [ [ 87.729301671632257, 24.2884217090356 ], [ 87.761602378433153, 24.308467138890542 ], [ 87.770629751566503, 24.322142691349931 ], [ 87.764402614004709, 24.339328163560747 ], [ 87.784015928914528, 24.368490074475062 ], [ 87.764402614004567, 24.339328163560747 ], [ 87.761602378433082, 24.308467138890517 ], [ 87.729301671632257, 24.2884217090356 ] ], [ [ 87.705891170401443, 24.261436386285951 ], [ 87.720435014019671, 24.291813133646745 ], [ 87.713673802733993, 24.294399242117098 ], [ 87.705891170401443, 24.261436386285951 ] ], [ [ 87.687537375085185, 24.24643948510484 ], [ 87.68753737508527, 24.246439485104844 ], [ 87.690359277684109, 24.257850357490284 ], [ 87.687537375085185, 24.24643948510484 ] ], [ [ 87.651052536544256, 24.243387320509392 ], [ 87.659166259598734, 24.23611962579762 ], [ 87.659166259598749, 24.236119625797649 ], [ 87.651052536544256, 24.243387320509392 ] ], [ [ 87.675583568726054, 24.208334699355774 ], [ 87.676345693919529, 24.193730784648977 ], [ 87.698606587813686, 24.187812746385934 ], [ 87.694423443080694, 24.150242426220498 ], [ 87.698606587813771, 24.187812746386005 ], [ 87.676345693919615, 24.193730784649016 ], [ 87.67558356872614, 24.208334699355774 ], [ 87.638605859197696, 24.213989425168275 ], [ 87.646626733552608, 24.231526370000815 ], [ 87.637870347902492, 24.251760953728684 ], [ 87.638605859197682, 24.213989425168261 ], [ 87.675583568726054, 24.208334699355774 ] ], [ [ 87.657547628169411, 24.158903790323929 ], [ 87.642201336280266, 24.15305112005392 ], [ 87.657547628169468, 24.158903790323919 ], [ 87.657547628169411, 24.158903790323929 ] ], [ [ 87.576145156005126, 24.161282213858069 ], [ 87.615279139408599, 24.166124865433872 ], [ 87.57614515600504, 24.161282213858087 ], [ 87.610230247545971, 24.132533690882497 ], [ 87.576145156005126, 24.161282213858069 ] ], [ [ 87.576597103701218, 24.11225723088188 ], [ 87.601124908368178, 24.127044342444453 ], [ 87.576597103701133, 24.112257230881877 ], [ 87.580221342556413, 24.086368767833971 ], [ 87.576597103701218, 24.11225723088188 ] ], [ [ 87.559920263323349, 24.081968871931906 ], [ 87.559920263323377, 24.081968871931899 ], [ 87.56921478986547, 24.083983294356184 ], [ 87.559920263323349, 24.081968871931906 ] ], [ [ 87.497616737126052, 24.118973272175758 ], [ 87.500414138167102, 24.101839510888485 ], [ 87.493928389269385, 24.094654849712082 ], [ 87.500414138167173, 24.101839510888485 ], [ 87.497616737126052, 24.118973272175758 ] ], [ [ 87.497856308186925, 24.066336272481582 ], [ 87.510749369865977, 24.082246570101912 ], [ 87.489830011292739, 24.090114825483667 ], [ 87.510749369865906, 24.082246570101912 ], [ 87.497856308186925, 24.066336272481582 ] ], [ [ 87.494196356266698, 24.055362294688813 ], [ 87.499852248617444, 24.065162744709717 ], [ 87.499852248617373, 24.065162744709763 ], [ 87.494196356266698, 24.055362294688813 ] ], [ [ 87.498326033123888, 24.026860513559924 ], [ 87.511980473068775, 24.035835708249316 ], [ 87.509389822897575, 24.046952530963694 ], [ 87.493505100494545, 24.054164496494181 ], [ 87.511980473068704, 24.035835708249316 ], [ 87.498326033123888, 24.026860513559924 ] ], [ [ 87.436765348555539, 23.982115684952959 ], [ 87.436765348555539, 23.982115684952955 ], [ 87.441364919733587, 23.982449211867294 ], [ 87.436765348555539, 23.982115684952959 ] ], [ [ 87.360423945238026, 24.01309177950251 ], [ 87.354472919894476, 24.003272181543363 ], [ 87.360423945238082, 24.013091779502492 ], [ 87.360423945238026, 24.01309177950251 ] ], [ [ 87.287458196336843, 24.02886246464994 ], [ 87.287458196336857, 24.028862464649933 ], [ 87.304586716575287, 24.030741047469633 ], [ 87.287458196336843, 24.02886246464994 ] ], [ [ 87.232887758760782, 24.023743739354362 ], [ 87.250503418999756, 23.997036405801175 ], [ 87.250503418999813, 23.99703640580119 ], [ 87.232887758760782, 24.023743739354362 ] ], [ [ 87.261582770489184, 23.9682184837108 ], [ 87.264155818315857, 24.000607960530331 ], [ 87.264155818315771, 24.00060796053031 ], [ 87.261582770489184, 23.9682184837108 ] ], [ [ 87.293249051323059, 23.95863468138662 ], [ 87.261531669207471, 23.967575221754153 ], [ 87.293249051322988, 23.95863468138656 ], [ 87.283544658266464, 23.920906813575936 ], [ 87.293249051323059, 23.95863468138662 ] ], [ [ 87.295033149788864, 23.902341044455497 ], [ 87.295033149788878, 23.902341044455518 ], [ 87.283544658266464, 23.920906813575936 ], [ 87.295033149788864, 23.902341044455497 ] ], [ [ 87.254938659245397, 23.847035327980688 ], [ 87.241529077178569, 23.869660333174906 ], [ 87.254938659245326, 23.847035327980631 ], [ 87.238698595458999, 23.826427577478871 ], [ 87.254938659245397, 23.847035327980688 ] ], [ [ 87.221213841698159, 23.860573014402888 ], [ 87.215986989861378, 23.853430079169112 ], [ 87.221213841698216, 23.86057301440287 ], [ 87.221213841698159, 23.860573014402888 ] ], [ [ 87.188582427635012, 23.843154846228032 ], [ 87.188582427634955, 23.843154846227925 ], [ 87.198064540757272, 23.850407365007086 ], [ 87.188582427635012, 23.843154846228032 ] ], [ [ 87.196104501582866, 23.8578100553746 ], [ 87.196104501582852, 23.857810055374596 ], [ 87.195511734445532, 23.856655170906169 ], [ 87.196104501582866, 23.8578100553746 ] ], [ [ 87.165751983403297, 23.864754973566239 ], [ 87.15559313420809, 23.866444315879328 ], [ 87.165751983403325, 23.864754973566214 ], [ 87.165751983403297, 23.864754973566239 ] ], [ [ 87.130020321530097, 23.8539117048084 ], [ 87.133064279318972, 23.870190699657485 ], [ 87.130020321530026, 23.8539117048084 ], [ 87.167015732559705, 23.824526350795765 ], [ 87.130020321530097, 23.8539117048084 ] ], [ [ 87.150487844670835, 23.797564768873041 ], [ 87.150487844670891, 23.797564768873002 ], [ 87.167015732559705, 23.824526350795765 ], [ 87.150487844670835, 23.797564768873041 ] ], [ [ 87.139895859900463, 23.804229431792074 ], [ 87.127532928705435, 23.799061228697617 ], [ 87.13989585990052, 23.804229431792042 ], [ 87.139895859900463, 23.804229431792074 ] ], [ [ 86.973239226180965, 23.868772684064211 ], [ 86.960408610749994, 23.848275554275236 ], [ 86.973239226181107, 23.868772684064147 ], [ 86.973239226180965, 23.868772684064211 ] ], [ [ 86.892816271538408, 23.837282285069183 ], [ 86.880243220035638, 23.862324713025838 ], [ 86.895919164984008, 23.878286654719229 ], [ 86.880243220035567, 23.862324713025878 ], [ 86.892816271538408, 23.837282285069183 ] ], [ [ 86.890296767671643, 23.820502232543223 ], [ 86.8902967676717, 23.82050223254312 ], [ 86.892749459580756, 23.836837313273932 ], [ 86.890296767671643, 23.820502232543223 ] ], [ [ 86.826535621467514, 23.813939767013039 ], [ 86.852898509799559, 23.824952284466924 ], [ 86.874215531310185, 23.847309701800555 ], [ 86.852898509799488, 23.824952284466924 ], [ 86.826535621467514, 23.813939767013039 ] ], [ [ 86.819838969827941, 23.788254522930696 ], [ 86.828366020712451, 23.760195304650473 ], [ 86.826094423371316, 23.749213341704682 ], [ 86.828366020712537, 23.760195304650473 ], [ 86.819838969827941, 23.788254522930696 ] ], [ [ 86.799037556949486, 23.689032490969939 ], [ 86.799037556949543, 23.68903249096995 ], [ 86.80995128113365, 23.734942118531393 ], [ 86.799037556949486, 23.689032490969939 ] ], [ [ 86.744271907627308, 23.684504399975669 ], [ 86.747335482662322, 23.678786597973474 ], [ 86.747335482662365, 23.678786597973485 ], [ 86.744271907627308, 23.684504399975669 ] ], [ [ 86.714947702184773, 23.698875560173423 ], [ 86.633793549147342, 23.675167706822808 ], [ 86.71494770218483, 23.698875560173413 ], [ 86.714947702184773, 23.698875560173423 ] ], [ [ 86.597570120138087, 23.673756569275731 ], [ 86.597570120138101, 23.673756569275671 ], [ 86.633793549147342, 23.675167706822808 ], [ 86.597570120138087, 23.673756569275731 ] ], [ [ 86.598973704095968, 23.665495269113414 ], [ 86.598973704095897, 23.6654952691134 ], [ 86.58871559012907, 23.658199356432391 ], [ 86.598973704095968, 23.665495269113414 ] ], [ [ 86.535397418591629, 23.631236918362116 ], [ 86.535397418591657, 23.631236918362113 ], [ 86.549014820722803, 23.637100104116112 ], [ 86.535397418591629, 23.631236918362116 ] ], [ [ 86.446429036719238, 23.618718207159063 ], [ 86.446429036719167, 23.618718207159102 ], [ 86.447084420081438, 23.598135930528127 ], [ 86.446429036719238, 23.618718207159063 ] ], [ [ 86.421225563422865, 23.590100475852218 ], [ 86.413560158538274, 23.575705431482753 ], [ 86.447084420081438, 23.598135930528127 ], [ 86.421225563422865, 23.590100475852218 ] ], [ [ 86.375194610740493, 23.510342510021115 ], [ 86.365107758619217, 23.532689589373867 ], [ 86.389382078142347, 23.561199339661613 ], [ 86.388158869798701, 23.573948700176956 ], [ 86.365107758619146, 23.532689589373845 ], [ 86.375194610740493, 23.510342510021115 ] ], [ [ 86.362419905211254, 23.484248618478961 ], [ 86.372291106137439, 23.508161828370852 ], [ 86.363568379536389, 23.501610610983771 ], [ 86.362419905211254, 23.484248618478961 ] ], [ [ 86.354521777782182, 23.449269984773224 ], [ 86.379462768058815, 23.47363977014453 ], [ 86.378802270596012, 23.484790961649313 ], [ 86.37946276805873, 23.47363977014453 ], [ 86.364090138776504, 23.471688954013938 ], [ 86.354521777782182, 23.449269984773224 ] ], [ [ 86.334786874571364, 23.446577746886089 ], [ 86.305766346191604, 23.434824556534846 ], [ 86.317571515562193, 23.426468238287878 ], [ 86.305766346191675, 23.434824556534846 ], [ 86.334786874571364, 23.446577746886089 ] ], [ [ 86.259146950937378, 23.413306470488831 ], [ 86.259146950937478, 23.413306470488848 ], [ 86.252207290421239, 23.42677301511522 ], [ 86.259146950937378, 23.413306470488831 ] ], [ [ 86.245567915167499, 23.459317243323721 ], [ 86.245567915167484, 23.459317243323724 ], [ 86.242702748437111, 23.454116073825606 ], [ 86.245567915167499, 23.459317243323721 ] ], [ [ 86.126665294675817, 23.569401167229177 ], [ 86.105721704091607, 23.567698973653098 ], [ 86.126665294675831, 23.569401167229152 ], [ 86.126665294675817, 23.569401167229177 ] ], [ [ 86.072735998213474, 23.568841063702859 ], [ 86.077429046493791, 23.579212687961704 ], [ 86.07273599821346, 23.568841063702866 ], [ 86.072735998213474, 23.568841063702859 ] ], [ [ 86.052160493083562, 23.586150674728287 ], [ 86.042064378733627, 23.586881388330045 ], [ 86.077429046492995, 23.579212687961924 ], [ 86.052160493083562, 23.586150674728287 ] ], [ [ 86.0420643787335, 23.586881388330056 ], [ 86.016277773533488, 23.547317205691993 ], [ 86.042064378733585, 23.586881388330049 ], [ 86.0420643787335, 23.586881388330056 ] ], [ [ 86.038190577923928, 23.497775503851308 ], [ 86.027647561903962, 23.542110436951596 ], [ 86.038190577923856, 23.497775503851308 ], [ 86.056710304642806, 23.495080583212104 ], [ 86.038190577923928, 23.497775503851308 ] ], [ [ 85.954501593546809, 23.47114674262124 ], [ 85.954993212058213, 23.471016214932817 ], [ 86.053836426593307, 23.487056708846751 ], [ 85.954501593546809, 23.47114674262124 ] ], [ [ 85.887151560270738, 23.484313228584021 ], [ 85.879415219569623, 23.477162481618734 ], [ 85.899324295714948, 23.481850966749803 ], [ 85.887151560270738, 23.484313228584021 ] ], [ [ 85.863892385241058, 23.431355858689273 ], [ 85.868957240630593, 23.467496107805797 ], [ 85.863892385240973, 23.431355858689219 ], [ 85.882582473453979, 23.430584223804654 ], [ 85.863892385241058, 23.431355858689273 ] ], [ [ 85.886729390141937, 23.404601922062351 ], [ 85.902542875874985, 23.397114747128299 ], [ 85.882582473453979, 23.430584223804654 ], [ 85.886729390141937, 23.404601922062351 ] ], [ [ 85.819673472715039, 23.268120116525292 ], [ 85.883067848510635, 23.350782124053509 ], [ 85.870812512467126, 23.388814230921952 ], [ 85.883067848510564, 23.350782124053488 ], [ 85.819673472715039, 23.268120116525292 ] ], [ [ 85.83860565464407, 23.246834408898632 ], [ 85.836806019267556, 23.223450561323325 ], [ 85.838605654644127, 23.246834408898632 ], [ 85.819673472715039, 23.268120116525292 ], [ 85.83860565464407, 23.246834408898632 ] ], [ [ 85.836580955058082, 23.220526153836389 ], [ 85.857132829876747, 23.22192651531493 ], [ 85.836580955058096, 23.220526153836481 ], [ 85.836580955058082, 23.220526153836389 ] ], [ [ 85.882523176361289, 23.198729002399133 ], [ 85.86381453226673, 23.22238179244755 ], [ 85.86381453226663, 23.222381792447543 ], [ 85.882523176361289, 23.198729002399133 ] ], [ [ 85.882523176361289, 23.198729002399133 ], [ 85.894542227916347, 23.155128287867242 ], [ 85.927707262034659, 23.148569993505696 ], [ 85.894542227916418, 23.155128287867242 ], [ 85.882523176361289, 23.198729002399133 ] ], [ [ 86.051256608161012, 23.105526164972343 ], [ 86.055913629272894, 23.122739074614536 ], [ 86.044521898506773, 23.144237814795684 ], [ 85.957614405622778, 23.161045541348805 ], [ 85.956742490172601, 23.15974501669891 ], [ 86.04452189850663, 23.144237814795684 ], [ 86.051256608161012, 23.105526164972343 ] ], [ [ 86.167744096944034, 23.032559948314788 ], [ 86.156016685092382, 23.031172000148469 ], [ 86.158044628096917, 23.046179200417811 ], [ 86.141980041494264, 23.054249727762716 ], [ 86.146257069335491, 23.074959059814081 ], [ 86.141980041494193, 23.054249727762684 ], [ 86.156016685092311, 23.031172000148434 ], [ 86.167744096944034, 23.032559948314788 ] ], [ [ 86.186404630129616, 23.005156084875498 ], [ 86.186542135309011, 23.004954152105356 ], [ 86.248499215896075, 22.994910300478502 ], [ 86.186404630129616, 23.005156084875498 ] ], [ [ 86.366300806398996, 22.996533802868218 ], [ 86.339533282352264, 22.989814059515535 ], [ 86.303738375281029, 23.015998448118765 ], [ 86.281879169914419, 23.007653459614168 ], [ 86.303738375281029, 23.015998448118726 ], [ 86.339533282352264, 22.989814059515446 ], [ 86.366300806398996, 22.996533802868218 ] ], [ [ 86.372751760017664, 22.998153256076584 ], [ 86.398547779434452, 22.979893325656807 ], [ 86.419258873025868, 23.000274068735777 ], [ 86.398547779434452, 22.979893325656825 ], [ 86.372751760017664, 22.998153256076584 ] ], [ [ 86.501147512924291, 22.993590349615705 ], [ 86.446422499262908, 22.988236642079134 ], [ 86.50114751292422, 22.993590349615648 ], [ 86.513777140175705, 22.977486046409311 ], [ 86.501147512924291, 22.993590349615705 ] ], [ [ 86.550562850600031, 22.97799108607326 ], [ 86.545606162971282, 22.990278275797753 ], [ 86.508617094019073, 22.973035083495379 ], [ 86.545606162971282, 22.990278275797738 ], [ 86.550562850600031, 22.97799108607326 ] ], [ [ 86.525980009378515, 22.947605258796273 ], [ 86.531603370390059, 22.965208049002253 ], [ 86.525980009378443, 22.947605258796283 ], [ 86.525980009378515, 22.947605258796273 ] ], [ [ 86.489133377297819, 22.937242760303398 ], [ 86.50258033313591, 22.951873390201978 ], [ 86.489133377297776, 22.937242760303437 ], [ 86.489133377297819, 22.937242760303398 ] ], [ [ 86.453378005096567, 22.936625707723355 ], [ 86.435340085385192, 22.925185170924152 ], [ 86.452967526431863, 22.902462744563003 ], [ 86.435340085385278, 22.92518517092417 ], [ 86.453378005096567, 22.936625707723355 ] ], [ [ 86.467137976168047, 22.89992692083894 ], [ 86.453426084712461, 22.885865401673037 ], [ 86.445782570619002, 22.861212290877088 ], [ 86.467137976168132, 22.89992692083894 ], [ 86.452967526431863, 22.902462744563003 ], [ 86.467137976168047, 22.89992692083894 ] ], [ [ 86.417608696834421, 22.783676331647623 ], [ 86.460182203281221, 22.761910604136652 ], [ 86.417608696834492, 22.783676331647655 ], [ 86.438845709011147, 22.831023290449821 ], [ 86.434971221490898, 22.860512396932215 ], [ 86.438845709011076, 22.831023290449821 ], [ 86.417608696834421, 22.783676331647623 ] ], [ [ 86.481543619337828, 22.727861232107411 ], [ 86.51132507949589, 22.704995768335834 ], [ 86.460182203281221, 22.761910604136652 ], [ 86.481543619337828, 22.727861232107411 ] ], [ [ 86.512931195640789, 22.71661879787834 ], [ 86.539377003244013, 22.720834769054317 ], [ 86.51132507949589, 22.704995768335834 ], [ 86.512931195640789, 22.71661879787834 ] ], [ [ 86.544195256016522, 22.721602891363606 ], [ 86.63805490845553, 22.662978450301299 ], [ 86.63805490845553, 22.662978450301352 ], [ 86.544195256016522, 22.721602891363606 ] ], [ [ 86.659029307882918, 22.575065103442316 ], [ 86.656000237655618, 22.591391056036738 ], [ 86.633122772260265, 22.611269083711125 ], [ 86.63771865049091, 22.659453063800857 ], [ 86.633122772260194, 22.611269083711157 ], [ 86.659029307882918, 22.575065103442316 ] ], [ [ 86.682633144694023, 22.578676271383344 ], [ 86.709961092614847, 22.582857193756919 ], [ 86.709961092616822, 22.582857193756716 ], [ 86.709961092614947, 22.582857193756976 ], [ 86.682633144694023, 22.578676271383344 ] ], [ [ 86.768128530544828, 22.560892248999512 ], [ 86.765951524804166, 22.57511599617132 ], [ 86.759563910424802, 22.575999143221239 ], [ 86.768128530544828, 22.560892248999512 ] ], [ [ 86.789287366363155, 22.54900321375824 ], [ 86.774840393306093, 22.549053381735778 ], [ 86.789287366363155, 22.549003213758201 ], [ 86.789287366363155, 22.54900321375824 ] ], [ [ 86.799237852392338, 22.49492942786673 ], [ 86.789173954865319, 22.547971922704072 ], [ 86.786851694339433, 22.52685478245326 ], [ 86.799237852392338, 22.49492942786673 ] ], [ [ 86.791584957090208, 22.477875470884424 ], [ 86.79256790513783, 22.477755949479313 ], [ 86.793374348944127, 22.479832344501592 ], [ 86.791584957090208, 22.477875470884424 ] ], [ [ 86.751007659063916, 22.456706028668624 ], [ 86.756968002556903, 22.452629060295141 ], [ 86.749871307046007, 22.482947635255375 ], [ 86.751007659063916, 22.456706028668624 ] ], [ [ 86.831571502862161, 22.328780885713975 ], [ 86.846354155788958, 22.399083087368933 ], [ 86.807074394853316, 22.421259038767644 ], [ 86.764281484703034, 22.431146045579414 ], [ 86.846354155788887, 22.39908308736895 ], [ 86.831571502862161, 22.328780885713975 ] ], [ [ 86.887790153732794, 22.297459435265246 ], [ 86.887790153732794, 22.297459435265271 ], [ 86.887790153731686, 22.297459435265861 ], [ 86.887790153732794, 22.297459435265246 ] ], [ [ 86.886324646515888, 22.257238556439017 ], [ 86.886324646516044, 22.257238556438992 ], [ 86.887781707568621, 22.29722763009779 ], [ 86.886324646515888, 22.257238556439017 ] ], [ [ 86.818251615021268, 22.253720201899274 ], [ 86.818251615021296, 22.253720201899181 ], [ 86.823017206750436, 22.264610721554334 ], [ 86.818251615021268, 22.253720201899274 ] ], [ [ 86.813592057044147, 22.267390985377823 ], [ 86.803992463507541, 22.243584584133682 ], [ 86.803992463507569, 22.243584584133426 ], [ 86.813592057044147, 22.267390985377823 ] ], [ [ 86.812022980887093, 22.241226826764919 ], [ 86.794861768885582, 22.243169356998791 ], [ 86.792261748043302, 22.26630195959088 ], [ 86.794861768885582, 22.243169356998745 ], [ 86.812022980886951, 22.241226826764919 ], [ 86.8024145822218, 22.217549780346847 ], [ 86.812022980887093, 22.241226826764919 ] ], [ [ 86.784469276871434, 22.230597265210861 ], [ 86.794905143629805, 22.227787729858104 ], [ 86.794905143629634, 22.227787729858193 ], [ 86.784469276871434, 22.230597265210861 ] ], [ [ 86.776413574598294, 22.21786463360862 ], [ 86.777675284394732, 22.236594184273947 ], [ 86.776413574598152, 22.217864633608656 ], [ 86.751408391823702, 22.212067723234032 ], [ 86.776413574598294, 22.21786463360862 ] ], [ [ 86.762150898777051, 22.153122379556326 ], [ 86.719710716103648, 22.147281480360871 ], [ 86.72437419019623, 22.21585221673794 ], [ 86.716366669072116, 22.186319070685194 ], [ 86.719710716103648, 22.147281480360817 ], [ 86.762150898777051, 22.153122379556326 ] ], [ [ 86.793845300856304, 22.157484373212895 ], [ 86.806414139216727, 22.119705271219104 ], [ 86.824621354834719, 22.118921867410464 ], [ 86.806414139216798, 22.119705271219104 ], [ 86.793845300856304, 22.157484373212895 ] ], [ [ 86.957959663922964, 22.088552598239623 ], [ 86.833738197724841, 22.098699813082735 ], [ 86.960918606007837, 22.086337052658038 ], [ 86.957959663922964, 22.088552598239623 ] ], [ [ 86.999721833820928, 21.913245487498493 ], [ 87.034691535531564, 21.870289919991656 ], [ 86.999721833821013, 21.913245487498525 ], [ 87.030353443053031, 21.985343132390877 ], [ 87.026695644221803, 22.037085657326706 ], [ 86.97162925451353, 22.078317318140765 ], [ 87.026695644221732, 22.037085657326706 ], [ 87.03035344305296, 21.985343132390877 ], [ 86.999721833820928, 21.913245487498493 ] ], [ [ 87.097931694372576, 21.86692165271824 ], [ 87.097931694372562, 21.866921652718293 ], [ 87.097931694369478, 21.866921652718403 ], [ 87.097931694372576, 21.86692165271824 ] ], [ [ 87.097099673007762, 21.913937528702967 ], [ 87.090574886632766, 21.90106694826348 ], [ 87.096858505717904, 21.871902664195762 ], [ 87.097099673007762, 21.913937528702878 ], [ 87.161402604949757, 21.934920250279433 ], [ 87.097099673007762, 21.913937528702967 ] ], [ [ 87.170413720630961, 21.979937904970583 ], [ 87.196808649330904, 21.959550255299838 ], [ 87.19680864933558, 21.959550255299533 ], [ 87.170413720630961, 21.979937904970598 ], [ 87.161402604949757, 21.934920250279433 ], [ 87.170413720630961, 21.979937904970583 ] ], [ [ 87.235777217283257, 21.952175134983353 ], [ 87.231805149193576, 21.957043489332463 ], [ 87.231649996409871, 21.957054602778648 ], [ 87.235777217283257, 21.952175134983353 ] ], [ [ 87.249200317439019, 21.915149897436809 ], [ 87.249471689116305, 21.935390543178254 ], [ 87.234492354525216, 21.900746906207281 ], [ 87.249200317439019, 21.915149897436809 ] ], [ [ 87.263895534467878, 21.818584037129359 ], [ 87.259789443546254, 21.848831078306045 ], [ 87.249028132114105, 21.853225790675154 ], [ 87.263895534467878, 21.818584037129359 ] ], [ [ 87.27519348790014, 21.816970245897537 ], [ 87.275193487900736, 21.816970245894307 ], [ 87.263895534467878, 21.818584037129359 ], [ 87.27519348790014, 21.816970245897537 ] ], [ [ 87.298380510061392, 21.801209883557096 ], [ 87.277261120725171, 21.805644893557158 ], [ 87.277377908942555, 21.805005192109697 ], [ 87.298380510061392, 21.801209883557096 ] ], [ [ 87.321635091925813, 21.797674519340056 ], [ 87.320207426934886, 21.793108228452873 ], [ 87.298380510061392, 21.801209883557096 ], [ 87.321635091925813, 21.797674519340056 ] ], [ [ 87.319462050430957, 21.790724191610138 ], [ 87.333622263275075, 21.793132733119808 ], [ 87.319462050430985, 21.790724191610227 ], [ 87.319462050430957, 21.790724191610138 ] ], [ [ 87.369660366076729, 21.765432937616946 ], [ 87.371825639274775, 21.778758662272882 ], [ 87.355516459922583, 21.79217326601767 ], [ 87.338571548149247, 21.784764632688873 ], [ 87.336030804784656, 21.793542407202203 ], [ 87.338571548149247, 21.784764632688827 ], [ 87.355516459922512, 21.792173266017624 ], [ 87.371825639274704, 21.778758662272882 ], [ 87.369660366076729, 21.765432937616946 ] ], [ [ 87.397746993316701, 21.766578701714337 ], [ 87.385062688007068, 21.776767118593135 ], [ 87.379132652185277, 21.772403354512385 ], [ 87.385062688007054, 21.776767118593085 ], [ 87.397746993316701, 21.766578701714337 ] ], [ [ 87.445425539427774, 21.743785570917158 ], [ 87.44407359563975, 21.768115212544579 ], [ 87.445425539425955, 21.743785570918078 ], [ 87.445425539427774, 21.743785570917158 ] ], [ [ 87.469184392784385, 21.732516541051666 ], [ 87.444778158282858, 21.734032052359616 ], [ 87.454129077427325, 21.739187053692181 ], [ 87.444778158282773, 21.734032052359616 ], [ 87.469184392784385, 21.732516541051666 ] ], [ [ 87.473631221397696, 21.697106739985646 ], [ 87.463462584472708, 21.725380373243311 ], [ 87.473631221397696, 21.697106739985642 ], [ 87.473631221397696, 21.697106739985646 ] ], [ [ 87.486014814226621, 21.632235846687834 ], [ 87.472562880566755, 21.652469883590719 ], [ 87.460370400480457, 21.65139727879378 ], [ 87.473438271996727, 21.696441651963525 ], [ 87.460370400480372, 21.651397278793727 ], [ 87.486014814226621, 21.632235846687834 ] ], [ [ 80.300716227540505, 18.692141880018763 ], [ 80.28624354221698, 18.709049453943731 ], [ 80.337951518506131, 18.613027511697638 ], [ 80.300716227540505, 18.692141880018763 ] ], [ [ 80.375159160188431, 18.610656212139563 ], [ 80.347239176024672, 18.595780290323908 ], [ 80.34812289525695, 18.594139219774004 ], [ 80.375159160188431, 18.610656212139563 ] ], [ [ 80.794151835258532, 18.259628720082045 ], [ 80.748723736530806, 18.308924730444041 ], [ 80.793536938105788, 18.255454465271786 ], [ 80.794151835258532, 18.259628720082045 ] ], [ [ 80.792653068649798, 18.249454280831529 ], [ 80.793325173087254, 18.254016889665348 ], [ 80.737202306694385, 18.222092916493423 ], [ 80.792653068649798, 18.249454280831529 ] ], [ [ 80.737102943464762, 18.177082188840998 ], [ 80.736903684633631, 18.177253376848778 ], [ 80.736903093182249, 18.177164567578089 ], [ 80.737102943464762, 18.177082188840998 ] ], [ [ 80.799113331985197, 18.168169757577555 ], [ 80.754402366580834, 18.169951327624521 ], [ 80.760031607766535, 18.167630941714538 ], [ 80.799113331985197, 18.168169757577555 ] ], [ [ 80.964259927142166, 18.03814071524646 ], [ 80.998340184052111, 17.916786516629273 ], [ 80.979874530081375, 18.001959197684574 ], [ 80.964259927142166, 18.03814071524646 ] ], [ [ 81.391906816995544, 17.794476567926587 ], [ 81.354109735898291, 17.812287101926973 ], [ 81.391853293665321, 17.794179719497372 ], [ 81.391906816995544, 17.794476567926587 ] ], [ [ 81.392281121738421, 17.796552518255204 ], [ 81.396119435648799, 17.817840383758384 ], [ 81.389267490034996, 17.828873956723346 ], [ 81.388503258300233, 17.827606272680914 ], [ 81.392281121738421, 17.796552518255204 ] ], [ [ 81.399267984129537, 17.891916740700378 ], [ 81.394271219273648, 17.869276248313067 ], [ 81.399857882674951, 17.89217940562466 ], [ 81.399267984129537, 17.891916740700378 ] ], [ [ 81.408339985886116, 17.895956243209788 ], [ 81.401729585101506, 17.893012821099195 ], [ 81.435340506214402, 17.880817058796534 ], [ 81.408339985886116, 17.895956243209788 ] ], [ [ 81.845275243316351, 19.959532866722437 ], [ 81.845482701909361, 19.959316994337115 ], [ 81.847542971433029, 19.96636761944659 ], [ 81.845275243316351, 19.959532866722437 ] ], [ [ 82.364456146372888, 19.851014081357597 ], [ 82.344101388467905, 19.835204451843193 ], [ 82.344242981022745, 19.83501725447017 ], [ 82.364456146372888, 19.851014081357597 ] ], [ [ 82.597127113149995, 19.872692914398446 ], [ 82.579947550953591, 19.873753787768486 ], [ 82.59973974181689, 19.868052826909746 ], [ 82.597127113149995, 19.872692914398446 ] ], [ [ 82.602559148678267, 19.863045496679934 ], [ 82.601594215500626, 19.864759239785378 ], [ 82.57578795366426, 19.833394533901085 ], [ 82.602559148678267, 19.863045496679934 ] ], [ [ 82.698920196946787, 19.832028000802609 ], [ 82.65215916311675, 19.832165858131138 ], [ 82.696705795364778, 19.830614045183182 ], [ 82.698920196946787, 19.832028000802609 ] ], [ [ 82.71468743351744, 19.848861741504923 ], [ 82.707386592260519, 19.83743402441069 ], [ 82.711397925868596, 19.839995369987122 ], [ 82.71468743351744, 19.848861741504923 ] ], [ [ 83.004583649225381, 21.136959273899517 ], [ 82.990377622431581, 21.139848203100271 ], [ 82.990393766612058, 21.139809042347441 ], [ 83.004583649225381, 21.136959273899517 ] ], [ [ 83.206424039346103, 21.174261663124081 ], [ 83.194619509633412, 21.144699902536207 ], [ 83.198103822733572, 21.145443394761156 ], [ 83.206424039346103, 21.174261663124081 ] ], [ [ 83.222954187414814, 21.265769106268142 ], [ 83.216176227252419, 21.20803977026938 ], [ 83.222147963354445, 21.22872373819898 ], [ 83.222954187414814, 21.265769106268142 ] ], [ [ 83.272023084197215, 21.274925408051402 ], [ 83.271148760284959, 21.273010721468612 ], [ 83.271304691346245, 21.272939630349843 ], [ 83.272023084197215, 21.274925408051402 ] ], [ [ 83.257344162931105, 21.320499442870251 ], [ 83.277702776629539, 21.290625183694502 ], [ 83.279269428876987, 21.294955715512678 ], [ 83.257344162931105, 21.320499442870251 ] ], [ [ 83.406768958572258, 21.351597734102448 ], [ 83.378881914913975, 21.344552990383821 ], [ 83.406746823678873, 21.351424594515031 ], [ 83.406768958572258, 21.351597734102448 ] ], [ [ 83.627254870029432, 22.203782532596865 ], [ 83.608154756374844, 22.1543680402912 ], [ 83.628856506592925, 22.204788668830201 ], [ 83.627254870029432, 22.203782532596865 ] ], [ [ 83.974660711053815, 22.511886037450136 ], [ 83.974764005300358, 22.511825322774946 ], [ 83.974707758773889, 22.511925287428848 ], [ 83.974660711053815, 22.511886037450136 ] ], [ [ 85.035947947183999, 22.482429685067629 ], [ 85.036707520481514, 22.476510781113458 ], [ 85.05252170504393, 22.483350544157915 ], [ 85.035947947183999, 22.482429685067629 ] ], [ [ 85.067257418270643, 22.484169279147974 ], [ 85.06466241545202, 22.48402509748712 ], [ 85.078003496359457, 22.477549221603397 ], [ 85.067257418270643, 22.484169279147974 ] ], [ [ 85.06121513933185, 22.447788533922804 ], [ 85.077149583010296, 22.463752205722084 ], [ 85.060288208914642, 22.449559802478227 ], [ 85.06121513933185, 22.447788533922804 ] ], [ [ 85.082083689418411, 22.416529791176448 ], [ 85.064491049374283, 22.441528607243423 ], [ 85.085014723664273, 22.402309979569829 ], [ 85.082083689418411, 22.416529791176448 ] ], [ [ 85.087868161424623, 22.388466624637815 ], [ 85.086044608714744, 22.397313527749166 ], [ 85.076670165807926, 22.356206833264689 ], [ 85.087868161424623, 22.388466624637815 ] ], [ [ 85.026845057644465, 22.122516022963421 ], [ 85.026964024539765, 22.124679551722974 ], [ 85.025174544592417, 22.121478333022736 ], [ 85.026845057644465, 22.122516022963421 ] ], [ [ 84.989202181181795, 22.083449708270923 ], [ 84.986203754965757, 22.085486862612324 ], [ 84.986949546818664, 22.082823007643764 ], [ 84.989202181181795, 22.083449708270923 ] ], [ [ 85.021342658934202, 22.10843041331205 ], [ 85.019429590710089, 22.105480536200979 ], [ 85.037196755814847, 22.114640763426898 ], [ 85.021342658934202, 22.10843041331205 ] ], [ [ 85.040298217516721, 22.115855664734834 ], [ 85.039538570929338, 22.115558096774535 ], [ 85.094875087681544, 22.108356384345651 ], [ 85.040298217516721, 22.115855664734834 ] ], [ [ 85.275125771505458, 22.08228890536844 ], [ 85.236292546663279, 22.009803315375514 ], [ 85.278978284299626, 22.086266242691842 ], [ 85.275125771505458, 22.08228890536844 ] ], [ [ 85.309649812697614, 22.117931553407388 ], [ 85.293433989641258, 22.101190324573757 ], [ 85.313937760342156, 22.119378559518154 ], [ 85.309649812697614, 22.117931553407388 ] ], [ [ 85.346193994843631, 22.130263713046862 ], [ 85.334818331807114, 22.126424894270983 ], [ 85.362904977380381, 22.123851676511816 ], [ 85.346193994843631, 22.130263713046862 ] ], [ [ 85.364059048385116, 22.125470567449181 ], [ 85.363953427972305, 22.123755620481354 ], [ 85.364406915913335, 22.123714073219315 ], [ 85.364059048385116, 22.125470567449181 ] ], [ [ 85.366118801069646, 22.158914544108111 ], [ 85.365723466012355, 22.152495532482217 ], [ 85.370099142856787, 22.159450203110048 ], [ 85.366118801069646, 22.158914544108111 ] ], [ [ 85.397854087242735, 22.163185356170672 ], [ 85.378966345985759, 22.160643517009216 ], [ 85.407179143446442, 22.159399618454209 ], [ 85.397854087242735, 22.163185356170672 ] ], [ [ 85.514973380769135, 22.115637875797063 ], [ 85.489473436379257, 22.125990210317699 ], [ 85.539775721834104, 22.101847889262835 ], [ 85.514973380769135, 22.115637875797063 ] ], [ [ 85.907278175626203, 21.971736500329769 ], [ 85.895766305525385, 21.984413328421589 ], [ 85.906893057596236, 21.970129240491357 ], [ 85.907278175626203, 21.971736500329769 ] ], [ [ 86.35760549953136, 22.349739548612543 ], [ 86.321156954005687, 22.385418042451228 ], [ 86.357548806296919, 22.349765894643809 ], [ 86.35760549953136, 22.349739548612543 ] ], [ [ 86.434831389352851, 22.307217620853667 ], [ 86.426807299717282, 22.317580635661304 ], [ 86.430343732502195, 22.307461576608599 ], [ 86.434831389352851, 22.307217620853667 ] ], [ [ 86.43809974464402, 22.307039948159659 ], [ 86.445224653751126, 22.328597309979784 ], [ 86.444832676553062, 22.328655681355169 ], [ 86.43809974464402, 22.307039948159659 ] ], [ [ 86.496914798320944, 22.347200735020127 ], [ 86.496827946711207, 22.347148343610129 ], [ 86.508184862785953, 22.327862025860753 ], [ 86.496914798320944, 22.347200735020127 ] ], [ [ 86.654253523214138, 22.236267985010159 ], [ 86.65466879027133, 22.236437755632519 ], [ 86.644160163049008, 22.268585642381499 ], [ 86.654253523214138, 22.236267985010159 ] ], [ [ 77.535965812315069, 15.922693278261479 ], [ 77.549070445775413, 15.919444486323313 ], [ 77.585002866722718, 15.913770393652204 ], [ 77.535965812315069, 15.922693278261479 ] ], [ [ 77.593812444209391, 15.912379272271153 ], [ 77.595131199303495, 15.912171027504527 ], [ 77.611481652556193, 15.918256928315662 ], [ 77.593812444209391, 15.912379272271153 ] ], [ [ 77.724181502020656, 15.896137139885507 ], [ 77.803599184183341, 15.874458573846104 ], [ 77.805046726763024, 15.87471054900227 ], [ 77.724181502020656, 15.896137139885507 ] ], [ [ 78.735543492194552, 16.008469882320551 ], [ 78.783191567827473, 16.02060753539272 ], [ 78.783554797363593, 16.020950525902272 ], [ 78.735543492194552, 16.008469882320551 ] ], [ [ 78.799653807692891, 16.036152504835556 ], [ 78.837800738665962, 16.072173901751274 ], [ 78.837614945238727, 16.075625206729658 ], [ 78.799653807692891, 16.036152504835556 ] ], [ [ 79.910109476676098, 16.634210766793135 ], [ 79.934147549962447, 16.631865692853488 ], [ 79.943907533800058, 16.635901395833674 ], [ 79.910109476676098, 16.634210766793135 ] ], [ [ 79.953676007230172, 16.639940609216573 ], [ 79.963071386777131, 16.643825550203005 ], [ 79.969869096877417, 16.655417279405661 ], [ 79.953676007230172, 16.639940609216573 ] ], [ [ 80.855248989862801, 17.602408577652707 ], [ 80.849648897747571, 17.622209281136897 ], [ 80.855138329839988, 17.602412797809848 ], [ 80.855248989862801, 17.602408577652707 ] ], [ [ 80.885546322692178, 17.735677953808601 ], [ 80.9175695834154, 17.748107685774762 ], [ 80.922142496673274, 17.754186958621965 ], [ 80.885546322692178, 17.735677953808601 ] ], [ [ 80.935794711412498, 17.761091748954751 ], [ 80.946312478163875, 17.760186915366674 ], [ 80.95199249465675, 17.769283994630175 ], [ 80.935794711412498, 17.761091748954751 ] ], [ [ 81.39888890998634, 17.819396712056239 ], [ 81.41559671754915, 17.813423172829641 ], [ 81.401652717307073, 17.820949855728582 ], [ 81.39888890998634, 17.819396712056239 ] ], [ [ 81.473987227700107, 17.837860490012044 ], [ 81.490045472366674, 17.812694884755295 ], [ 81.474259844101937, 17.837978476256136 ], [ 81.473987227700107, 17.837860490012044 ] ], [ [ 81.574316116639551, 17.837167554102788 ], [ 81.616547408015222, 17.822075774805505 ], [ 81.616962284163279, 17.822393153950784 ], [ 81.574316116639551, 17.837167554102788 ] ], [ [ 82.205312922765643, 18.018368820634162 ], [ 82.222246600488006, 18.001675308345323 ], [ 82.223121167564543, 18.001613785777749 ], [ 82.205312922765643, 18.018368820634162 ] ], [ [ 82.230551515573893, 18.001091088205683 ], [ 82.265575114679734, 17.998627307209894 ], [ 82.266077698794916, 18.000059131403027 ], [ 82.230551515573893, 18.001091088205683 ] ], [ [ 82.261609358221037, 18.041853770734452 ], [ 82.271871678423722, 18.056187383033368 ], [ 82.271611562753748, 18.05607088490709 ], [ 82.261609358221037, 18.041853770734452 ] ], [ [ 82.289412008006437, 18.064043178614202 ], [ 82.301068408386399, 18.068776545982331 ], [ 82.301165567442297, 18.069307250753781 ], [ 82.289412008006437, 18.064043178614202 ] ], [ [ 82.298742890219444, 18.055276020442619 ], [ 82.310334108878934, 18.053928112989325 ], [ 82.29880690129346, 18.055548374304909 ], [ 82.298742890219444, 18.055276020442619 ] ], [ [ 82.319423601414329, 18.044975617129001 ], [ 82.319849753092541, 18.044763364556204 ], [ 82.319883903672348, 18.044978465681005 ], [ 82.319423601414329, 18.044975617129001 ] ], [ [ 82.322253859481677, 18.059905888966021 ], [ 82.334144649874062, 18.051329827037907 ], [ 82.33964765486752, 18.055095926688576 ], [ 82.322253859481677, 18.059905888966021 ] ], [ [ 82.341548405378319, 18.056396746121457 ], [ 82.343883044917561, 18.057994506829218 ], [ 82.35178141827538, 18.076586377903002 ], [ 82.341548405378319, 18.056396746121457 ] ], [ [ 82.339465314318659, 18.146590391649475 ], [ 82.363248060972253, 18.134808905311452 ], [ 82.339758027901851, 18.149834355899529 ], [ 82.339465314318659, 18.146590391649475 ] ], [ [ 83.730016857305202, 19.021955396104659 ], [ 83.709476915963691, 19.002636504560833 ], [ 83.709872171914583, 19.002385860858734 ], [ 83.730016857305202, 19.021955396104659 ] ], [ [ 84.137490780340201, 18.761736722313128 ], [ 84.138089812386724, 18.761490577078096 ], [ 84.140387518503474, 18.77727220394144 ], [ 84.137490780340201, 18.761736722313128 ] ], [ [ 84.160147773991412, 18.787560762642958 ], [ 84.159263474195157, 18.787853348404536 ], [ 84.140387518503474, 18.77727220394144 ], [ 84.160147773991412, 18.787560762642958 ] ], [ [ 84.229477124120123, 18.797345596142318 ], [ 84.214398261278433, 18.795424939495064 ], [ 84.214122233670409, 18.794795579840837 ], [ 84.229477124120123, 18.797345596142318 ] ], [ [ 84.582384715112539, 19.072798772332266 ], [ 84.582875785599413, 19.072751252889717 ], [ 84.582950707119849, 19.073184222248997 ], [ 84.582384715112539, 19.072798772332266 ] ], [ [ 84.581849097134779, 19.035545542140731 ], [ 84.581666241944788, 19.030088266600657 ], [ 84.588691950950519, 19.028152807519461 ], [ 84.581849097134779, 19.035545542140731 ] ], [ [ 84.600901128353371, 19.024789394195761 ], [ 84.613427912333023, 19.05656630913764 ], [ 84.596284820657161, 19.026061105655049 ], [ 84.600901128353371, 19.024789394195761 ] ], [ [ 84.620570889549711, 19.056828040382332 ], [ 84.622427720982202, 19.059852498315504 ], [ 84.618309763062797, 19.065873005444551 ], [ 84.620570889549711, 19.056828040382332 ] ], [ [ 84.709977196337192, 19.159665249422403 ], [ 84.670906111703303, 19.166042339490055 ], [ 84.67058349342571, 19.16278840764673 ], [ 84.709977196337192, 19.159665249422403 ] ], [ [ 84.711833229290448, 19.156869914419765 ], [ 84.710996266990691, 19.150254926536995 ], [ 84.714854330789194, 19.152319892421975 ], [ 84.711833229290448, 19.156869914419765 ] ], [ [ 78.536674753594028, 12.694236306325786 ], [ 78.536228167589741, 12.693526679705279 ], [ 78.536719748298097, 12.69339321268953 ], [ 78.536674753594028, 12.694236306325786 ] ], [ [ 78.539395686371833, 12.69446063656104 ], [ 78.53966312597079, 12.698984839800163 ], [ 78.537641138023005, 12.69577189434213 ], [ 78.539395686371833, 12.69446063656104 ] ], [ [ 79.849849408493469, 13.323677222803772 ], [ 79.85004991484773, 13.32373928509441 ], [ 79.845667661120302, 13.327576678871987 ], [ 79.849849408493469, 13.323677222803772 ] ], [ [ 79.843626349419495, 13.32232075704124 ], [ 79.843374834446422, 13.321673162145679 ], [ 79.848325507116996, 13.323205532963915 ], [ 79.843626349419495, 13.32232075704124 ] ], [ [ 84.350111126135303, 18.787572497567322 ], [ 84.351713167101693, 18.785771135969625 ], [ 84.353274639286084, 18.789892993631803 ], [ 84.350111126135303, 18.787572497567322 ] ], [ [ 82.199180935423769, 16.72094092087395 ], [ 82.191029042933721, 16.726700695873607 ], [ 82.193349369123823, 16.721627497056684 ], [ 82.199180935423769, 16.72094092087395 ] ], [ [ 82.230938500403923, 16.754616681288134 ], [ 82.217494575290331, 16.732720365863312 ], [ 82.23200734924086, 16.754735147428196 ], [ 82.230938500403923, 16.754616681288134 ] ], [ [ 82.205425280997488, 16.734499606421149 ], [ 82.217902300075096, 16.753171810619179 ], [ 82.212644596040448, 16.752589071619003 ], [ 82.205425280997488, 16.734499606421149 ] ], [ [ 83.041822646789129, 23.878704439341742 ], [ 83.035306819381717, 23.879645613538838 ], [ 82.947879411106427, 23.871422313590646 ], [ 83.041822646789129, 23.878704439341742 ] ], [ [ 83.081889007380909, 23.870459634561293 ], [ 83.088237572602949, 23.872000067386402 ], [ 83.066901507772002, 23.875081940559348 ], [ 83.081889007380909, 23.870459634561293 ] ], [ [ 83.321451224841681, 24.106016878657982 ], [ 83.299455290818059, 24.07892886438454 ], [ 83.28211253910861, 24.049734209183423 ], [ 83.321451224841681, 24.106016878657982 ] ], [ [ 83.330837602954674, 24.102741917306961 ], [ 83.332534204665222, 24.104361107019649 ], [ 83.321451224841681, 24.106016878657982 ], [ 83.330837602954674, 24.102741917306961 ] ], [ [ 83.411415932357414, 24.339864361776907 ], [ 83.380368653125998, 24.313780092399149 ], [ 83.380474884987336, 24.313508306362181 ], [ 83.411415932357414, 24.339864361776907 ] ], [ [ 83.433459865041172, 24.338779101967994 ], [ 83.457266153093897, 24.364549510815401 ], [ 83.433158933232477, 24.338793917346081 ], [ 83.433459865041172, 24.338779101967994 ] ], [ [ 83.396942708909037, 24.496901075456659 ], [ 83.386757396553563, 24.448862188587551 ], [ 83.399958239961322, 24.497710008774412 ], [ 83.396942708909037, 24.496901075456659 ] ], [ [ 83.503269445656798, 24.525423825987762 ], [ 83.500723919736302, 24.524740974213866 ], [ 83.503469245266132, 24.525330546413983 ], [ 83.503269445656798, 24.525423825987762 ] ], [ [ 87.142505232668412, 24.914002027137396 ], [ 87.142358601294262, 24.913723212908071 ], [ 87.155546987633699, 24.885017580105036 ], [ 87.142505232668412, 24.914002027137396 ] ], [ [ 87.149289130057582, 25.024182926977389 ], [ 87.146227453376582, 25.020006823845414 ], [ 87.148123171260295, 25.007676805371762 ], [ 87.149289130057582, 25.024182926977389 ] ], [ [ 87.493042522496708, 25.306615188882351 ], [ 87.486100825411668, 25.29726589821589 ], [ 87.486428502075171, 25.296412447399387 ], [ 87.493042522496708, 25.306615188882351 ] ], [ [ 87.501622786739318, 25.29232706154653 ], [ 87.493707200792002, 25.307510398008631 ], [ 87.493657869962988, 25.307443957734215 ], [ 87.501622786739318, 25.29232706154653 ] ], [ [ 87.541825730510595, 25.280665039796808 ], [ 87.541920374403034, 25.281162203842197 ], [ 87.501622786739318, 25.29232706154653 ], [ 87.541825730510595, 25.280665039796808 ] ], [ [ 87.584516191601423, 25.333482936143238 ], [ 87.585220871769081, 25.33294836162197 ], [ 87.59185442822637, 25.341884486850979 ], [ 87.584516191601423, 25.333482936143238 ] ], [ [ 83.515722456510559, 24.027163561852763 ], [ 83.45288940827642, 24.041990406693845 ], [ 83.515811305795012, 24.026992122177457 ], [ 83.515722456510559, 24.027163561852763 ] ], [ [ 83.775305429780417, 23.610007745562623 ], [ 83.775139142517091, 23.621943519853193 ], [ 83.772481744119787, 23.610898298690472 ], [ 83.775305429780417, 23.610007745562623 ] ], [ [ 84.24103592204348, 22.983613671606374 ], [ 84.219022578084477, 22.979349771302928 ], [ 84.219175681953885, 22.97913081312749 ], [ 84.24103592204348, 22.983613671606374 ] ], [ [ 84.277822358012898, 22.993369387306341 ], [ 84.277105806838804, 22.992778676422148 ], [ 84.277267320237101, 22.991599697614774 ], [ 84.277822358012898, 22.993369387306341 ] ], [ [ 84.28377230399208, 22.964066306355008 ], [ 84.280176791499969, 22.97036180035186 ], [ 84.281091081233356, 22.963687875892063 ], [ 84.28377230399208, 22.964066306355008 ] ], [ [ 84.328106880421984, 22.981900754584064 ], [ 84.286765858060761, 22.964488819571557 ], [ 84.307633925782952, 22.967434159530058 ], [ 84.328106880421984, 22.981900754584064 ] ], [ [ 84.373653336978549, 22.977066202981614 ], [ 84.372895525878462, 22.978375870858251 ], [ 84.328106880421984, 22.981900754584064 ], [ 84.373653336978549, 22.977066202981614 ] ], [ [ 84.393682736386779, 22.942450899787815 ], [ 84.379471369015164, 22.967011336191348 ], [ 84.394339756917887, 22.931614611827996 ], [ 84.393682736386779, 22.942450899787815 ] ], [ [ 84.394852886754606, 22.923151523677436 ], [ 84.394584233148095, 22.927582447375883 ], [ 84.37518779916131, 22.904503686643423 ], [ 84.394852886754606, 22.923151523677436 ] ], [ [ 84.379280114044491, 22.883115199453574 ], [ 84.383151119104525, 22.893427023250631 ], [ 84.37518779916131, 22.904503686643423 ], [ 84.379280114044491, 22.883115199453574 ] ], [ [ 84.37260075196123, 22.865322299725673 ], [ 84.373816608777958, 22.868561174659227 ], [ 84.37097698461173, 22.865124292347804 ], [ 84.37260075196123, 22.865322299725673 ] ], [ [ 84.333828233777126, 22.860594254996037 ], [ 84.347936843678795, 22.86231470395866 ], [ 84.334777222080888, 22.861547488802135 ], [ 84.333828233777126, 22.860594254996037 ] ], [ [ 84.323877997966477, 22.849060728648556 ], [ 84.332563452127658, 22.859323815075104 ], [ 84.324219267875307, 22.850942301328185 ], [ 84.323877997966477, 22.849060728648556 ] ], [ [ 84.28935948227172, 22.766117145584399 ], [ 84.2979397586505, 22.794273651773892 ], [ 84.28814495281928, 22.766152709536158 ], [ 84.28935948227172, 22.766117145584399 ] ], [ [ 84.233207419603502, 22.679240404730965 ], [ 84.233068282174045, 22.683590485542236 ], [ 84.228671328860685, 22.676856071583618 ], [ 84.233207419603502, 22.679240404730965 ] ], [ [ 84.152467529784957, 22.636800602151553 ], [ 84.212149391909676, 22.668171544715843 ], [ 84.200187949753172, 22.666457213077532 ], [ 84.152467529784957, 22.636800602151553 ] ], [ [ 83.388289111714286, 24.099961526239326 ], [ 83.335310189997941, 24.101181405943642 ], [ 83.346025910343855, 24.097442629435943 ], [ 83.388289111714286, 24.099961526239326 ] ], [ [ 84.508752339371611, 24.277365280488389 ], [ 84.525727514161673, 24.266586502448707 ], [ 84.510003073747612, 24.283359046354914 ], [ 84.508752339371611, 24.277365280488389 ] ], [ [ 80.444489808560292, 25.127687237603688 ], [ 80.444383082604929, 25.127770192248907 ], [ 80.437136062723994, 25.115771909623902 ], [ 80.444489808560292, 25.127687237603688 ] ], [ [ 80.460549585116624, 25.114893267354962 ], [ 80.46097030494343, 25.114877478947861 ], [ 80.454122640000406, 25.120199948201023 ], [ 80.460549585116624, 25.114893267354962 ] ], [ [ 83.547587639274937, 24.62295614507152 ], [ 83.547979217982444, 24.623278788175533 ], [ 83.52469279714856, 24.627824152296682 ], [ 83.547587639274937, 24.62295614507152 ] ], [ [ 83.396594049067389, 24.832345275069212 ], [ 83.357682706312019, 24.870662624976632 ], [ 83.357528196714455, 24.870541812869735 ], [ 83.396594049067389, 24.832345275069212 ] ], [ [ 84.172457688314225, 26.024604700427467 ], [ 84.11777365852744, 26.079983427915224 ], [ 84.114048635920568, 26.0825764216696 ], [ 84.172457688314225, 26.024604700427467 ] ], [ [ 84.098238256365505, 26.093582050297176 ], [ 84.08867233561142, 26.100240901903724 ], [ 84.055972513890367, 26.0999916303536 ], [ 84.098238256365505, 26.093582050297176 ] ], [ [ 84.035380939964455, 26.198633647641394 ], [ 84.01322843443252, 26.194020324375757 ], [ 84.012776590884556, 26.191853977525611 ], [ 84.035380939964455, 26.198633647641394 ] ], [ [ 84.037162490406047, 26.203438965061405 ], [ 84.039243597608035, 26.209052267080338 ], [ 84.031026490178149, 26.216175834228153 ], [ 84.037162490406047, 26.203438965061405 ] ], [ [ 84.025828150478233, 26.220682374056846 ], [ 84.016646778403626, 26.228641880615641 ], [ 84.015301787805925, 26.223276881135092 ], [ 84.025828150478233, 26.220682374056846 ] ], [ [ 84.018318678150322, 26.235310879854637 ], [ 84.02328749540078, 26.237719762839408 ], [ 84.01922837624187, 26.238939551904025 ], [ 84.018318678150322, 26.235310879854637 ] ], [ [ 84.176386913489196, 26.370760943754085 ], [ 84.176441562817161, 26.371278477521493 ], [ 84.121989726895109, 26.385121202221061 ], [ 84.176386913489196, 26.370760943754085 ] ], [ [ 83.991260623153536, 26.432238726052756 ], [ 83.908041669091517, 26.447259061192558 ], [ 83.908019859738488, 26.447088965186879 ], [ 83.991260623153536, 26.432238726052756 ] ], [ [ 83.929831495822228, 27.292685723131758 ], [ 83.930368945354772, 27.296494898498644 ], [ 83.90578969792567, 27.274082758397913 ], [ 83.929831495822228, 27.292685723131758 ] ], [ [ 83.931679094173717, 27.305780582652929 ], [ 83.932470405765571, 27.311389006217809 ], [ 83.927607657376214, 27.316039742329348 ], [ 83.931679094173717, 27.305780582652929 ] ], [ [ 83.921003443074142, 27.322356017711847 ], [ 83.916632254220758, 27.326536625924131 ], [ 83.911522858142888, 27.32435522773358 ], [ 83.921003443074142, 27.322356017711847 ] ], [ [ 83.864466020025077, 27.310237049084883 ], [ 83.836571943634027, 27.322215097809696 ], [ 83.859338060793661, 27.308065525183718 ], [ 83.864466020025077, 27.310237049084883 ] ], [ [ 77.714132943848597, 29.870218410179213 ], [ 77.7143421130353, 29.869877489994856 ], [ 77.716015775219105, 29.885882369616038 ], [ 77.714132943848597, 29.870218410179213 ] ], [ [ 77.949871537056993, 29.704646242111771 ], [ 77.953018400005803, 29.707347141125439 ], [ 77.948461339008162, 29.708525629489472 ], [ 77.949871537056993, 29.704646242111771 ] ], [ [ 77.967103673851213, 29.580139909231306 ], [ 77.967242475321754, 29.580217348919625 ], [ 77.93330234202466, 29.600514853802871 ], [ 77.967103673851213, 29.580139909231306 ] ], [ [ 78.793447463808562, 29.328166786536332 ], [ 78.789550823338644, 29.315296382690022 ], [ 78.79591068983737, 29.311765210590877 ], [ 78.793447463808562, 29.328166786536332 ] ], [ [ 79.385298367018962, 28.951769512575932 ], [ 79.386501043908893, 28.951777951176435 ], [ 79.372359114633042, 28.987471547968113 ], [ 79.385298367018962, 28.951769512575932 ] ], [ [ 79.407778553659455, 28.951927245143928 ], [ 79.407477256048125, 28.95224640419903 ], [ 79.404790961763425, 28.951906282660413 ], [ 79.407778553659455, 28.951927245143928 ] ], [ [ 79.425763072280745, 28.870757225544544 ], [ 79.430994496378389, 28.886802238232793 ], [ 79.426638246475733, 28.890420245623357 ], [ 79.425763072280745, 28.870757225544544 ] ], [ [ 79.425569993521634, 28.866419218849646 ], [ 79.437916522149692, 28.862781569154048 ], [ 79.425632413397452, 28.867821640537276 ], [ 79.425569993521634, 28.866419218849646 ] ], [ [ 79.441721812566925, 28.861660418914582 ], [ 79.451637922130985, 28.871628179740771 ], [ 79.44070723901018, 28.861959342061407 ], [ 79.441721812566925, 28.861660418914582 ] ], [ [ 79.477215258810688, 28.864566795841508 ], [ 79.485926604519378, 28.868263381620721 ], [ 79.451637922130985, 28.871628179740771 ], [ 79.477215258810688, 28.864566795841508 ] ], [ [ 79.783440049493265, 28.871245328235926 ], [ 79.784563809789546, 28.872597610896868 ], [ 79.749070833279845, 28.871768329345265 ], [ 79.783440049493265, 28.871245328235926 ] ], [ [ 79.807738114441236, 28.886665027089098 ], [ 79.799799256187697, 28.887479278128939 ], [ 79.798399267501708, 28.885628964383812 ], [ 79.807738114441236, 28.886665027089098 ] ], [ [ 79.833081573475852, 28.870709834332153 ], [ 79.83568325951957, 28.871677959049368 ], [ 79.832978357806283, 28.871084477544695 ], [ 79.833081573475852, 28.870709834332153 ] ], [ [ 79.849600640670616, 28.859297248694975 ], [ 79.845651793972181, 28.873865151581072 ], [ 79.845085601839855, 28.873740923570502 ], [ 79.849600640670616, 28.859297248694975 ] ], [ [ 79.808757608098915, 28.800014894351659 ], [ 79.849340987622597, 28.79963756929163 ], [ 79.809148515413398, 28.800873800869685 ], [ 79.808757608098915, 28.800014894351659 ] ], [ [ 79.954164857947831, 28.722833134487146 ], [ 79.954373730567397, 28.722904074889108 ], [ 79.938626668915617, 28.750376983602646 ], [ 79.954164857947831, 28.722833134487146 ] ], [ [ 88.07272328282626, 27.187200319226697 ], [ 88.079166136441174, 27.201087298689025 ], [ 88.079166136441074, 27.201087298689075 ], [ 88.07272328282626, 27.187200319226697 ] ], [ [ 88.09325701811548, 27.140624069387354 ], [ 88.072723282826388, 27.187200319226356 ], [ 88.088849620830331, 27.14326365879873 ], [ 88.09325701811548, 27.140624069387354 ] ], [ [ 88.143709846650694, 27.112979884244968 ], [ 88.129195668639539, 27.119100418296945 ], [ 88.136633604458225, 27.114645839923529 ], [ 88.143709846650694, 27.112979884244968 ] ], [ [ 88.194626792197653, 27.134849881359052 ], [ 88.153602284341702, 27.110650913260386 ], [ 88.156349308735713, 27.110004182868199 ], [ 88.194626792197653, 27.134849881359052 ] ], [ [ 88.532353546710439, 27.150060482462976 ], [ 88.476242596750836, 27.12230231289103 ], [ 88.459577031991515, 27.090577129748951 ], [ 88.432946590001336, 27.079259570144409 ], [ 88.4595770319916, 27.090577129748972 ], [ 88.476242596750922, 27.12230231289103 ], [ 88.497744437196729, 27.123815859991094 ], [ 88.532353546710581, 27.150060482463029 ], [ 88.52076551263913, 27.172889597475898 ], [ 88.532353546710439, 27.150060482462976 ] ], [ [ 88.581061746539234, 27.189317672236012 ], [ 88.592862629016707, 27.191218560907181 ], [ 88.660259488623552, 27.160552035122304 ], [ 88.592862629016707, 27.191218560907199 ], [ 88.581061746539234, 27.189317672236012 ] ], [ [ 88.688051364676539, 27.179332266779021 ], [ 88.686655875337706, 27.178389271314884 ], [ 88.689413947167438, 27.178390890915118 ], [ 88.688051364676539, 27.179332266779021 ] ], [ [ 88.715988525460233, 27.160031146264497 ], [ 88.713082404879287, 27.162038915915709 ], [ 88.716345943204104, 27.156742697329793 ], [ 88.715988525460233, 27.160031146264497 ] ], [ [ 88.732308673645562, 27.137799580746456 ], [ 88.726707146502733, 27.139928064860076 ], [ 88.728961994502015, 27.136268794861188 ], [ 88.732308673645562, 27.137799580746456 ] ], [ [ 88.043094710480062, 27.219472062990519 ], [ 88.04219167200759, 27.219368040139454 ], [ 88.0441573987856, 27.218930435552657 ], [ 88.043094710480062, 27.219472062990519 ] ], [ [ 87.830114971106426, 24.483517203270139 ], [ 87.826910233910709, 24.482967702723499 ], [ 87.826910233910766, 24.482967702723467 ], [ 87.830114971106426, 24.483517203270139 ] ], [ [ 87.83111406300948, 24.483688512651643 ], [ 87.828938726769849, 24.481775900040969 ], [ 87.831653041470062, 24.48018115568367 ], [ 87.83111406300948, 24.483688512651643 ] ], [ [ 88.95167402763002, 26.316519462633416 ], [ 88.937503876679443, 26.312902763020205 ], [ 88.938342567527485, 26.334942055312883 ], [ 88.921269241883564, 26.335442626409208 ], [ 88.924028075612952, 26.295230201064129 ], [ 88.954403148540479, 26.274638067042702 ], [ 88.981458543943234, 26.282973696111299 ], [ 88.982902796717426, 26.301090222368394 ], [ 88.960778801131681, 26.294954820687867 ], [ 88.95167402763002, 26.316519462633416 ] ], [ [ 92.297851444237224, 24.248655425804515 ], [ 92.422537568371297, 24.25499488679425 ], [ 92.298221743451577, 24.251989911633295 ], [ 92.297851444237224, 24.248655425804515 ] ], [ [ 92.418896581400091, 24.192697234736155 ], [ 92.419194782411026, 24.192459725701703 ], [ 92.422537568371297, 24.25499488679425 ], [ 92.418896581400091, 24.192697234736155 ] ], [ [ 92.295520495865446, 24.227665604567832 ], [ 92.295708819483949, 24.227627982660223 ], [ 92.295605253173861, 24.228428830718009 ], [ 92.295520495865446, 24.227665604567832 ] ], [ [ 92.314133354456487, 24.22394726455375 ], [ 92.314176361214621, 24.224059712119374 ], [ 92.308726958849448, 24.225027314510573 ], [ 92.314133354456487, 24.22394726455375 ] ], [ [ 92.309627679167633, 24.213191236663242 ], [ 92.309960537300626, 24.213036813468769 ], [ 92.312434220494154, 24.219504626093844 ], [ 92.309627679167633, 24.213191236663242 ] ], [ [ 92.318869354231424, 24.202743611433799 ], [ 92.324476548771727, 24.2060919646201 ], [ 92.324133097763934, 24.206247397084091 ], [ 92.318869354231424, 24.202743611433799 ] ], [ [ 92.329582584683877, 24.186142315186082 ], [ 92.330007419225865, 24.189692062165641 ], [ 92.318869354231424, 24.202743611433799 ], [ 92.329582584683877, 24.186142315186082 ] ], [ [ 92.335262121836578, 24.147013538049126 ], [ 92.336599884777058, 24.148179288708199 ], [ 92.327192428147669, 24.166171126155042 ], [ 92.335262121836578, 24.147013538049126 ] ], [ [ 92.331086852203029, 23.920651765526475 ], [ 92.331077020310403, 23.920763687195322 ], [ 92.312434284680606, 23.931315891335821 ], [ 92.331086852203029, 23.920651765526475 ] ], [ [ 92.31538172552122, 23.880922221846468 ], [ 92.332083110542087, 23.909310826394293 ], [ 92.331106482486533, 23.920428303557319 ], [ 92.31538172552122, 23.880922221846468 ] ], [ [ 92.30828391921996, 23.860788986016502 ], [ 92.324808187613783, 23.868836126726485 ], [ 92.32445687728287, 23.869286557655329 ], [ 92.30828391921996, 23.860788986016502 ] ], [ [ 92.292554941479636, 23.870161928449907 ], [ 92.290850220308272, 23.868168629962451 ], [ 92.30828391921996, 23.860788986016502 ], [ 92.292554941479636, 23.870161928449907 ] ], [ [ 92.274344828270515, 23.848869184671113 ], [ 92.275206325709746, 23.846772760023335 ], [ 92.283767464584528, 23.859886896557423 ], [ 92.274344828270515, 23.848869184671113 ] ], [ [ 92.274700508077828, 23.816578722544669 ], [ 92.28583943181826, 23.815803407461718 ], [ 92.284541907695271, 23.818765230189186 ], [ 92.274700508077828, 23.816578722544669 ] ], [ [ 92.260300525741741, 23.813379414246793 ], [ 92.260576668134888, 23.808655589226102 ], [ 92.263911050995034, 23.814181580744844 ], [ 92.260300525741741, 23.813379414246793 ] ], [ [ 92.801604843779657, 25.215360310596054 ], [ 92.802914665404458, 25.216172576624231 ], [ 92.771668160661577, 25.229979977448071 ], [ 92.801604843779657, 25.215360310596054 ] ], [ [ 92.48096591667435, 25.10857565372288 ], [ 92.480898990177849, 25.108266284827348 ], [ 92.539423280304689, 25.099054103340926 ], [ 92.48096591667435, 25.10857565372288 ] ], [ [ 92.442530533917463, 25.045241341021683 ], [ 92.44027851069572, 25.043374475978727 ], [ 92.464285479972872, 25.037435365798668 ], [ 92.442530533917463, 25.045241341021683 ] ], [ [ 89.972157271175377, 25.5734917016925 ], [ 89.878362206662572, 25.550334111849086 ], [ 89.877900227960367, 25.549178071082228 ], [ 89.972157271175377, 25.5734917016925 ] ], [ [ 89.961600838440134, 25.81960442927787 ], [ 89.963968739904331, 25.83266006626155 ], [ 89.961244363441779, 25.819754046053404 ], [ 89.961600838440134, 25.81960442927787 ] ], [ [ 89.972926119418162, 25.826850494591344 ], [ 89.973212237152936, 25.827013734908689 ], [ 89.97288529047114, 25.826876975404573 ], [ 89.972926119418162, 25.826850494591344 ] ], [ [ 90.014879824250087, 25.85078657145111 ], [ 90.020479691217261, 25.863405505087272 ], [ 90.003741324054857, 25.84443166196591 ], [ 90.014879824250087, 25.85078657145111 ] ], [ [ 90.022441131931586, 25.867825483338599 ], [ 90.007421606081863, 25.880922357106375 ], [ 90.005647561735529, 25.879077225272709 ], [ 90.022441131931586, 25.867825483338599 ] ], [ [ 90.024522088986245, 25.896047234345076 ], [ 90.010746105712343, 25.884380072304918 ], [ 90.008092161348614, 25.881619782101112 ], [ 90.024522088986245, 25.896047234345076 ] ], [ [ 90.060180711187428, 25.913774463631579 ], [ 90.060081674859234, 25.913752081514328 ], [ 90.042909281857987, 25.888537043278223 ], [ 90.060180711187428, 25.913774463631579 ] ], [ [ 90.139781262020364, 25.956302020703433 ], [ 90.119520177822935, 25.958223214931202 ], [ 90.117799441311419, 25.956964559618669 ], [ 90.139781262020364, 25.956302020703433 ] ], [ [ 91.732287063042335, 26.059653982767209 ], [ 91.731238952014721, 26.059216840820156 ], [ 91.737082917452767, 26.056519605653879 ], [ 91.732287063042335, 26.059653982767209 ] ], [ [ 91.879170651698047, 26.097976153858781 ], [ 91.825399422814627, 26.119405765141352 ], [ 91.82295211170856, 26.116948618498675 ], [ 91.879170651698047, 26.097976153858781 ] ], [ [ 89.802801449713598, 26.348234734179222 ], [ 89.799835489090484, 26.349226031386184 ], [ 89.794090851336989, 26.34208433989998 ], [ 89.802801449713598, 26.348234734179222 ] ], [ [ 89.813968485722114, 26.342838010440197 ], [ 89.813380735965097, 26.344698875735578 ], [ 89.810036362950214, 26.34581664769885 ], [ 89.813968485722114, 26.342838010440197 ] ], [ [ 89.8195671556485, 26.320071969241429 ], [ 89.82143021668071, 26.319213540981206 ], [ 89.819451095902252, 26.325479604264078 ], [ 89.8195671556485, 26.320071969241429 ] ], [ [ 89.79305264246112, 26.340793646246553 ], [ 89.799805934836172, 26.329177194517754 ], [ 89.815175908770001, 26.322095290191708 ], [ 89.79305264246112, 26.340793646246553 ] ], [ [ 93.015923572656121, 24.224466138982596 ], [ 93.023919619322385, 24.233611132874056 ], [ 93.023590518038631, 24.233917139822918 ], [ 93.015923572656121, 24.224466138982596 ] ], [ [ 93.014810288706514, 24.199913124588981 ], [ 93.015193031003818, 24.201328997351684 ], [ 93.014594348884145, 24.199867834588886 ], [ 93.014810288706514, 24.199913124588981 ] ], [ [ 92.99947927072202, 24.196697683368551 ], [ 93.007006644816698, 24.198276432344652 ], [ 92.9993982189321, 24.197127330037937 ], [ 92.99947927072202, 24.196697683368551 ] ], [ [ 92.991413519869724, 24.115483168915244 ], [ 92.972834383467273, 24.112770423757144 ], [ 92.972893599582548, 24.112488981590683 ], [ 92.991413519869724, 24.115483168915244 ] ], [ [ 93.14048700345873, 24.088092815603272 ], [ 93.126145739496863, 24.062313371971634 ], [ 93.140542915648936, 24.088061223788689 ], [ 93.14048700345873, 24.088092815603272 ] ], [ [ 93.249421562462373, 24.08076141157742 ], [ 93.220435359028869, 24.083581204652138 ], [ 93.249617071466488, 24.080448532964045 ], [ 93.249421562462373, 24.08076141157742 ] ], [ [ 93.324101886326659, 26.960079207479364 ], [ 93.323363816012105, 26.959962328770605 ], [ 93.448770629864555, 26.950781807425216 ], [ 93.324101886326659, 26.960079207479364 ] ], [ [ 93.474792842824982, 26.937092866437059 ], [ 93.469345520133743, 26.937441584316417 ], [ 93.470647777516348, 26.936597234538521 ], [ 93.474792842824982, 26.937092866437059 ] ], [ [ 93.641579543656036, 26.964192492892217 ], [ 93.530043830211156, 26.943699312834241 ], [ 93.586669464351985, 26.950470127879466 ], [ 93.641579543656036, 26.964192492892217 ] ], [ [ 93.722407231913522, 27.020533972971101 ], [ 93.667420473126597, 26.970650299381624 ], [ 93.670769306035425, 26.97148719322924 ], [ 93.722407231913522, 27.020533972971101 ] ], [ [ 95.970398130188869, 27.963050225277506 ], [ 95.82157838128154, 27.971388679736918 ], [ 95.970387314071559, 27.963038297902052 ], [ 95.970398130188869, 27.963050225277506 ] ], [ [ 96.017940961431648, 27.362978317149544 ], [ 95.983151326966848, 27.41210553945632 ], [ 96.017552745570228, 27.362894810688459 ], [ 96.017940961431648, 27.362978317149544 ] ], [ [ 95.989176416923186, 27.35679097254215 ], [ 96.000454868640887, 27.359217003220117 ], [ 95.98934609729551, 27.356996385031842 ], [ 95.989176416923186, 27.35679097254215 ] ], [ [ 95.457578525719555, 27.208783189351635 ], [ 95.509006171816608, 27.261864523527482 ], [ 95.508810363084095, 27.261874704225658 ], [ 95.457578525719555, 27.208783189351635 ] ], [ [ 95.175252692201141, 27.020834924767119 ], [ 95.193182220730236, 27.032215070665369 ], [ 95.191730868573686, 26.985241383750601 ], [ 95.195750118944332, 27.034547407623407 ], [ 95.175252692201141, 27.020834924767119 ] ], [ [ 94.922268577085518, 26.945658936722165 ], [ 94.930850927780767, 26.932559006487626 ], [ 94.923491232179416, 26.946365755174089 ], [ 94.922268577085518, 26.945658936722165 ] ], [ [ 93.448594229460909, 25.340377780494535 ], [ 93.473612538595191, 25.379279885403978 ], [ 93.4484341048435, 25.340635901080795 ], [ 93.448594229460909, 25.340377780494535 ] ], [ [ 93.470503296281578, 25.30506040541723 ], [ 93.40528635324128, 25.262341760347365 ], [ 93.470651514042956, 25.305080889899489 ], [ 93.471450778544877, 25.271851077042971 ], [ 93.471708376219851, 25.304042162683785 ], [ 93.45354264030793, 25.332400951387601 ], [ 93.470503296281578, 25.30506040541723 ] ], [ [ 93.381382899390374, 25.232919806116069 ], [ 93.389691679306111, 25.247685700534067 ], [ 93.381118590962018, 25.239628610268628 ], [ 93.381382899390374, 25.232919806116069 ] ], [ [ 93.194826684214675, 24.853849300761489 ], [ 93.204071211639288, 24.851050513870558 ], [ 93.199552080323826, 24.855147000756247 ], [ 93.194826684214675, 24.853849300761489 ] ], [ [ 93.196953980092374, 24.811358871283364 ], [ 93.190058877723487, 24.818643013440532 ], [ 93.196758582997646, 24.811194406142466 ], [ 93.196953980092374, 24.811358871283364 ] ], [ [ 93.070809012168098, 24.558047522812949 ], [ 93.058481564034267, 24.573806188395473 ], [ 93.058180631735624, 24.57383722358588 ], [ 93.070809012168098, 24.558047522812949 ] ], [ [ 93.043088521617193, 24.416504841375023 ], [ 93.032923860011834, 24.428750438201895 ], [ 93.040470808280716, 24.415123610710801 ], [ 93.043088521617193, 24.416504841375023 ] ], [ [ 93.024648149227943, 24.406774819585074 ], [ 93.02676827290459, 24.407893498163556 ], [ 93.024348633250369, 24.407061097339515 ], [ 93.024648149227943, 24.406774819585074 ] ], [ [ 92.994268275933806, 24.399112754762871 ], [ 93.008826313855707, 24.411836200351107 ], [ 93.02502901588592, 24.392026389432516 ], [ 93.011950473911156, 24.41671517700804 ], [ 92.994268275933806, 24.399112754762871 ] ], [ [ 93.017805200588569, 24.35049522922732 ], [ 93.018162045260951, 24.350361630490738 ], [ 93.02502901588592, 24.392026389432516 ], [ 93.017805200588569, 24.35049522922732 ] ], [ [ 93.00845379896468, 24.285221864163514 ], [ 93.040541443203225, 24.341983029037721 ], [ 93.008031143006846, 24.286688285576187 ], [ 93.00845379896468, 24.285221864163514 ] ], [ [ 93.007195188382596, 24.255889160198429 ], [ 93.007156734315913, 24.263809472680293 ], [ 93.004265478585424, 24.259721654282728 ], [ 93.007195188382596, 24.255889160198429 ] ], [ [ 92.829353247432479, 24.373849851709657 ], [ 92.829478332932837, 24.373948172414153 ], [ 92.82312303019684, 24.386631803140943 ], [ 92.829353247432479, 24.373849851709657 ] ], [ [ 92.957900376977335, 24.392066617475319 ], [ 92.958672180137611, 24.392871006059163 ], [ 92.951148863946955, 24.403161251622013 ], [ 92.957900376977335, 24.392066617475319 ] ], [ [ 92.464320415324153, 24.136225916290464 ], [ 92.465041343770395, 24.136516937124352 ], [ 92.436421964003216, 24.153033002735857 ], [ 92.464320415324153, 24.136225916290464 ] ], [ [ 92.478679232901229, 24.14202221283939 ], [ 92.478726538903103, 24.142219588680941 ], [ 92.474822034016753, 24.140465157847736 ], [ 92.478679232901229, 24.14202221283939 ] ], [ [ 92.501507272897499, 24.160387742234484 ], [ 92.483921678430846, 24.163168059423221 ], [ 92.48388350401423, 24.163007694442026 ], [ 92.501507272897499, 24.160387742234484 ] ], [ [ 92.763264013280605, 24.520384096604527 ], [ 92.762997172755703, 24.521131741759774 ], [ 92.684835927281952, 24.346536737137594 ], [ 92.763264013280605, 24.520384096604527 ] ], [ [ 94.586594248700933, 25.663812709742366 ], [ 94.578513497667799, 25.661401600872406 ], [ 94.582784739415374, 25.657794879861356 ], [ 94.586594248700933, 25.663812709742366 ] ], [ [ 94.574537539765601, 25.640857400929889 ], [ 94.572872281017027, 25.638032119692053 ], [ 94.581794897200055, 25.639443523946419 ], [ 94.574537539765601, 25.640857400929889 ] ], [ [ 94.591618552153264, 25.637529681372538 ], [ 94.592281393659121, 25.636752452055841 ], [ 94.593825871089123, 25.637099651920803 ], [ 94.591618552153264, 25.637529681372538 ] ], [ [ 94.553938086878475, 25.504092527114544 ], [ 94.553877262413721, 25.503881471762572 ], [ 94.554673435433941, 25.503602655468427 ], [ 94.553938086878475, 25.504092527114544 ] ], [ [ 94.615251432469762, 25.463247040561974 ], [ 94.616026180366475, 25.462589809762012 ], [ 94.616394126211461, 25.462485805280973 ], [ 94.615251432469762, 25.463247040561974 ] ], [ [ 93.501048379941849, 25.24253244859656 ], [ 93.554449477198133, 25.245888253588745 ], [ 93.552600936234001, 25.247383780192436 ], [ 93.501048379941849, 25.24253244859656 ] ], [ [ 93.56937867834867, 25.226394173511686 ], [ 93.584408523913623, 25.22148273359613 ], [ 93.558008291601951, 25.243009063069419 ], [ 93.56937867834867, 25.226394173511686 ] ], [ [ 93.588187041656354, 25.201055600686246 ], [ 93.605353134584021, 25.199174944377059 ], [ 93.607637746191614, 25.203265533221064 ], [ 93.588187041656354, 25.201055600686246 ] ], [ [ 93.664556204358874, 25.3051778272945 ], [ 93.667273341755902, 25.310042852004585 ], [ 93.667245375497117, 25.310217994584185 ], [ 93.664556204358874, 25.3051778272945 ] ], [ [ 93.761233419146635, 25.495900747877627 ], [ 93.765621682654455, 25.538081122851686 ], [ 93.765355168095851, 25.538069344923858 ], [ 93.761233419146635, 25.495900747877627 ] ], [ [ 93.795363370894691, 25.539395480534257 ], [ 93.816046309259036, 25.540219723085663 ], [ 93.816129681050342, 25.540313194386655 ], [ 93.795363370894691, 25.539395480534257 ] ], [ [ 93.901478341819725, 25.562584362300324 ], [ 93.960259485073024, 25.550550767047266 ], [ 93.909440435625569, 25.564266799171278 ], [ 93.901478341819725, 25.562584362300324 ] ], [ [ 94.416536444003583, 25.536483674389768 ], [ 94.425197066599736, 25.586588945176047 ], [ 94.424920400153923, 25.586515881113023 ], [ 94.416536444003583, 25.536483674389768 ] ], [ [ 94.533139681439962, 25.646808179902578 ], [ 94.550174526871629, 25.657726719761975 ], [ 94.55955129992627, 25.678090750931567 ], [ 94.533139681439962, 25.646808179902578 ] ], [ [ 94.596215174883113, 25.68278426277336 ], [ 94.571255388543392, 25.691953361573344 ], [ 94.566849063210938, 25.686734401392584 ], [ 94.596215174883113, 25.68278426277336 ] ] ], [ [ [ 71.149913778543294, 20.759425602062507 ], [ 71.151320509477486, 20.76387504348898 ], [ 71.15526196193953, 20.761052092226059 ], [ 71.149913778543294, 20.759425602062507 ] ] ], [ [ [ 71.171394136621359, 20.765337561222164 ], [ 71.170432843036451, 20.764573754560111 ], [ 71.170832588462119, 20.765066302925721 ], [ 71.171394136621359, 20.765337561222164 ] ] ], [ [ [ 71.171225196867809, 20.76541608374524 ], [ 71.172188869014718, 20.766201305470045 ], [ 71.172317358108899, 20.76559454199181 ], [ 71.171225196867809, 20.76541608374524 ] ] ], [ [ [ 71.175131100426199, 20.766492099442939 ], [ 71.175222400623213, 20.766707899566317 ], [ 71.176254300046764, 20.766607200023767 ], [ 71.175131100426199, 20.766492099442939 ] ] ], [ [ [ 71.254227456560685, 20.812351953756941 ], [ 71.254561591216628, 20.813978482577312 ], [ 71.257064591197704, 20.813344465874803 ], [ 71.254227456560685, 20.812351953756941 ] ] ], [ [ [ 71.260787216824923, 20.815960322078965 ], [ 71.262774409478638, 20.816912105169116 ], [ 71.263153246219886, 20.816335379283565 ], [ 71.260787216824923, 20.815960322078965 ] ] ], [ [ [ 71.269363409164455, 20.819459001973392 ], [ 71.268894026361068, 20.821152117002271 ], [ 71.271040008731816, 20.820361513933513 ], [ 71.269363409164455, 20.819459001973392 ] ] ], [ [ [ 71.302497624483209, 20.831082179759434 ], [ 71.304903610828404, 20.832541901525016 ], [ 71.303136534709935, 20.830978590947403 ], [ 71.302497624483209, 20.831082179759434 ] ] ], [ [ [ 71.307608231937067, 20.832335170825317 ], [ 71.309063577559641, 20.832891239040059 ], [ 71.307987714385675, 20.832276687714856 ], [ 71.307608231937067, 20.832335170825317 ] ] ], [ [ [ 71.303173754572072, 20.833715365486338 ], [ 71.302770105719986, 20.833941043168643 ], [ 71.303994887238716, 20.834375094316655 ], [ 71.303173754572072, 20.833715365486338 ] ] ], [ [ [ 71.457223200034562, 20.877629099710809 ], [ 71.456111000356543, 20.878276499780579 ], [ 71.456409800757854, 20.878492299998015 ], [ 71.457223200034562, 20.877629099710809 ] ] ], [ [ [ 71.534803300050754, 20.903450399643511 ], [ 71.533998199971762, 20.903616400160516 ], [ 71.534263799811725, 20.904014800452853 ], [ 71.534803300050754, 20.903450399643511 ] ] ], [ [ [ 71.525656428031937, 20.903662963770103 ], [ 71.528155602700295, 20.904770430803424 ], [ 71.532432542741688, 20.902936267073464 ], [ 71.525656428031937, 20.903662963770103 ] ] ], [ [ [ 71.536230900018182, 20.903956700280418 ], [ 71.536629299615782, 20.904114400185822 ], [ 71.536380299923209, 20.903807300655796 ], [ 71.536230900018182, 20.903956700280418 ] ] ], [ [ [ 71.533417199973158, 20.903956700252376 ], [ 71.53371600064068, 20.904130999840969 ], [ 71.533782400026624, 20.904047999319953 ], [ 71.533417199973158, 20.903956700252376 ] ] ], [ [ [ 71.524498119892144, 20.904916183551883 ], [ 71.509906343424788, 20.90389796476947 ], [ 71.512779023627445, 20.91107621371896 ], [ 71.524498119892144, 20.904916183551883 ] ] ], [ [ [ 71.520210347065316, 20.913274359548932 ], [ 71.521264300910801, 20.913469086617283 ], [ 71.5212541124327, 20.913101298460269 ], [ 71.520210347065316, 20.913274359548932 ] ] ], [ [ [ 71.545983400010726, 20.913186299910414 ], [ 71.546755300047096, 20.913651099850661 ], [ 71.546730400645544, 20.913045200286334 ], [ 71.545983400010726, 20.913186299910414 ] ] ], [ [ [ 71.545421135515397, 20.914281767149237 ], [ 71.545666832367587, 20.913933825977214 ], [ 71.544756968311646, 20.913612142804713 ], [ 71.545421135515397, 20.914281767149237 ] ] ], [ [ [ 71.675147099819725, 20.984113900442143 ], [ 71.675102300096782, 20.984430500435224 ], [ 71.675531000219408, 20.984475299931404 ], [ 71.675147099819725, 20.984113900442143 ] ] ], [ [ [ 71.675098200192792, 20.988035699265431 ], [ 71.676262500181807, 20.989511900112369 ], [ 71.676700100056848, 20.988093799890638 ], [ 71.675098200192792, 20.988035699265431 ] ] ], [ [ [ 71.675554700113423, 20.99265050041879 ], [ 71.677194700016386, 20.99386090065325 ], [ 71.676841200222896, 20.992210600083606 ], [ 71.675554700113423, 20.99265050041879 ] ] ], [ [ [ 71.685086600567033, 20.992993499522942 ], [ 71.686429699897673, 20.993902099724785 ], [ 71.6852374006112, 20.992924999548016 ], [ 71.685086600567033, 20.992993499522942 ] ] ], [ [ [ 71.655354163743141, 20.995081137948095 ], [ 71.657379018965614, 20.996241364901564 ], [ 71.656816045519719, 20.994814462683991 ], [ 71.655354163743141, 20.995081137948095 ] ] ], [ [ [ 71.707343700034002, 20.997564099683746 ], [ 71.710633800029598, 20.998152299648886 ], [ 71.71019060012982, 20.997489399854981 ], [ 71.707343700034002, 20.997564099683746 ] ] ], [ [ [ 71.703766400217219, 20.997207200245352 ], [ 71.696445800080227, 20.997406399386257 ], [ 71.698147300785607, 20.998435600560882 ], [ 71.703766400217219, 20.997207200245352 ] ] ], [ [ [ 71.9164836987093, 21.107195860857416 ], [ 71.915896338488054, 21.106423709074217 ], [ 71.915213223849051, 21.107155534394124 ], [ 71.9164836987093, 21.107195860857416 ] ] ], [ [ [ 72.010993053661778, 21.133612184348085 ], [ 72.012181633749336, 21.134033041378217 ], [ 72.012042833080628, 21.132971617684277 ], [ 72.010993053661778, 21.133612184348085 ] ] ], [ [ [ 72.035118492734412, 21.156888408307861 ], [ 72.035032563005444, 21.155560550304962 ], [ 72.033150294535773, 21.155591260222192 ], [ 72.035118492734412, 21.156888408307861 ] ] ], [ [ [ 72.045552000203017, 21.16070399989778 ], [ 72.046224000177546, 21.161999999679189 ], [ 72.047183999857268, 21.161519999594848 ], [ 72.045552000203017, 21.16070399989778 ] ] ], [ [ [ 72.066807178830942, 21.176988902474587 ], [ 72.068068512798064, 21.177246753092536 ], [ 72.067986811439255, 21.176885441883325 ], [ 72.066807178830942, 21.176988902474587 ] ] ], [ [ [ 72.083627199935549, 21.186166000037279 ], [ 72.083491999975095, 21.186399699470147 ], [ 72.083747500466131, 21.186527999833132 ], [ 72.083627199935549, 21.186166000037279 ] ] ], [ [ [ 69.323809375928619, 22.303066233627749 ], [ 69.324114932045561, 22.303413979455978 ], [ 69.324610001341512, 22.303089025202617 ], [ 69.323809375928619, 22.303066233627749 ] ] ], [ [ [ 69.310220700401231, 22.305328700106514 ], [ 69.310328599988864, 22.305212500534452 ], [ 69.310079600224569, 22.305038199320659 ], [ 69.310220700401231, 22.305328700106514 ] ] ], [ [ [ 69.327576000517183, 22.336561599748581 ], [ 69.32802419989919, 22.337192399451503 ], [ 69.328522200827265, 22.33652839942372 ], [ 69.327576000517183, 22.336561599748581 ] ] ], [ [ [ 69.458994900605262, 22.352119488885251 ], [ 69.438282972202018, 22.353853930122593 ], [ 69.441502831227552, 22.356914028465294 ], [ 69.458994900605262, 22.352119488885251 ] ] ], [ [ [ 69.185189500301718, 22.366707200077261 ], [ 69.184915600533742, 22.364183999554538 ], [ 69.183014899420115, 22.36687320003065 ], [ 69.185189500301718, 22.366707200077261 ] ] ], [ [ [ 69.190924800131384, 22.369811399998163 ], [ 69.19480090016495, 22.374152299507276 ], [ 69.194477200039955, 22.36807669979699 ], [ 69.190924800131384, 22.369811399998163 ] ] ], [ [ [ 69.546084450280674, 22.375592900164197 ], [ 69.550012801830732, 22.374244573124276 ], [ 69.548717311185243, 22.372826228587719 ], [ 69.546084450280674, 22.375592900164197 ] ] ], [ [ [ 69.332695861488077, 22.372817133938074 ], [ 69.323359641571798, 22.381291291270539 ], [ 69.335125616431654, 22.386624077767792 ], [ 69.332695861488077, 22.372817133938074 ] ] ], [ [ [ 69.216646500290096, 22.382585099605013 ], [ 69.216820800540688, 22.382917100222326 ], [ 69.217119599759087, 22.382726200489525 ], [ 69.216646500290096, 22.382585099605013 ] ] ], [ [ [ 69.213849400586582, 22.382726199916764 ], [ 69.212919800030889, 22.384502399976302 ], [ 69.214820499844322, 22.383763700347316 ], [ 69.213849400586582, 22.382726199916764 ] ] ], [ [ [ 69.201855899797138, 22.387008999916127 ], [ 69.200976099327562, 22.386345000586939 ], [ 69.200320399849915, 22.387208200399005 ], [ 69.201855899797138, 22.387008999916127 ] ] ], [ [ [ 69.477369353826163, 22.386831482120609 ], [ 69.482007170633452, 22.38810623524585 ], [ 69.485241265193068, 22.388578164183709 ], [ 69.477369353826163, 22.386831482120609 ] ] ], [ [ [ 69.205092899439151, 22.389590299587063 ], [ 69.205034800352237, 22.389706499831462 ], [ 69.205234000179686, 22.389706499294697 ], [ 69.205092899439151, 22.389590299587063 ] ] ], [ [ [ 69.203590600472737, 22.389673299723782 ], [ 69.203524199982496, 22.38985590004534 ], [ 69.20408860019802, 22.389731399601413 ], [ 69.203590600472737, 22.389673299723782 ] ] ], [ [ [ 69.476152256606383, 22.389031213767321 ], [ 69.478887691572211, 22.397951618899629 ], [ 69.484488740732374, 22.394818781423631 ], [ 69.476152256606383, 22.389031213767321 ] ] ], [ [ [ 69.205931200051339, 22.396902599953361 ], [ 69.206014200174408, 22.396388000162741 ], [ 69.205341900303821, 22.395665899688737 ], [ 69.205931200051339, 22.396902599953361 ] ] ], [ [ [ 69.209400600156954, 22.400172799317055 ], [ 69.209483599923971, 22.400156199812908 ], [ 69.209417199692197, 22.399973599432421 ], [ 69.209400600156954, 22.400172799317055 ] ] ], [ [ [ 69.208645300551083, 22.401127299824207 ], [ 69.208321600423361, 22.401260100616398 ], [ 69.208429499449807, 22.401442700034917 ], [ 69.208645300551083, 22.401127299824207 ] ] ], [ [ [ 69.540843010997207, 22.380552566205605 ], [ 69.51879696693166, 22.372430299522222 ], [ 69.504587402036222, 22.434401772014844 ], [ 69.551282092556335, 22.407653881571825 ], [ 69.541301068908865, 22.394148333783725 ], [ 69.558265288293825, 22.376153623928342 ], [ 69.540843010997207, 22.380552566205605 ] ] ], [ [ [ 69.208230300124171, 22.402861999958251 ], [ 69.206943800053963, 22.403086099656207 ], [ 69.206860800116942, 22.403733499861133 ], [ 69.208230300124171, 22.402861999958251 ] ] ], [ [ [ 69.205740300150524, 22.405235800610022 ], [ 69.205956100185631, 22.40501170040022 ], [ 69.205557700061931, 22.40477930000641 ], [ 69.205740300150524, 22.405235800610022 ] ] ], [ [ [ 69.165748000202484, 22.413263000101086 ], [ 69.167353999843513, 22.412094999534723 ], [ 69.16604000056428, 22.411437999553119 ], [ 69.165748000202484, 22.413263000101086 ] ] ], [ [ [ 69.280465199820028, 22.415926200039852 ], [ 69.278174400497548, 22.416009200014052 ], [ 69.278415099632127, 22.417171200416874 ], [ 69.280465199820028, 22.415926200039852 ] ] ], [ [ [ 69.277966900103891, 22.419254499911311 ], [ 69.277933699982896, 22.41867349966866 ], [ 69.277319500051121, 22.418582200539131 ], [ 69.277966900103891, 22.419254499911311 ] ] ], [ [ [ 69.071678699941458, 22.42992829978698 ], [ 69.071861300618096, 22.429778899841939 ], [ 69.071570799619579, 22.429778900220249 ], [ 69.071678699941458, 22.42992829978698 ] ] ], [ [ [ 69.052721500733014, 22.430268600380884 ], [ 69.053136500355322, 22.430393100397033 ], [ 69.052771300328303, 22.430094300306024 ], [ 69.052721500733014, 22.430268600380884 ] ] ], [ [ [ 69.628928292293153, 22.458851759430374 ], [ 69.65680687878735, 22.426941957316313 ], [ 69.636497881267616, 22.405715812472064 ], [ 69.590346867968591, 22.430723935355445 ], [ 69.628928292293153, 22.458851759430374 ] ] ], [ [ [ 69.11032350043682, 22.436717699953967 ], [ 69.110223900773434, 22.436833899486373 ], [ 69.110547600160842, 22.436933499950431 ], [ 69.11032350043682, 22.436717699953967 ] ] ], [ [ [ 69.068856699847188, 22.437979300250579 ], [ 69.069172099974722, 22.438278100358552 ], [ 69.069072500240893, 22.438112100104576 ], [ 69.068856699847188, 22.437979300250579 ] ] ], [ [ [ 69.735189284842505, 22.449225780622903 ], [ 69.738438858434378, 22.448357096864552 ], [ 69.735625319537633, 22.448281235407087 ], [ 69.735189284842505, 22.449225780622903 ] ] ], [ [ [ 69.736112802224753, 22.449370534458684 ], [ 69.737592815970928, 22.449226017159532 ], [ 69.736909832492472, 22.448880170867671 ], [ 69.736112802224753, 22.449370534458684 ] ] ], [ [ [ 69.137517970962264, 22.476216259275716 ], [ 69.150236206232393, 22.468841100631259 ], [ 69.144736364180176, 22.450449216814061 ], [ 69.115421920788719, 22.466788147176334 ], [ 69.108338860763808, 22.436969205298265 ], [ 69.084447115184517, 22.422156998962222 ], [ 69.093972921463575, 22.460910696322888 ], [ 69.137517970962264, 22.476216259275716 ] ] ], [ [ [ 69.291711394709978, 22.458718146606678 ], [ 69.300923854437613, 22.473699683055283 ], [ 69.301389872662781, 22.465080235645654 ], [ 69.316636400294257, 22.472405570124344 ], [ 69.327139613681027, 22.459260542761051 ], [ 69.291711394709978, 22.458718146606678 ] ] ], [ [ [ 69.304559364614647, 22.47069864546075 ], [ 69.303742502004226, 22.472138662189703 ], [ 69.304466140098143, 22.472563429250751 ], [ 69.304559364614647, 22.47069864546075 ] ] ], [ [ [ 69.088270399692661, 22.489671700293023 ], [ 69.086751499759544, 22.48704889986152 ], [ 69.086485900334807, 22.488244100217077 ], [ 69.088270399692661, 22.489671700293023 ] ] ], [ [ [ 69.80403549986336, 22.493376799788656 ], [ 69.804418499251838, 22.492343899845874 ], [ 69.799935500411223, 22.492511800206696 ], [ 69.80403549986336, 22.493376799788656 ] ] ], [ [ [ 69.316791851009839, 22.520113657952837 ], [ 69.363463005503576, 22.512199150931508 ], [ 69.335997247829894, 22.50695743267773 ], [ 69.316791851009839, 22.520113657952837 ] ] ], [ [ [ 69.932946799611202, 22.519276500453049 ], [ 69.938167300280085, 22.532228599918298 ], [ 69.944561399466096, 22.525366899482247 ], [ 69.932946799611202, 22.519276500453049 ] ] ], [ [ [ 69.933732009290807, 22.524185661627122 ], [ 69.928359293687478, 22.530825018471923 ], [ 69.936306461173459, 22.53183802365589 ], [ 69.933732009290807, 22.524185661627122 ] ] ], [ [ [ 69.403678700643241, 22.528698299837362 ], [ 69.403985800020678, 22.528175400009999 ], [ 69.403039600647872, 22.527727200474363 ], [ 69.403678700643241, 22.528698299837362 ] ] ], [ [ [ 69.943106599568395, 22.530989800420926 ], [ 69.945057199701381, 22.531191899695362 ], [ 69.945074499416108, 22.529667900065846 ], [ 69.943106599568395, 22.530989800420926 ] ] ], [ [ [ 69.918664499993355, 22.513359599776276 ], [ 69.863665599344586, 22.52821869976653 ], [ 69.890978600393851, 22.524410600632013 ], [ 69.913254700034258, 22.547733899979132 ], [ 69.931301199826308, 22.543730099998509 ], [ 69.919086299363997, 22.542549899513499 ], [ 69.934705400247012, 22.535041300433704 ], [ 69.916529300003901, 22.53144219959648 ], [ 69.930595700274253, 22.519768700043148 ], [ 69.918664499993355, 22.513359599776276 ] ] ], [ [ [ 69.954367899543456, 22.534399500355892 ], [ 69.957323500349588, 22.53600050008794 ], [ 69.956812999934925, 22.534941199828211 ], [ 69.954367899543456, 22.534399500355892 ] ] ], [ [ [ 70.04610808248286, 22.523616569197277 ], [ 70.034910696876111, 22.53558676046304 ], [ 70.040161522770148, 22.552843960585534 ], [ 70.059373024631299, 22.537434404493418 ], [ 70.04610808248286, 22.523616569197277 ] ] ], [ [ [ 69.930387299649126, 22.539209099774162 ], [ 69.932830900050689, 22.54063049975122 ], [ 69.931043299820232, 22.538666999539025 ], [ 69.930387299649126, 22.539209099774162 ] ] ], [ [ [ 69.963987299456534, 22.542356900119032 ], [ 69.963895999998641, 22.542153800050237 ], [ 69.960178300505589, 22.543815699831597 ], [ 69.963987299456534, 22.542356900119032 ] ] ], [ [ [ 69.953100800090667, 22.537927100103818 ], [ 69.939927199339778, 22.548670599836964 ], [ 69.951104099469646, 22.550544099225391 ], [ 69.953100800090667, 22.537927100103818 ] ] ], [ [ [ 70.017311700835407, 22.548044600229883 ], [ 70.012064300196158, 22.549699199727492 ], [ 70.02421449955294, 22.55271189985919 ], [ 70.017311700835407, 22.548044600229883 ] ] ], [ [ [ 70.005069999317811, 22.549933799750054 ], [ 69.996421099448412, 22.549256700694297 ], [ 70.011866299562499, 22.554374299567503 ], [ 70.005069999317811, 22.549933799750054 ] ] ], [ [ [ 70.025126400541936, 22.558879399789237 ], [ 70.024338700161195, 22.55612380020554 ], [ 70.01619389921018, 22.557399300557243 ], [ 70.025126400541936, 22.558879399789237 ] ] ], [ [ [ 69.978303400208773, 22.548544599960145 ], [ 69.975800299219884, 22.563397599617648 ], [ 69.977300799292578, 22.548646899932177 ], [ 69.959781400219413, 22.549472000505993 ], [ 69.965507600162809, 22.574716799830018 ], [ 70.023966700747096, 22.586090799978212 ], [ 70.022895700261486, 22.565299999240203 ], [ 70.004193899517134, 22.554656699639949 ], [ 70.000948099486408, 22.572308200016622 ], [ 70.002055199822223, 22.553763000158579 ], [ 69.998160600264782, 22.563753299480226 ], [ 69.978303400208773, 22.548544599960145 ] ] ], [ [ [ 70.039185600441684, 22.564599799440384 ], [ 70.045175899698648, 22.571361699796729 ], [ 70.04613420007783, 22.569586900265136 ], [ 70.039185600441684, 22.564599799440384 ] ] ], [ [ [ 69.932184768506758, 22.57763276541414 ], [ 69.932452710774669, 22.578928541169905 ], [ 69.933566026856241, 22.578720457635637 ], [ 69.932184768506758, 22.57763276541414 ] ] ], [ [ [ 70.044975077455732, 22.59434314718866 ], [ 70.047068965314836, 22.594724243344444 ], [ 70.046928226813449, 22.593852498939821 ], [ 70.044975077455732, 22.59434314718866 ] ] ], [ [ [ 69.961809899883434, 22.600283600658035 ], [ 69.962472699752851, 22.599534299610752 ], [ 69.960630900288379, 22.598601799358388 ], [ 69.961809899883434, 22.600283600658035 ] ] ], [ [ [ 69.954026799669833, 22.603058000445593 ], [ 69.954536900403539, 22.60270440013096 ], [ 69.959147899995386, 22.595853600484727 ], [ 69.951827300110139, 22.598410000201312 ], [ 69.954026799669833, 22.603058000445593 ] ] ], [ [ [ 70.129115772519185, 22.981928464081868 ], [ 70.131495610305109, 22.985319080719965 ], [ 70.132348885421692, 22.983079675160923 ], [ 70.129115772519185, 22.981928464081868 ] ] ], [ [ [ 70.429738245055603, 22.975988852700745 ], [ 70.456316734959557, 22.997667022297566 ], [ 70.452438560006556, 22.987474276669591 ], [ 70.429738245055603, 22.975988852700745 ] ] ], [ [ [ 70.449327716976526, 23.049390024519361 ], [ 70.431209062143026, 23.006243879400454 ], [ 70.413469655593715, 22.986667141534323 ], [ 70.415580878588941, 23.017152372392786 ], [ 70.449327716976526, 23.049390024519361 ] ] ], [ [ [ 70.4167533739964, 23.023035020923629 ], [ 70.421498809654494, 23.03507494608251 ], [ 70.441988818851428, 23.047131366852248 ], [ 70.4167533739964, 23.023035020923629 ] ] ], [ [ [ 70.459625400961414, 23.047203990224471 ], [ 70.457427508524617, 23.035272254608927 ], [ 70.448329645599514, 23.026635195791165 ], [ 70.459625400961414, 23.047203990224471 ] ] ], [ [ [ 70.450778447413583, 23.043890070166363 ], [ 70.452999514460458, 23.046150999666722 ], [ 70.453408602626808, 23.044922677407676 ], [ 70.450778447413583, 23.043890070166363 ] ] ], [ [ [ 70.46252608648301, 23.051279398950772 ], [ 70.479733170866936, 23.056722824677319 ], [ 70.463974623994417, 23.043350388965894 ], [ 70.46252608648301, 23.051279398950772 ] ] ], [ [ [ 70.458478193654457, 23.053841598396289 ], [ 70.457487982302325, 23.05421234571179 ], [ 70.459718626428923, 23.055642376745915 ], [ 70.458478193654457, 23.053841598396289 ] ] ], [ [ [ 70.470132756945958, 23.058932239672924 ], [ 70.469556552562153, 23.058241825988031 ], [ 70.46391530581144, 23.056701052406737 ], [ 70.470132756945958, 23.058932239672924 ] ] ], [ [ [ 70.256619942223352, 23.170621012886176 ], [ 70.256463973889936, 23.173774695929776 ], [ 70.25780887608623, 23.170642319102406 ], [ 70.256619942223352, 23.170621012886176 ] ] ], [ [ [ 70.25598859030697, 23.175382977242123 ], [ 70.25260889695744, 23.170874970213696 ], [ 70.249569596368588, 23.176977399235589 ], [ 70.25598859030697, 23.175382977242123 ] ] ], [ [ [ 68.547426528245992, 23.674954379307373 ], [ 68.528697759016225, 23.673995920711931 ], [ 68.522042399486622, 23.653477520167542 ], [ 68.529241139263902, 23.688646044953188 ], [ 68.529809222720203, 23.675685116207251 ], [ 68.538567120227427, 23.685644720069885 ], [ 68.547426528245992, 23.674954379307373 ] ] ], [ [ [ 73.011885755340657, 8.276722525460995 ], [ 73.011613695966204, 8.275958360621324 ], [ 73.010560677971654, 8.276229294673476 ], [ 73.011885755340657, 8.276722525460995 ] ] ], [ [ [ 73.021351244265333, 8.268162599644688 ], [ 73.047627633019886, 8.275136059178509 ], [ 73.078287840852497, 8.323967977298517 ], [ 73.054022922026917, 8.273012484120189 ], [ 73.021351244265333, 8.268162599644688 ] ] ], [ [ [ 73.01357088893144, 8.302049381755372 ], [ 73.013888640127249, 8.301977199061033 ], [ 73.013498396273562, 8.301809817598917 ], [ 73.01357088893144, 8.302049381755372 ] ] ], [ [ [ 72.285341114092859, 10.046024602853738 ], [ 72.290365580811169, 10.05285663022849 ], [ 72.288520447424872, 10.045279695309647 ], [ 72.285341114092859, 10.046024602853738 ] ] ], [ [ [ 72.334848400583283, 10.104169199498847 ], [ 72.337397699818993, 10.104873500086333 ], [ 72.338237500438126, 10.102055999699976 ], [ 72.334848400583283, 10.104169199498847 ] ] ], [ [ [ 72.3271839907257, 10.129537415078127 ], [ 72.327921594879541, 10.138406779528673 ], [ 72.331576929809827, 10.132679891830552 ], [ 72.3271839907257, 10.129537415078127 ] ] ], [ [ [ 72.617036426523654, 10.54188993958255 ], [ 72.64045408978248, 10.578966441349328 ], [ 72.649526894838488, 10.563262290179287 ], [ 72.617036426523654, 10.54188993958255 ] ] ], [ [ [ 72.535874300063753, 10.785371900424146 ], [ 72.53710910017459, 10.783173799953666 ], [ 72.531166700193339, 10.780949900098998 ], [ 72.535874300063753, 10.785371900424146 ] ] ], [ [ [ 72.293305506780513, 10.945813079294513 ], [ 72.289361081328366, 10.935419817924963 ], [ 72.284516423823661, 10.937276113893825 ], [ 72.293305506780513, 10.945813079294513 ] ] ], [ [ [ 72.320358003993661, 10.945751993964402 ], [ 72.316867052389583, 10.949381123863308 ], [ 72.32533863162746, 10.950051822984951 ], [ 72.320358003993661, 10.945751993964402 ] ] ], [ [ [ 72.33127609746748, 10.950296905890651 ], [ 72.330155267704896, 10.951223379530514 ], [ 72.332917987085779, 10.952575409477596 ], [ 72.33127609746748, 10.950296905890651 ] ] ], [ [ [ 72.333695534411575, 10.952788023705589 ], [ 72.332812419858513, 10.954663802564959 ], [ 72.33423983711738, 10.953154267907097 ], [ 72.333695534411575, 10.952788023705589 ] ] ], [ [ [ 72.333964430074062, 10.958985327077432 ], [ 72.335222680168314, 10.957561679779884 ], [ 72.334175352761676, 10.956128533120861 ], [ 72.333964430074062, 10.958985327077432 ] ] ], [ [ [ 72.733528630734995, 11.136114453321667 ], [ 72.731080715662245, 11.125411409003293 ], [ 72.720115059233763, 11.113689323998052 ], [ 72.718407178903604, 11.127015451771287 ], [ 72.733528630734995, 11.136114453321667 ] ] ], [ [ [ 72.79007604401346, 11.260149044375867 ], [ 72.776949382313674, 11.217148690576737 ], [ 72.761946107565649, 11.182586183625926 ], [ 72.779325867543562, 11.242345011108171 ], [ 72.79007604401346, 11.260149044375867 ] ] ], [ [ [ 72.998050781065174, 11.496967857833086 ], [ 73.009819469158799, 11.487349743798744 ], [ 73.008278283501113, 11.469517259346645 ], [ 72.998050781065174, 11.496967857833086 ] ] ], [ [ [ 72.716356559489412, 11.703662302447601 ], [ 72.717234340342884, 11.694463721878535 ], [ 72.705412528331109, 11.68248890588235 ], [ 72.716356559489412, 11.703662302447601 ] ] ], [ [ [ 73.457822699720438, 15.887505499680934 ], [ 73.457964799860122, 15.887471699673412 ], [ 73.457750600375917, 15.887221400183186 ], [ 73.457822699720438, 15.887505499680934 ] ] ], [ [ [ 73.45853689990011, 15.887258400305361 ], [ 73.458762599808139, 15.887634899941963 ], [ 73.459272100104741, 15.887108399801319 ], [ 73.45853689990011, 15.887258400305361 ] ] ], [ [ [ 73.464437099975697, 15.887934699886229 ], [ 73.463905899809419, 15.88684740002436 ], [ 73.461876799585625, 15.889721899536084 ], [ 73.464437099975697, 15.887934699886229 ] ] ], [ [ [ 73.454991699687, 15.888806200310695 ], [ 73.455304500456919, 15.889809499890475 ], [ 73.456654299691905, 15.888146900353252 ], [ 73.454991699687, 15.888806200310695 ] ] ], [ [ [ 73.462818600398961, 15.930613299921392 ], [ 73.463407899952784, 15.929874600365114 ], [ 73.46281860013535, 15.929625599683055 ], [ 73.462818600398961, 15.930613299921392 ] ] ], [ [ [ 73.462968699524538, 15.931490900181268 ], [ 73.463038799700925, 15.931468199894237 ], [ 73.4629400002202, 15.93144870030552 ], [ 73.462968699524538, 15.931490900181268 ] ] ], [ [ [ 73.46388930012786, 15.932630200423706 ], [ 73.464445399817734, 15.931791899782459 ], [ 73.46344939982437, 15.931634200308553 ], [ 73.46388930012786, 15.932630200423706 ] ] ], [ [ [ 73.458699900276585, 15.985159999653639 ], [ 73.458413199640788, 15.98545329970136 ], [ 73.459226699901507, 15.985859899726012 ], [ 73.458699900276585, 15.985159999653639 ] ] ], [ [ [ 73.45936679972796, 15.986353100097086 ], [ 73.459526800299983, 15.986739699912638 ], [ 73.459866899717937, 15.986559799581137 ], [ 73.45936679972796, 15.986353100097086 ] ] ], [ [ [ 73.460660499924018, 15.987159700125202 ], [ 73.461147300235567, 15.986799700073599 ], [ 73.460300399762517, 15.986506499663259 ], [ 73.460660499924018, 15.987159700125202 ] ] ], [ [ [ 73.458479799867845, 15.98701969953912 ], [ 73.458959999960101, 15.986912999629276 ], [ 73.458433199895026, 15.986673100259175 ], [ 73.458479799867845, 15.98701969953912 ] ] ], [ [ [ 73.456261600201273, 15.98758449966291 ], [ 73.456444199710489, 15.987733899953417 ], [ 73.456568700011715, 15.987509800348507 ], [ 73.456261600201273, 15.98758449966291 ] ] ], [ [ [ 73.463072600390575, 15.988786799808008 ], [ 73.463279299983625, 15.989206699677222 ], [ 73.46361269977308, 15.988993399878108 ], [ 73.463072600390575, 15.988786799808008 ] ] ], [ [ [ 73.464319599663426, 15.990708000342837 ], [ 73.464279600010954, 15.99115459986184 ], [ 73.464726399647716, 15.991094600291394 ], [ 73.464319599663426, 15.990708000342837 ] ] ], [ [ [ 73.464543750168787, 15.991298979874214 ], [ 73.464075882534217, 15.992321048768698 ], [ 73.464790704181937, 15.99157901349178 ], [ 73.464543750168787, 15.991298979874214 ] ] ], [ [ [ 73.45664279967248, 15.993743199974601 ], [ 73.456928599996274, 15.993671800260664 ], [ 73.456505399894723, 15.993380700201969 ], [ 73.45664279967248, 15.993743199974601 ] ] ], [ [ [ 73.455895399891375, 15.993562000127811 ], [ 73.455900899971354, 15.99389699976752 ], [ 73.456307600076315, 15.993869600001771 ], [ 73.455895399891375, 15.993562000127811 ] ] ], [ [ [ 73.455131500133064, 15.993556499831771 ], [ 73.455131499837108, 15.993918999956351 ], [ 73.455527200204116, 15.993869599940075 ], [ 73.455131500133064, 15.993556499831771 ] ] ], [ [ [ 73.457631999657551, 15.993397200376409 ], [ 73.457302299682468, 15.99402340005334 ], [ 73.457659500382292, 15.994083800011818 ], [ 73.457631999657551, 15.993397200376409 ] ] ], [ [ [ 73.454796299838151, 15.99438039986946 ], [ 73.455115000353544, 15.994270500353494 ], [ 73.4546973003755, 15.994023399588153 ], [ 73.454796299838151, 15.99438039986946 ] ] ], [ [ [ 73.457944286373674, 15.99488748329353 ], [ 73.458298416439561, 15.994690473833773 ], [ 73.45785246039064, 15.994555957136207 ], [ 73.457944286373674, 15.99488748329353 ] ] ], [ [ [ 73.4600593001731, 16.023601599682078 ], [ 73.460075199714908, 16.02386069997209 ], [ 73.460295899834719, 16.023606499970931 ], [ 73.4600593001731, 16.023601599682078 ] ] ], [ [ [ 73.461847500182003, 16.04363440045649 ], [ 73.460436500080135, 16.038969799839109 ], [ 73.457000299723276, 16.041111199731343 ], [ 73.461847500182003, 16.04363440045649 ] ] ], [ [ [ 73.461168900387293, 16.051424699898856 ], [ 73.46128199982293, 16.052061600269585 ], [ 73.461497799751285, 16.052010199860103 ], [ 73.461168900387293, 16.051424699898856 ] ] ], [ [ [ 73.463614006254943, 16.074004200098191 ], [ 73.463834657877939, 16.073874738971654 ], [ 73.46341915085226, 16.073817530396937 ], [ 73.463614006254943, 16.074004200098191 ] ] ], [ [ [ 73.463625423067754, 16.074343191147815 ], [ 73.464064123722324, 16.074423160241984 ], [ 73.463706187963268, 16.07417205688607 ], [ 73.463625423067754, 16.074343191147815 ] ] ], [ [ [ 73.456560400023534, 16.087076599690654 ], [ 73.458236999609042, 16.089234600127391 ], [ 73.457979700073523, 16.087881699686811 ], [ 73.456560400023534, 16.087076599690654 ] ] ], [ [ [ 73.444035700420059, 16.098953899884101 ], [ 73.444102099777439, 16.099244400034792 ], [ 73.444732900429102, 16.098655099947756 ], [ 73.444035700420059, 16.098953899884101 ] ] ], [ [ [ 73.442715999949442, 16.100746700255655 ], [ 73.442649599860275, 16.102655700431988 ], [ 73.444110399749405, 16.10100399990305 ], [ 73.442715999949442, 16.100746700255655 ] ] ], [ [ [ 73.441637000191875, 16.104191200292867 ], [ 73.441977300243849, 16.103286500400728 ], [ 73.441562300399895, 16.103593599663771 ], [ 73.441637000191875, 16.104191200292867 ] ] ], [ [ [ 73.283454899853524, 16.957845000436006 ], [ 73.283486199619446, 16.95752529983174 ], [ 73.283103899884935, 16.957730299664238 ], [ 73.283454899853524, 16.957845000436006 ] ] ], [ [ [ 73.285542763898675, 16.98932460501296 ], [ 73.285426210986401, 16.989353237043836 ], [ 73.285482360092075, 16.989505733547432 ], [ 73.285542763898675, 16.98932460501296 ] ] ], [ [ [ 73.119687775576423, 17.766160903651237 ], [ 73.119475190484081, 17.765520371074004 ], [ 73.119221532611533, 17.765985366652803 ], [ 73.119687775576423, 17.766160903651237 ] ] ], [ [ [ 73.101362247481163, 17.804056476355637 ], [ 73.101116753226933, 17.80463874640775 ], [ 73.101272119478878, 17.804713143604946 ], [ 73.101362247481163, 17.804056476355637 ] ] ], [ [ [ 73.08768329971285, 17.807837599875953 ], [ 73.087853300291059, 17.807628199767574 ], [ 73.087350899758434, 17.807601899946068 ], [ 73.08768329971285, 17.807837599875953 ] ] ], [ [ [ 73.084909300053567, 17.815249199752476 ], [ 73.08365759979317, 17.814538400197492 ], [ 73.085359300022461, 17.816960899827656 ], [ 73.084909300053567, 17.815249199752476 ] ] ], [ [ [ 72.976832220426388, 18.103435458979519 ], [ 72.977887135731379, 18.104713995075677 ], [ 72.978507636224165, 18.10360029229005 ], [ 72.976832220426388, 18.103435458979519 ] ] ], [ [ [ 72.966376199931986, 18.299609900099647 ], [ 72.965847299790468, 18.298839900328851 ], [ 72.963098299936348, 18.299663399688054 ], [ 72.966376199931986, 18.299609900099647 ] ] ], [ [ [ 72.932705899570465, 18.321552799918944 ], [ 72.93201700015068, 18.321577699714815 ], [ 72.93240709989928, 18.322424300232065 ], [ 72.932705899570465, 18.321552799918944 ] ] ], [ [ [ 72.814784000250356, 18.704839999825065 ], [ 72.81429639989571, 18.702492700349811 ], [ 72.812367500316213, 18.704223700442778 ], [ 72.814784000250356, 18.704839999825065 ] ] ], [ [ [ 72.842109899929241, 18.70747759989521 ], [ 72.842767700210871, 18.707807200211654 ], [ 72.842704599538578, 18.707118500403062 ], [ 72.842109899929241, 18.70747759989521 ] ] ], [ [ [ 72.900411770761764, 18.830438757727173 ], [ 72.899554649347607, 18.829905635000646 ], [ 72.898328500902025, 18.831409264605419 ], [ 72.900411770761764, 18.830438757727173 ] ] ], [ [ [ 72.896978700313014, 18.833763000184319 ], [ 72.896539800474599, 18.833523099590874 ], [ 72.896440400164181, 18.834397399858847 ], [ 72.896978700313014, 18.833763000184319 ] ] ], [ [ [ 72.826716699593874, 18.901851600357393 ], [ 72.827182900362871, 18.902698299997613 ], [ 72.827212800251147, 18.901591100334286 ], [ 72.826716699593874, 18.901851600357393 ] ] ], [ [ [ 72.848296800314316, 18.918356299613059 ], [ 72.847267599628879, 18.918422700392398 ], [ 72.848363199550363, 18.918646799905545 ], [ 72.848296800314316, 18.918356299613059 ] ] ], [ [ [ 72.852220800442439, 18.948194499675832 ], [ 72.851922000014184, 18.947414300010507 ], [ 72.851108599720263, 18.947945500288188 ], [ 72.852220800442439, 18.948194499675832 ] ] ], [ [ [ 72.905667400397775, 18.960379100431261 ], [ 72.905978499776367, 18.958312399586013 ], [ 72.902752400030735, 18.956910499975976 ], [ 72.905667400397775, 18.960379100431261 ] ] ], [ [ [ 72.942489400084909, 18.966641899924689 ], [ 72.934035399924753, 18.952720600151089 ], [ 72.924983499766768, 18.962557399540017 ], [ 72.942489400084909, 18.966641899924689 ] ] ], [ [ [ 72.807916152658379, 19.07401786351334 ], [ 72.808200232435397, 19.078600657263578 ], [ 72.811446832074594, 19.074376586715463 ], [ 72.807916152658379, 19.07401786351334 ] ] ], [ [ [ 72.773469659958934, 19.132874990003792 ], [ 72.773041184544596, 19.133702656045497 ], [ 72.774838838493736, 19.133338028628955 ], [ 72.773469659958934, 19.132874990003792 ] ] ], [ [ [ 72.780468599556244, 19.133960800362139 ], [ 72.782486700116252, 19.134988399702021 ], [ 72.783110999901524, 19.13340050029532 ], [ 72.780468599556244, 19.133960800362139 ] ] ], [ [ [ 72.76594294656347, 19.240029202737198 ], [ 72.76764024465767, 19.242245208456897 ], [ 72.768043450647667, 19.241328910974719 ], [ 72.76594294656347, 19.240029202737198 ] ] ], [ [ [ 72.757959599882128, 19.26710240027354 ], [ 72.75852420040556, 19.267681200278279 ], [ 72.758675100083465, 19.267224000250845 ], [ 72.757959599882128, 19.26710240027354 ] ] ], [ [ [ 72.764138700161283, 19.285005899651438 ], [ 72.764368000320957, 19.284564699559393 ], [ 72.763433899812611, 19.284310100207005 ], [ 72.764138700161283, 19.285005899651438 ] ] ], [ [ [ 72.769523418048976, 19.309736676344357 ], [ 72.769991963689833, 19.309868673084232 ], [ 72.76970878977302, 19.309143644086522 ], [ 72.769523418048976, 19.309736676344357 ] ] ], [ [ [ 72.771798326437818, 19.309006784313262 ], [ 72.772672214774616, 19.310748261504056 ], [ 72.772939063291048, 19.30951928233743 ], [ 72.771798326437818, 19.309006784313262 ] ] ], [ [ [ 72.793500240602427, 19.32046100298254 ], [ 72.792340937698853, 19.321354785280018 ], [ 72.794073698162293, 19.321612670927962 ], [ 72.793500240602427, 19.32046100298254 ] ] ], [ [ [ 72.762678200458879, 19.33517360038342 ], [ 72.762524900452547, 19.335726599774826 ], [ 72.763321899885668, 19.336192199884433 ], [ 72.762678200458879, 19.33517360038342 ] ] ], [ [ [ 72.754674707476113, 19.346329635605919 ], [ 72.757144532950292, 19.349696634880644 ], [ 72.755832708892783, 19.342663951123637 ], [ 72.754674707476113, 19.346329635605919 ] ] ], [ [ [ 72.73366359963363, 19.459100999760292 ], [ 72.728276900037613, 19.467160300417092 ], [ 72.73646900045577, 19.465674600171628 ], [ 72.73366359963363, 19.459100999760292 ] ] ], [ [ [ 72.770668100310388, 21.597352899925987 ], [ 72.752739300044155, 21.565673300493135 ], [ 72.744170899988816, 21.580217100109301 ], [ 72.770668100310388, 21.597352899925987 ] ] ], [ [ [ 72.642206571724884, 21.532245340887066 ], [ 72.575194658843316, 21.532325420922604 ], [ 72.580165441377048, 21.585712740164002 ], [ 72.600474723684101, 21.5779326280534 ], [ 72.598802279130666, 21.548668210219692 ], [ 72.617423126299727, 21.546973856410556 ], [ 72.606955044929435, 21.587579026983597 ], [ 72.626603873398281, 21.628827040721266 ], [ 72.671899929397426, 21.645324773309067 ], [ 72.740018731358631, 21.644758842372308 ], [ 72.767595911859445, 21.657018845686387 ], [ 72.815898373025107, 21.652847556434839 ], [ 72.825555622779149, 21.634440129117866 ], [ 72.793229559853629, 21.608448680743003 ], [ 72.69512373410835, 21.588474876306108 ], [ 72.642206571724884, 21.532245340887066 ] ] ], [ [ [ 72.355096230100287, 21.592485856605304 ], [ 72.350311785362592, 21.608432136661243 ], [ 72.361158109929988, 21.595694587897988 ], [ 72.355096230100287, 21.592485856605304 ] ] ], [ [ [ 72.746277067396178, 21.656229335309856 ], [ 72.740384854422928, 21.647298400682519 ], [ 72.741027469699446, 21.655226192632103 ], [ 72.746277067396178, 21.656229335309856 ] ] ], [ [ [ 72.749509472955822, 21.656055480883012 ], [ 72.749509251118468, 21.653684964302609 ], [ 72.74840835003026, 21.654397118794602 ], [ 72.749509472955822, 21.656055480883012 ] ] ], [ [ [ 72.737019432662919, 21.659747263299408 ], [ 72.735836291078741, 21.654155511365797 ], [ 72.725326902831924, 21.650726102939068 ], [ 72.737019432662919, 21.659747263299408 ] ] ], [ [ [ 72.755825777317071, 21.654667319953099 ], [ 72.753354734581421, 21.65791679038632 ], [ 72.760304268937205, 21.660107266849636 ], [ 72.755825777317071, 21.654667319953099 ] ] ], [ [ [ 72.715152215019089, 21.659516206332569 ], [ 72.729938797637615, 21.661894733429826 ], [ 72.733987774982509, 21.66492817360346 ], [ 72.724170493010007, 21.652607220780808 ], [ 72.715152215019089, 21.659516206332569 ] ] ], [ [ [ 72.743458983005922, 21.660517502924488 ], [ 72.74728571474509, 21.661178910198373 ], [ 72.745857213198903, 21.659347140378156 ], [ 72.743458983005922, 21.660517502924488 ] ] ], [ [ [ 72.716701932862023, 21.663525222857821 ], [ 72.724838261173289, 21.670355894130321 ], [ 72.728447794656077, 21.662414941961366 ], [ 72.716701932862023, 21.663525222857821 ] ] ], [ [ [ 73.631635448796956, 10.068363646415587 ], [ 73.631197588996017, 10.067974922657095 ], [ 73.630303533568977, 10.068300352493697 ], [ 73.631635448796956, 10.068363646415587 ] ] ], [ [ [ 73.631617240270202, 10.068657529551867 ], [ 73.63127969640729, 10.068734346359385 ], [ 73.631649145022564, 10.068924223088521 ], [ 73.631617240270202, 10.068657529551867 ] ] ], [ [ [ 73.632816847703737, 10.068485718847574 ], [ 73.632251254287809, 10.068702651113353 ], [ 73.632908137845902, 10.069665548409523 ], [ 73.632816847703737, 10.068485718847574 ] ] ], [ [ [ 73.63378269903528, 10.071089497689576 ], [ 73.633511687215261, 10.071854967480547 ], [ 73.63457477338676, 10.071995805745003 ], [ 73.63378269903528, 10.071089497689576 ] ] ], [ [ [ 73.627589409542679, 10.073941937009263 ], [ 73.627808335142632, 10.072206042421023 ], [ 73.626152553112576, 10.072174389031913 ], [ 73.627589409542679, 10.073941937009263 ] ] ], [ [ [ 73.631131453050401, 10.073533186696585 ], [ 73.631118726838054, 10.073197401526999 ], [ 73.630455978848772, 10.073040758811862 ], [ 73.631131453050401, 10.073533186696585 ] ] ], [ [ [ 73.641086464321489, 10.056913054024664 ], [ 73.634905977761406, 10.070953895565223 ], [ 73.651100868421068, 10.101647798437826 ], [ 73.641086464321489, 10.056913054024664 ] ] ], [ [ [ 73.651968064385045, 10.108424008816799 ], [ 73.652018240164125, 10.109215040760862 ], [ 73.652515548070085, 10.108889568853765 ], [ 73.651968064385045, 10.108424008816799 ] ] ], [ [ [ 73.664096939365081, 10.140844173575813 ], [ 73.659907568510064, 10.128928428492992 ], [ 73.660251859321633, 10.153899672885155 ], [ 73.664096939365081, 10.140844173575813 ] ] ], [ [ [ 73.67163393797658, 10.803703199376761 ], [ 73.659696612935846, 10.810701926326811 ], [ 73.70163874707363, 10.814026922703865 ], [ 73.67163393797658, 10.803703199376761 ] ] ], [ [ [ 74.254090000268945, 14.704354999602289 ], [ 74.254310000159492, 14.704294999819989 ], [ 74.254034999648582, 14.704205000054117 ], [ 74.254090000268945, 14.704354999602289 ] ] ], [ [ [ 74.252364999828899, 14.704449999898383 ], [ 74.252085000457129, 14.704749999807145 ], [ 74.252435000394925, 14.704855000265624 ], [ 74.252364999828899, 14.704449999898383 ] ] ], [ [ [ 74.240131330148486, 14.708726832992383 ], [ 74.237715788644977, 14.709274224913726 ], [ 74.238628287568403, 14.711368310242554 ], [ 74.240131330148486, 14.708726832992383 ] ] ], [ [ [ 74.148505399949372, 14.725044099568532 ], [ 74.148562600299996, 14.725210499798676 ], [ 74.149185700087827, 14.724781000311019 ], [ 74.148505399949372, 14.725044099568532 ] ] ], [ [ [ 74.145856999812352, 14.72539639997202 ], [ 74.146984799744672, 14.726477599982406 ], [ 74.148507800236914, 14.725242400084323 ], [ 74.145856999812352, 14.72539639997202 ] ] ], [ [ [ 74.16460759975493, 14.735309900228774 ], [ 74.165169699836014, 14.735116799937453 ], [ 74.164098000395413, 14.734049199784248 ], [ 74.16460759975493, 14.735309900228774 ] ] ], [ [ [ 74.152385754090943, 14.740021433363927 ], [ 74.153388749367963, 14.742213086855102 ], [ 74.158080026925546, 14.738727019580081 ], [ 74.152385754090943, 14.740021433363927 ] ] ], [ [ [ 74.229179099721904, 14.740733400414134 ], [ 74.229174399609519, 14.740828100182984 ], [ 74.229270499672495, 14.740838899827144 ], [ 74.229179099721904, 14.740733400414134 ] ] ], [ [ [ 74.128817294476519, 14.758609468910338 ], [ 74.129771373203468, 14.758315203748205 ], [ 74.128911129779183, 14.757487253862449 ], [ 74.128817294476519, 14.758609468910338 ] ] ], [ [ [ 74.106275536103666, 14.763247841468354 ], [ 74.113466168696817, 14.757383995592486 ], [ 74.107072378332774, 14.755772895136731 ], [ 74.106275536103666, 14.763247841468354 ] ] ], [ [ [ 74.138439751518618, 14.760862847970124 ], [ 74.145611082900061, 14.763094739196072 ], [ 74.143249788600983, 14.758307648151058 ], [ 74.138439751518618, 14.760862847970124 ] ] ], [ [ [ 74.086829200053955, 14.792724799583336 ], [ 74.086845799788918, 14.79302360038956 ], [ 74.087169499992697, 14.792990400067238 ], [ 74.086829200053955, 14.792724799583336 ] ] ], [ [ [ 74.089097999635527, 14.795291799937131 ], [ 74.088583199990737, 14.793535899790546 ], [ 74.086353299768732, 14.795475800234883 ], [ 74.089097999635527, 14.795291799937131 ] ] ], [ [ [ 74.057115199843196, 14.815425300381442 ], [ 74.054326400408854, 14.816321700068766 ], [ 74.054840999888484, 14.816985700325287 ], [ 74.057115199843196, 14.815425300381442 ] ] ], [ [ [ 74.07029400007228, 14.820003400452196 ], [ 74.071812600161465, 14.819543700129529 ], [ 74.07158269975352, 14.818859599640723 ], [ 74.07029400007228, 14.820003400452196 ] ] ], [ [ [ 74.057478099883298, 14.81899889984099 ], [ 74.056705499873175, 14.820429800424181 ], [ 74.061620600106863, 14.820013000006536 ], [ 74.057478099883298, 14.81899889984099 ] ] ], [ [ [ 74.071922487624661, 14.81995599344576 ], [ 74.071790274459289, 14.820102998410789 ], [ 74.072170326611925, 14.820131108782753 ], [ 74.071922487624661, 14.81995599344576 ] ] ], [ [ [ 74.065788999739411, 14.819730600114426 ], [ 74.062502899685299, 14.819438199658368 ], [ 74.062324599615806, 14.820998799585412 ], [ 74.065788999739411, 14.819730600114426 ] ] ], [ [ [ 74.066257200437448, 14.820083700463705 ], [ 74.066547400107979, 14.820396999615811 ], [ 74.066680800070827, 14.820170800146659 ], [ 74.066257200437448, 14.820083700463705 ] ] ], [ [ [ 74.067206646622168, 14.820343298624717 ], [ 74.067480022482684, 14.820369808501029 ], [ 74.067357072172328, 14.820219060916557 ], [ 74.067206646622168, 14.820343298624717 ] ] ], [ [ [ 74.093477500394968, 14.835959500161355 ], [ 74.093692199775873, 14.838489799998277 ], [ 74.095711799807191, 14.837266600215486 ], [ 74.093477500394968, 14.835959500161355 ] ] ], [ [ [ 74.101428900299879, 14.844832200096098 ], [ 74.100914299544684, 14.841545400409286 ], [ 74.097336999600358, 14.842591199621239 ], [ 74.101428900299879, 14.844832200096098 ] ] ], [ [ [ 74.111650786693673, 14.845233049517391 ], [ 74.11305044739423, 14.842336769063811 ], [ 74.107966942072679, 14.842540006858878 ], [ 74.111650786693673, 14.845233049517391 ] ] ], [ [ [ 74.097743599842687, 14.848070199753421 ], [ 74.0978734004307, 14.847824399690015 ], [ 74.096768099655208, 14.847810300185003 ], [ 74.097743599842687, 14.848070199753421 ] ] ], [ [ [ 74.106265050694276, 14.865275934504885 ], [ 74.107031646587444, 14.865714331153548 ], [ 74.106608861839405, 14.864837615801907 ], [ 74.106265050694276, 14.865275934504885 ] ] ], [ [ [ 74.094643599806105, 14.876339099902886 ], [ 74.094709000325594, 14.877822499783404 ], [ 74.096206400406302, 14.876723699656313 ], [ 74.094643599806105, 14.876339099902886 ] ] ], [ [ [ 74.101726359288932, 14.876301895216869 ], [ 74.10002298082965, 14.876746384280604 ], [ 74.101917212089646, 14.878254556059771 ], [ 74.101726359288932, 14.876301895216869 ] ] ], [ [ [ 74.094400699645121, 14.879666600059673 ], [ 74.094154200213765, 14.879991099615777 ], [ 74.094811599563087, 14.880330500420694 ], [ 74.094400699645121, 14.879666600059673 ] ] ], [ [ [ 74.092228883073204, 14.880506616329907 ], [ 74.092207492755648, 14.880686886833365 ], [ 74.092365321519353, 14.880689137867693 ], [ 74.092228883073204, 14.880506616329907 ] ] ], [ [ [ 74.09377473061457, 14.881106768848939 ], [ 74.093896275355476, 14.881049752964421 ], [ 74.093753788563276, 14.880957430636201 ], [ 74.09377473061457, 14.881106768848939 ] ] ], [ [ [ 74.094051175081816, 14.881241657991488 ], [ 74.094196218359301, 14.881167015364616 ], [ 74.094020676657237, 14.881110271658599 ], [ 74.094051175081816, 14.881241657991488 ] ] ], [ [ [ 74.093324350770203, 14.881420768216673 ], [ 74.0933127411096, 14.881574046424218 ], [ 74.093512715961523, 14.881545365115084 ], [ 74.093324350770203, 14.881420768216673 ] ] ], [ [ [ 74.092189800020833, 14.882464200336619 ], [ 74.093443000029296, 14.883119399662183 ], [ 74.092820999648126, 14.881988999628799 ], [ 74.092189800020833, 14.882464200336619 ] ] ], [ [ [ 74.063559900080236, 14.892199000422929 ], [ 74.064875099832378, 14.892722800393972 ], [ 74.06502799977325, 14.89208029990961 ], [ 74.063559900080236, 14.892199000422929 ] ] ], [ [ [ 74.085278253534611, 14.898632776127391 ], [ 74.08535675861097, 14.89984420439756 ], [ 74.085550296138166, 14.898440380385461 ], [ 74.085278253534611, 14.898632776127391 ] ] ], [ [ [ 74.011735653638439, 15.008574592558061 ], [ 74.014084540205658, 15.00816789334727 ], [ 74.012582249192135, 15.006275497139436 ], [ 74.011735653638439, 15.008574592558061 ] ] ], [ [ [ 73.760074799797721, 15.344176799960794 ], [ 73.760348700437348, 15.344293000474735 ], [ 73.760398499569277, 15.344151899858463 ], [ 73.760074799797721, 15.344176799960794 ] ] ], [ [ [ 73.766233100147502, 15.348777000368198 ], [ 73.766662800294384, 15.34898670038511 ], [ 73.766654399905036, 15.348912699580108 ], [ 73.766233100147502, 15.348777000368198 ] ] ], [ [ [ 73.76434930037837, 15.348824800346351 ], [ 73.763726799771362, 15.349065499649383 ], [ 73.76380149959401, 15.349264700379953 ], [ 73.76434930037837, 15.348824800346351 ] ] ], [ [ [ 73.773329899621032, 15.349190000132355 ], [ 73.773753200293868, 15.349331099977197 ], [ 73.773620399786068, 15.349123599999134 ], [ 73.773329899621032, 15.349190000132355 ] ] ], [ [ [ 73.772167900054598, 15.349580100156251 ], [ 73.771254900398574, 15.349455599904507 ], [ 73.772059999884078, 15.349638199615564 ], [ 73.772167900054598, 15.349580100156251 ] ] ], [ [ [ 73.775413199924813, 15.349497099810398 ], [ 73.77585310018263, 15.349654800131052 ], [ 73.775778400470656, 15.34953029979766 ], [ 73.775413199924813, 15.349497099810398 ] ] ], [ [ [ 73.770682999792754, 15.349604200282844 ], [ 73.770638699549949, 15.349714099596673 ], [ 73.771054800086773, 15.349771299815719 ], [ 73.770682999792754, 15.349604200282844 ] ] ], [ [ [ 73.773153100422505, 15.349615300092024 ], [ 73.773010299983696, 15.349774799732755 ], [ 73.773388199936875, 15.349747999793504 ], [ 73.773153100422505, 15.349615300092024 ] ] ], [ [ [ 73.774108900109127, 15.349771100068695 ], [ 73.774625099747141, 15.349833699831324 ], [ 73.774183799743909, 15.349631500058317 ], [ 73.774108900109127, 15.349771100068695 ] ] ], [ [ [ 73.77642580036931, 15.349812500047618 ], [ 73.776575200391534, 15.34978759962411 ], [ 73.776376000007772, 15.349712900178801 ], [ 73.77642580036931, 15.349812500047618 ] ] ], [ [ [ 73.782992799567623, 15.349950800094335 ], [ 73.783042499623221, 15.350110299910392 ], [ 73.783153900149259, 15.350058300197658 ], [ 73.782992799567623, 15.349950800094335 ] ] ], [ [ [ 73.782335400325621, 15.34912359963759 ], [ 73.768814700274504, 15.351987099790758 ], [ 73.772616100028159, 15.352227799598152 ], [ 73.782335400325621, 15.34912359963759 ] ] ], [ [ [ 73.784799534008101, 15.351692861635419 ], [ 73.785145633751739, 15.351727760729515 ], [ 73.784816933878048, 15.35159326155391 ], [ 73.784799534008101, 15.351692861635419 ] ] ], [ [ [ 73.767304099626003, 15.351472500281281 ], [ 73.761585399633347, 15.351754700207668 ], [ 73.76502159995394, 15.352061800296763 ], [ 73.767304099626003, 15.351472500281281 ] ] ], [ [ [ 73.768154300078109, 15.351891799735901 ], [ 73.768456600189438, 15.352140600356655 ], [ 73.768496300281896, 15.35202990030154 ], [ 73.768154300078109, 15.351891799735901 ] ] ], [ [ [ 73.768891800194126, 15.353448100148047 ], [ 73.7690848997985, 15.35358999958909 ], [ 73.769112400081454, 15.353501499964825 ], [ 73.768891800194126, 15.353448100148047 ] ] ], [ [ [ 73.776202399967289, 15.354721099785968 ], [ 73.776283000371222, 15.354833400323855 ], [ 73.776374300155055, 15.354716000374601 ], [ 73.776202399967289, 15.354721099785968 ] ] ], [ [ [ 73.774457599859645, 15.354906900126748 ], [ 73.774636299814858, 15.35502590037561 ], [ 73.774480199886611, 15.354858599765279 ], [ 73.774457599859645, 15.354906900126748 ] ] ], [ [ [ 73.796619700239987, 15.373118899706611 ], [ 73.793357800288618, 15.376073699655157 ], [ 73.798927099970641, 15.376787500322843 ], [ 73.796619700239987, 15.373118899706611 ] ] ], [ [ [ 73.773708999886807, 15.399753999596385 ], [ 73.773616200414537, 15.400281800325418 ], [ 73.774358600178999, 15.400200600447484 ], [ 73.773708999886807, 15.399753999596385 ] ] ], [ [ [ 73.670970500340374, 15.728897300195102 ], [ 73.671194399592054, 15.729021500064844 ], [ 73.671224100029477, 15.728828999559079 ], [ 73.670970500340374, 15.728897300195102 ] ] ], [ [ [ 73.648523600430266, 15.731332900285535 ], [ 73.648669700364664, 15.731169099718798 ], [ 73.648259300351285, 15.731093599764788 ], [ 73.648523600430266, 15.731332900285535 ] ] ], [ [ [ 73.652289899750102, 15.746212800405347 ], [ 73.653320899846364, 15.746432700251901 ], [ 73.652413499575417, 15.745925499558462 ], [ 73.652289899750102, 15.746212800405347 ] ] ], [ [ [ 73.651574999904213, 15.746090000227216 ], [ 73.649020000145129, 15.74604499973881 ], [ 73.649825000447024, 15.746624999811646 ], [ 73.651574999904213, 15.746090000227216 ] ] ], [ [ [ 73.642686399627493, 15.747094500030069 ], [ 73.64262589958885, 15.747326300367515 ], [ 73.642958700211835, 15.747460599815275 ], [ 73.642686399627493, 15.747094500030069 ] ] ], [ [ [ 73.653485000068159, 15.748120000152239 ], [ 73.653319999869765, 15.748725000178455 ], [ 73.653810000162622, 15.748495000101187 ], [ 73.653485000068159, 15.748120000152239 ] ] ], [ [ [ 73.46669825870768, 15.89451943262935 ], [ 73.467175977151584, 15.894193486392219 ], [ 73.46654586315708, 15.893938310019275 ], [ 73.46669825870768, 15.89451943262935 ] ] ], [ [ [ 73.465298300355471, 15.895733599683899 ], [ 73.465559000332405, 15.895323899725572 ], [ 73.465207699844996, 15.895221499589768 ], [ 73.465298300355471, 15.895733599683899 ] ] ], [ [ [ 73.466104056754745, 15.895340782010498 ], [ 73.466167565044231, 15.895685299736487 ], [ 73.46646270451582, 15.895631811777207 ], [ 73.466104056754745, 15.895340782010498 ] ] ], [ [ [ 73.466646899654819, 15.898257799928805 ], [ 73.466563699959011, 15.898623399852141 ], [ 73.467021600135467, 15.898417700122199 ], [ 73.466646899654819, 15.898257799928805 ] ] ], [ [ [ 73.465435099851803, 15.899111399882941 ], [ 73.464975999749797, 15.899599900113136 ], [ 73.465629100274967, 15.899418200015276 ], [ 73.465435099851803, 15.899111399882941 ] ] ], [ [ [ 73.471798000436863, 15.904798999570826 ], [ 73.471959000304054, 15.904913999667524 ], [ 73.471912999726115, 15.904684000431443 ], [ 73.471798000436863, 15.904798999570826 ] ] ], [ [ [ 73.467175000342365, 15.905097999800384 ], [ 73.46719800027617, 15.904914000329773 ], [ 73.466691999718293, 15.904798999735684 ], [ 73.467175000342365, 15.905097999800384 ] ] ], [ [ [ 73.578670000171911, 15.90989649972218 ], [ 73.578495700073731, 15.910037600190153 ], [ 73.578835999605673, 15.910145499837359 ], [ 73.578670000171911, 15.90989649972218 ] ] ], [ [ [ 73.472419000172849, 15.914275000244849 ], [ 73.472994000103327, 15.914804000094284 ], [ 73.473132000098346, 15.914527999713744 ], [ 73.472419000172849, 15.914275000244849 ] ] ], [ [ [ 73.465615699761557, 15.925027400162461 ], [ 73.465831499660055, 15.925724600033503 ], [ 73.466138599721589, 15.925517100334345 ], [ 73.465615699761557, 15.925027400162461 ] ] ], [ [ [ 73.466289400360552, 15.926847800345419 ], [ 73.466669299715576, 15.926554200345494 ], [ 73.466039000155348, 15.926380300405528 ], [ 73.466289400360552, 15.926847800345419 ] ] ], [ [ [ 73.47899347350527, 15.970758139885369 ], [ 73.479262691068442, 15.970848702949683 ], [ 73.479011969015801, 15.970523471553498 ], [ 73.47899347350527, 15.970758139885369 ] ] ], [ [ [ 73.479495283085626, 15.970902494098222 ], [ 73.479921890615699, 15.971813889040277 ], [ 73.47998220649491, 15.971335857707189 ], [ 73.479495283085626, 15.970902494098222 ] ] ], [ [ [ 73.479069999628251, 15.972005400334826 ], [ 73.479302399616785, 15.972453599628528 ], [ 73.479651000142624, 15.972295900096583 ], [ 73.479069999628251, 15.972005400334826 ] ] ], [ [ [ 73.475547000105607, 15.990979999754517 ], [ 73.475363000041384, 15.991302000312372 ], [ 73.475983999835194, 15.991601000144806 ], [ 73.475547000105607, 15.990979999754517 ] ] ], [ [ [ 73.471104499571638, 15.993902099863089 ], [ 73.471604600395239, 15.993708800394595 ], [ 73.470871099613277, 15.993408900405933 ], [ 73.471104499571638, 15.993902099863089 ] ] ], [ [ [ 73.471971400419747, 15.994208799641683 ], [ 73.472231499544975, 15.99414210000041 ], [ 73.471944700042741, 15.993842199549755 ], [ 73.471971400419747, 15.994208799641683 ] ] ], [ [ [ 73.46991079952538, 15.993962100139665 ], [ 73.4698440999817, 15.994402100384898 ], [ 73.470290900441228, 15.994348700245309 ], [ 73.46991079952538, 15.993962100139665 ] ] ], [ [ [ 73.470584300451591, 15.993968800083314 ], [ 73.4705310001371, 15.994415400204955 ], [ 73.470984400421926, 15.994355399832212 ], [ 73.470584300451591, 15.993968800083314 ] ] ], [ [ [ 73.471611300336534, 15.994662000306622 ], [ 73.471517900088728, 15.99492859957652 ], [ 73.471904700355182, 15.994975300002503 ], [ 73.471611300336534, 15.994662000306622 ] ] ], [ [ [ 73.470984400035761, 15.995081900309389 ], [ 73.471351199648268, 15.994922000017286 ], [ 73.470824400139037, 15.994735300122692 ], [ 73.470984400035761, 15.995081900309389 ] ] ], [ [ [ 73.469690700163795, 15.995695100422935 ], [ 73.470471000147, 15.995315200336247 ], [ 73.469737400298811, 15.995015300341988 ], [ 73.469690700163795, 15.995695100422935 ] ] ], [ [ [ 73.471044499768809, 15.995401900441061 ], [ 73.47094440029845, 15.995661799580493 ], [ 73.471237900413499, 15.99576179971972 ], [ 73.471044499768809, 15.995401900441061 ] ] ], [ [ [ 73.469630700029754, 15.996794900122252 ], [ 73.469717400314948, 15.997068199755137 ], [ 73.470010799893686, 15.996988199979938 ], [ 73.469630700029754, 15.996794900122252 ] ] ], [ [ [ 73.471270917913102, 15.997491729848555 ], [ 73.471197087789619, 15.998181862909508 ], [ 73.471540898485941, 15.998038802063705 ], [ 73.471270917913102, 15.997491729848555 ] ] ], [ [ [ 73.464200299949198, 16.04641710034041 ], [ 73.464606699567838, 16.047065000374275 ], [ 73.464862099667855, 16.046086199889864 ], [ 73.464200299949198, 16.04641710034041 ] ] ], [ [ [ 78.215787276706379, 8.842005242782419 ], [ 78.219216431638017, 8.83389990798025 ], [ 78.205250242404105, 8.841780615172556 ], [ 78.215787276706379, 8.842005242782419 ] ] ], [ [ [ 78.2273990919456, 8.870817288010235 ], [ 78.226783659583361, 8.866320278905405 ], [ 78.221809576481178, 8.872036799890113 ], [ 78.2273990919456, 8.870817288010235 ] ] ], [ [ [ 78.271306125923118, 8.939611003239728 ], [ 78.269551101552153, 8.939142239383576 ], [ 78.27022859058367, 8.943166863169699 ], [ 78.271306125923118, 8.939611003239728 ] ] ], [ [ [ 78.250570966884922, 8.952854864066996 ], [ 78.251886462429297, 8.956394270236428 ], [ 78.25521815060641, 8.954573931663734 ], [ 78.250570966884922, 8.952854864066996 ] ] ], [ [ [ 78.487222327220522, 9.088709408683664 ], [ 78.489939244014636, 9.093432753131905 ], [ 78.495546422675744, 9.09065970283117 ], [ 78.487222327220522, 9.088709408683664 ] ] ], [ [ [ 78.535083199027227, 9.102767870395507 ], [ 78.539134869059765, 9.106045398236883 ], [ 78.539088301500399, 9.103765338517814 ], [ 78.535083199027227, 9.102767870395507 ] ] ], [ [ [ 74.675098400024581, 13.19340870003608 ], [ 74.67528469994231, 13.193930299771504 ], [ 74.675631400219942, 13.193725599978366 ], [ 74.675098400024581, 13.19340870003608 ] ] ], [ [ [ 74.675035700009161, 13.195152800261557 ], [ 74.675157400415557, 13.19545289975288 ], [ 74.675518399596626, 13.194968799614507 ], [ 74.675035700009161, 13.195152800261557 ] ] ], [ [ [ 74.672465999642441, 13.196403000163128 ], [ 74.672924999817056, 13.196402999773561 ], [ 74.672398000119685, 13.196029000455722 ], [ 74.672465999642441, 13.196403000163128 ] ] ], [ [ [ 74.67405149983118, 13.197374299920194 ], [ 74.674251399883417, 13.197199099651206 ], [ 74.674004000212122, 13.196879800186091 ], [ 74.67405149983118, 13.197374299920194 ] ] ], [ [ [ 74.671450999572997, 13.197950599540965 ], [ 74.671827999750306, 13.197717099939132 ], [ 74.671775799638439, 13.197650699595698 ], [ 74.671450999572997, 13.197950599540965 ] ] ], [ [ [ 74.670878299729381, 13.199724700094539 ], [ 74.671694399718845, 13.199329999604863 ], [ 74.671509200095173, 13.199067999959917 ], [ 74.670878299729381, 13.199724700094539 ] ] ], [ [ [ 74.720557699828518, 13.242645199951214 ], [ 74.720727700383392, 13.243523899813908 ], [ 74.721041000381902, 13.243301200420721 ], [ 74.720557699828518, 13.242645199951214 ] ] ], [ [ [ 74.720798300343077, 13.2730866004029 ], [ 74.721259399540457, 13.272749400399254 ], [ 74.720927999847277, 13.272593400043393 ], [ 74.720798300343077, 13.2730866004029 ] ] ], [ [ [ 74.700018744600399, 13.281007493883804 ], [ 74.700358745454565, 13.279919494345034 ], [ 74.699083744084703, 13.280599492698483 ], [ 74.700018744600399, 13.281007493883804 ] ] ], [ [ [ 74.699844300685015, 13.28326448958124 ], [ 74.700133300058454, 13.283689489854693 ], [ 74.700575300317936, 13.282958489707438 ], [ 74.699844300685015, 13.28326448958124 ] ] ], [ [ [ 74.691944999784553, 13.331351900218236 ], [ 74.691776699915195, 13.330849299821631 ], [ 74.690202899998681, 13.331104900219586 ], [ 74.691944999784553, 13.331351900218236 ] ] ], [ [ [ 74.690300619103326, 13.333126729302032 ], [ 74.69067446004091, 13.333347981293448 ], [ 74.690674460014762, 13.333126728602386 ], [ 74.690300619103326, 13.333126729302032 ] ] ], [ [ [ 74.687924700005851, 13.340920399876245 ], [ 74.689122500296193, 13.339606899722522 ], [ 74.686831099913192, 13.337135700008396 ], [ 74.687924700005851, 13.340920399876245 ] ] ], [ [ [ 74.68588540028621, 13.341224799889188 ], [ 74.682312800125274, 13.343609700058993 ], [ 74.686836199951671, 13.342229999826129 ], [ 74.68588540028621, 13.341224799889188 ] ] ], [ [ [ 74.681782800232455, 13.344328299597843 ], [ 74.681782699771702, 13.343757899634245 ], [ 74.68110540017031, 13.344673600165958 ], [ 74.681782800232455, 13.344328299597843 ] ] ], [ [ [ 74.681945500014194, 13.34483090022286 ], [ 74.681952900047975, 13.344991500168959 ], [ 74.682206900324516, 13.344995600192673 ], [ 74.681945500014194, 13.34483090022286 ] ] ], [ [ [ 74.68132680025596, 13.347290299733213 ], [ 74.681268899685307, 13.347704799796849 ], [ 74.681795500131201, 13.347286800380255 ], [ 74.68132680025596, 13.347290299733213 ] ] ], [ [ [ 74.683182799594874, 13.346698999606108 ], [ 74.681627999769717, 13.348194199949797 ], [ 74.682356500117265, 13.348317500290774 ], [ 74.683182799594874, 13.346698999606108 ] ] ], [ [ [ 74.682665999831443, 13.360096000259276 ], [ 74.682666000413931, 13.360282999636535 ], [ 74.682887000307147, 13.360266000158386 ], [ 74.682665999831443, 13.360096000259276 ] ] ], [ [ [ 74.682492834228142, 13.360409117327801 ], [ 74.682458833541915, 13.360664116984482 ], [ 74.682594833864627, 13.360647117681735 ], [ 74.682492834228142, 13.360409117327801 ] ] ], [ [ [ 74.681556099676541, 13.361040599647355 ], [ 74.681553200123702, 13.361213899635837 ], [ 74.681690100136194, 13.361173999828933 ], [ 74.681556099676541, 13.361040599647355 ] ] ], [ [ [ 74.675280700261268, 13.375222099652319 ], [ 74.674643799866246, 13.375756800009951 ], [ 74.675686800307233, 13.375777399564589 ], [ 74.675280700261268, 13.375222099652319 ] ] ], [ [ [ 74.673939200341493, 13.376156499797297 ], [ 74.674221599746772, 13.377225499651221 ], [ 74.675589699568775, 13.376247100417537 ], [ 74.673939200341493, 13.376156499797297 ] ] ], [ [ [ 74.673690000062436, 13.376892000003709 ], [ 74.67346899960728, 13.377197999985778 ], [ 74.6736390004464, 13.377198000244737 ], [ 74.673690000062436, 13.376892000003709 ] ] ], [ [ [ 74.674845999988605, 13.377249000374615 ], [ 74.674726999938912, 13.377487000411696 ], [ 74.674965000106383, 13.377503999999483 ], [ 74.674845999988605, 13.377249000374615 ] ] ], [ [ [ 74.674169799756001, 13.380380500162163 ], [ 74.673953899782887, 13.37703999960949 ], [ 74.671264899613732, 13.380099699750794 ], [ 74.674169799756001, 13.380380500162163 ] ] ], [ [ [ 74.681960321785851, 13.384219006830607 ], [ 74.6849516599884, 13.382621571258737 ], [ 74.683263600512092, 13.380456917344308 ], [ 74.681960321785851, 13.384219006830607 ] ] ], [ [ [ 74.664999999620917, 13.453182000189576 ], [ 74.66561840035456, 13.4530785001034 ], [ 74.664554400307111, 13.452598299700743 ], [ 74.664999999620917, 13.453182000189576 ] ] ], [ [ [ 74.651226418563297, 13.655181180559918 ], [ 74.651180641774673, 13.655352841713697 ], [ 74.65139045001095, 13.655402433292936 ], [ 74.651226418563297, 13.655181180559918 ] ] ], [ [ [ 74.651176094697036, 13.656001547530463 ], [ 74.651305794683992, 13.656272390696417 ], [ 74.651481270021904, 13.656089285459897 ], [ 74.651176094697036, 13.656001547530463 ] ] ], [ [ [ 74.651992799828335, 13.656952799987986 ], [ 74.651976199594429, 13.657625099564601 ], [ 74.652324800024985, 13.657666599706141 ], [ 74.651992799828335, 13.656952799987986 ] ] ], [ [ [ 74.652208600465542, 13.659384699911671 ], [ 74.652573799971805, 13.65899460006159 ], [ 74.652067500359848, 13.658280800299272 ], [ 74.652208600465542, 13.659384699911671 ] ] ], [ [ [ 74.638397399781496, 13.67782729970047 ], [ 74.638355900186951, 13.6775451000166 ], [ 74.637957500405903, 13.677354200172635 ], [ 74.638397399781496, 13.67782729970047 ] ] ], [ [ [ 74.642896000054122, 13.680458399838859 ], [ 74.642597200474043, 13.680109799680539 ], [ 74.642339900274905, 13.680333899724641 ], [ 74.642896000054122, 13.680458399838859 ] ] ], [ [ [ 74.643003899659519, 13.681014499680437 ], [ 74.642929200430686, 13.681230299911046 ], [ 74.643335900063491, 13.681280100130973 ], [ 74.643003899659519, 13.681014499680437 ] ] ], [ [ [ 74.63585760018816, 13.68490720009553 ], [ 74.636579700084653, 13.68515620011695 ], [ 74.636778900367943, 13.684683100459974 ], [ 74.63585760018816, 13.68490720009553 ] ] ], [ [ [ 74.624169699585096, 13.685547199747468 ], [ 74.624583100008039, 13.685598099779865 ], [ 74.624175399613719, 13.685213299884877 ], [ 74.624169699585096, 13.685547199747468 ] ] ], [ [ [ 74.628657800143714, 13.776658500130601 ], [ 74.628947999854873, 13.776557499683149 ], [ 74.628719099559575, 13.776468300434468 ], [ 74.628657800143714, 13.776658500130601 ] ] ], [ [ [ 74.615567999844245, 13.827141599865241 ], [ 74.61549360001078, 13.827212699801819 ], [ 74.6157369002986, 13.82741110013129 ], [ 74.615567999844245, 13.827141599865241 ] ] ], [ [ [ 74.614637500335647, 13.828206400414926 ], [ 74.615006800038628, 13.828165899694781 ], [ 74.614981999761198, 13.828104900297305 ], [ 74.614637500335647, 13.828206400414926 ] ] ], [ [ [ 74.615111900446038, 13.828170599940714 ], [ 74.615165300066565, 13.828422400142419 ], [ 74.615454099754103, 13.828331200411585 ], [ 74.615111900446038, 13.828170599940714 ] ] ], [ [ [ 74.53907870040193, 13.887843200310156 ], [ 74.539222200442808, 13.887750199913025 ], [ 74.539135000444233, 13.887565900269136 ], [ 74.53907870040193, 13.887843200310156 ] ] ], [ [ [ 74.53848420013739, 13.888758000254199 ], [ 74.538834500449937, 13.888692400084871 ], [ 74.538562200427592, 13.888611799992733 ], [ 74.53848420013739, 13.888758000254199 ] ] ], [ [ [ 74.581138900330757, 13.88964309963271 ], [ 74.581078199918508, 13.889941700345133 ], [ 74.581349600372278, 13.889996500346328 ], [ 74.581138900330757, 13.88964309963271 ] ] ], [ [ [ 74.525807899737558, 13.973373699908246 ], [ 74.525758099793691, 13.973655900254045 ], [ 74.526139900429598, 13.973730600362776 ], [ 74.525807899737558, 13.973373699908246 ] ] ], [ [ [ 74.523915499678935, 13.974834499998876 ], [ 74.523807600020319, 13.975249500097815 ], [ 74.52417280041746, 13.97517479998505 ], [ 74.523915499678935, 13.974834499998876 ] ] ], [ [ [ 74.509041900355172, 13.981814799613824 ], [ 74.509124899640113, 13.981806500104264 ], [ 74.509033600230481, 13.98163219980743 ], [ 74.509041900355172, 13.981814799613824 ] ] ], [ [ [ 74.50979189962051, 13.982077199578072 ], [ 74.509868900297604, 13.981954000271577 ], [ 74.509593499707336, 13.981892400016733 ], [ 74.50979189962051, 13.982077199578072 ] ] ], [ [ [ 74.509215899658372, 13.982042499781212 ], [ 74.509235199690281, 13.982204200348699 ], [ 74.509391200414612, 13.982133000418472 ], [ 74.509215899658372, 13.982042499781212 ] ] ], [ [ [ 74.505447999609459, 13.99744370009169 ], [ 74.505323499916614, 13.997767399609494 ], [ 74.505605699609461, 13.997692699671026 ], [ 74.505447999609459, 13.99744370009169 ] ] ], [ [ [ 74.505813200451215, 13.998871299988739 ], [ 74.505663800220461, 13.999012400289271 ], [ 74.505904499543576, 13.999128600155336 ], [ 74.505813200451215, 13.998871299988739 ] ] ], [ [ [ 74.506767700176724, 14.000116300020704 ], [ 74.506892200403385, 13.999468899722917 ], [ 74.506369300274201, 13.999626599998708 ], [ 74.506767700176724, 14.000116300020704 ] ] ], [ [ [ 74.505356699999766, 14.000996099785864 ], [ 74.505804899758786, 14.000929699747793 ], [ 74.505705299787905, 14.000747099844437 ], [ 74.505356699999766, 14.000996099785864 ] ] ], [ [ [ 74.482432099689106, 14.007196200166707 ], [ 74.479120399705778, 14.008325000436296 ], [ 74.479767800258287, 14.010242299856706 ], [ 74.482432099689106, 14.007196200166707 ] ] ], [ [ [ 74.322723500302203, 14.010640700410182 ], [ 74.323271299525302, 14.010997600319282 ], [ 74.323603300065855, 14.010707100067139 ], [ 74.322723500302203, 14.010640700410182 ] ] ], [ [ [ 74.329587600067626, 14.015778399803862 ], [ 74.324873199605378, 14.014317600179286 ], [ 74.324815099687498, 14.020285300015869 ], [ 74.329587600067626, 14.015778399803862 ] ] ], [ [ [ 74.491543156699464, 14.017638863651078 ], [ 74.491983105460235, 14.017982104396046 ], [ 74.491802294810583, 14.017498628769909 ], [ 74.491543156699464, 14.017638863651078 ] ] ], [ [ [ 74.487860299609238, 14.019687699913751 ], [ 74.488764999591638, 14.019803900029224 ], [ 74.4882337999707, 14.019314199614014 ], [ 74.487860299609238, 14.019687699913751 ] ] ], [ [ [ 74.486449299824429, 14.022576100321896 ], [ 74.484349400289219, 14.022601000135674 ], [ 74.487038600099055, 14.024584699702542 ], [ 74.486449299824429, 14.022576100321896 ] ] ], [ [ [ 74.485519699800648, 14.025472800227107 ], [ 74.485652500356778, 14.025456200121335 ], [ 74.485660799851345, 14.025373200327472 ], [ 74.485519699800648, 14.025472800227107 ] ] ], [ [ [ 74.478813299786125, 14.082045600163207 ], [ 74.478439799825111, 14.082170099900226 ], [ 74.478473000064099, 14.082369299704183 ], [ 74.478813299786125, 14.082045600163207 ] ] ], [ [ [ 74.471646699852215, 14.08424040011864 ], [ 74.471527300150868, 14.083996500376735 ], [ 74.470238400445368, 14.084520799948162 ], [ 74.471646699852215, 14.08424040011864 ] ] ], [ [ [ 74.479983599620539, 14.087174999908246 ], [ 74.479635000133086, 14.087681300055396 ], [ 74.480987899903496, 14.086909400373331 ], [ 74.479983599620539, 14.087174999908246 ] ] ], [ [ [ 74.400832000276893, 14.312066999719701 ], [ 74.397763000345364, 14.312914000359202 ], [ 74.402284000085615, 14.315674999882688 ], [ 74.400832000276893, 14.312066999719701 ] ] ], [ [ [ 74.388044499952343, 14.417091699713231 ], [ 74.386558800072578, 14.417299199706902 ], [ 74.387156399597131, 14.41835330030807 ], [ 74.388044499952343, 14.417091699713231 ] ] ], [ [ [ 74.318830800279741, 14.516965600383193 ], [ 74.318938700414904, 14.517380600066145 ], [ 74.319088099644205, 14.517214600406126 ], [ 74.318830800279741, 14.516965600383193 ] ] ], [ [ [ 74.319428400330509, 14.51923980017396 ], [ 74.319635900338312, 14.51913190015534 ], [ 74.31932050008875, 14.519123600049765 ], [ 74.319428400330509, 14.51923980017396 ] ] ], [ [ [ 74.309526499890822, 14.52625329977494 ], [ 74.309651000308079, 14.525888099857241 ], [ 74.308663300150485, 14.526037499877026 ], [ 74.309526499890822, 14.52625329977494 ] ] ], [ [ [ 74.272845000059547, 14.624645000149762 ], [ 74.272890000258315, 14.624980000046099 ], [ 74.273069999564342, 14.624900000022723 ], [ 74.272845000059547, 14.624645000149762 ] ] ], [ [ [ 74.273244999909593, 14.636825000170457 ], [ 74.273545000234023, 14.637050000144672 ], [ 74.273630000134446, 14.636879999898385 ], [ 74.273244999909593, 14.636825000170457 ] ] ], [ [ [ 74.276844999955088, 14.660315000122464 ], [ 74.275810000345174, 14.66071500012583 ], [ 74.276830000146532, 14.661345000045365 ], [ 74.276844999955088, 14.660315000122464 ] ] ], [ [ [ 74.25469269678446, 14.724700339111532 ], [ 74.256916653343552, 14.722534548233076 ], [ 74.254159248798103, 14.721681436930842 ], [ 74.25469269678446, 14.724700339111532 ] ] ], [ [ [ 74.720881905511348, 23.220020770583623 ], [ 74.733601516492243, 23.220230148884173 ], [ 74.715664182992512, 23.2191418604143 ], [ 74.720881905511348, 23.220020770583623 ] ] ], [ [ [ 78.587974406828749, 9.106998521614329 ], [ 78.570954954298671, 9.101131516403235 ], [ 78.579342698116946, 9.112824415931158 ], [ 78.587974406828749, 9.106998521614329 ] ] ], [ [ [ 79.49651322006531, 9.124825536346396 ], [ 79.496585448611938, 9.123166455983203 ], [ 79.491877812169292, 9.124026926470206 ], [ 79.49651322006531, 9.124825536346396 ] ] ], [ [ [ 79.487120761848772, 9.127333075343325 ], [ 79.488299163946465, 9.128227788332143 ], [ 79.48831229628577, 9.126523491733858 ], [ 79.487120761848772, 9.127333075343325 ] ] ], [ [ [ 79.481630776035388, 9.128686455757098 ], [ 79.479734160479737, 9.129699582225618 ], [ 79.4806260010416, 9.130558331076976 ], [ 79.481630776035388, 9.128686455757098 ] ] ], [ [ [ 79.482282188606561, 9.131837213122523 ], [ 79.481513770590055, 9.132886170522795 ], [ 79.482869722713033, 9.134296236192691 ], [ 79.482282188606561, 9.131837213122523 ] ] ], [ [ [ 79.473467773597235, 9.136609079631857 ], [ 79.469806625620421, 9.139403791410425 ], [ 79.472881675402562, 9.13918602985725 ], [ 79.473467773597235, 9.136609079631857 ] ] ], [ [ [ 79.46511760631202, 9.143320019760617 ], [ 79.467414883279758, 9.143378191782922 ], [ 79.467509654009675, 9.140511971440628 ], [ 79.46511760631202, 9.143320019760617 ] ] ], [ [ [ 79.454127602635211, 9.145628094194072 ], [ 79.454705338933678, 9.145320587426339 ], [ 79.453781543060771, 9.143896763298821 ], [ 79.454127602635211, 9.145628094194072 ] ] ], [ [ [ 79.456184051663755, 9.146558918215698 ], [ 79.455055996954712, 9.147074526786454 ], [ 79.455752072704698, 9.147634976829965 ], [ 79.456184051663755, 9.146558918215698 ] ] ], [ [ [ 79.452662983284853, 9.146424088403677 ], [ 79.450093128002621, 9.147952628338274 ], [ 79.452354382056427, 9.149778515397777 ], [ 79.452662983284853, 9.146424088403677 ] ] ], [ [ [ 79.444534969960372, 9.1523433930456 ], [ 79.445517921325205, 9.153767203535709 ], [ 79.445785968614032, 9.15205836202801 ], [ 79.444534969960372, 9.1523433930456 ] ] ], [ [ [ 78.752892926118747, 9.153271147780174 ], [ 78.753721695838451, 9.154137884779118 ], [ 78.754213779667424, 9.15323313380124 ], [ 78.752892926118747, 9.153271147780174 ] ] ], [ [ [ 78.728034131322161, 9.152800598886399 ], [ 78.731101463186846, 9.155879682967944 ], [ 78.730972724591737, 9.152118491534017 ], [ 78.728034131322161, 9.152800598886399 ] ] ], [ [ [ 78.69384185110755, 9.152857015389939 ], [ 78.696522130293999, 9.155810522888299 ], [ 78.697003685292728, 9.152589692300625 ], [ 78.69384185110755, 9.152857015389939 ] ] ], [ [ [ 79.447669691389621, 9.153934028370559 ], [ 79.447287236823655, 9.152654764338349 ], [ 79.443575946842842, 9.156642772672253 ], [ 79.447669691389621, 9.153934028370559 ] ] ], [ [ [ 78.750880025067389, 9.156355747226623 ], [ 78.751864456240796, 9.157030856981226 ], [ 78.752550258352983, 9.156196493437779 ], [ 78.750880025067389, 9.156355747226623 ] ] ], [ [ [ 78.698836062341883, 9.158686109760087 ], [ 78.698882998156364, 9.158301196810188 ], [ 78.698068589279629, 9.158523356682341 ], [ 78.698836062341883, 9.158686109760087 ] ] ], [ [ [ 78.816923399051248, 9.160365272695323 ], [ 78.819560171727801, 9.165229311368975 ], [ 78.818646253282751, 9.160701107082504 ], [ 78.816923399051248, 9.160365272695323 ] ] ], [ [ [ 78.823961990369057, 9.166451631775118 ], [ 78.828521396575368, 9.173688040045173 ], [ 78.829040617659388, 9.170506711220179 ], [ 78.823961990369057, 9.166451631775118 ] ] ], [ [ [ 78.969039438031047, 9.182832541970365 ], [ 78.969383014293797, 9.183933947234211 ], [ 78.970046099052354, 9.182915524149053 ], [ 78.969039438031047, 9.182832541970365 ] ] ], [ [ [ 78.92353872020928, 9.183318054688604 ], [ 78.8972644928959, 9.179674299557197 ], [ 78.943354199247196, 9.187732787132298 ], [ 78.92353872020928, 9.183318054688604 ] ] ], [ [ [ 78.967413113301035, 9.182918995107695 ], [ 78.966845169031686, 9.187356201037183 ], [ 78.971115331625825, 9.184971637015531 ], [ 78.967413113301035, 9.182918995107695 ] ] ], [ [ [ 78.701911233830344, 9.185993714800075 ], [ 78.703081291397666, 9.185484525152358 ], [ 78.701897818972114, 9.185822480230494 ], [ 78.701911233830344, 9.185993714800075 ] ] ], [ [ [ 78.910132098984718, 9.185988392633432 ], [ 78.910120416496596, 9.186565770123465 ], [ 78.910407287163508, 9.186462253271293 ], [ 78.910132098984718, 9.185988392633432 ] ] ], [ [ [ 79.09102609976371, 9.195932581170894 ], [ 79.056768358574047, 9.198019958982895 ], [ 79.068898651770539, 9.210539148596826 ], [ 79.09102609976371, 9.195932581170894 ] ] ], [ [ [ 79.139533774853689, 9.212638811078774 ], [ 79.138874944841319, 9.213347347549551 ], [ 79.14153391739579, 9.214253828856959 ], [ 79.139533774853689, 9.212638811078774 ] ] ], [ [ [ 79.122700305043281, 9.214674458796928 ], [ 79.123824256058015, 9.214683677559279 ], [ 79.122860021660088, 9.214534429657411 ], [ 79.122700305043281, 9.214674458796928 ] ] ], [ [ [ 79.132985774130219, 9.216164565880254 ], [ 79.134112724760911, 9.215982818242935 ], [ 79.129124757772487, 9.214585045084565 ], [ 79.132985774130219, 9.216164565880254 ] ] ], [ [ [ 79.122144971162996, 9.217157310197736 ], [ 79.123401209003461, 9.218016299833595 ], [ 79.123626755557609, 9.217317200707699 ], [ 79.122144971162996, 9.217157310197736 ] ] ], [ [ [ 79.19933005066116, 9.230202836848573 ], [ 79.180422502189998, 9.249627231204112 ], [ 79.223646182747032, 9.24715065500563 ], [ 79.19933005066116, 9.230202836848573 ] ] ], [ [ [ 79.238460564612922, 9.241888937435485 ], [ 79.238633262379508, 9.241206243661985 ], [ 79.232745729012066, 9.243084051068983 ], [ 79.238460564612922, 9.241888937435485 ] ] ], [ [ [ 82.319058445255365, 16.566288910177573 ], [ 82.318156981404599, 16.567192261667209 ], [ 82.319212110892792, 16.567716830444326 ], [ 82.319058445255365, 16.566288910177573 ] ] ], [ [ [ 82.317331361941626, 16.567674143565682 ], [ 82.315154216389857, 16.57212054716495 ], [ 82.318844247989603, 16.567986862570219 ], [ 82.317331361941626, 16.567674143565682 ] ] ], [ [ [ 82.329504715136238, 16.595098666486809 ], [ 82.344570240898065, 16.6068853609675 ], [ 82.335915514162267, 16.58950763723977 ], [ 82.329504715136238, 16.595098666486809 ] ] ], [ [ [ 82.335185395045684, 16.602837617270385 ], [ 82.336761737971685, 16.612511423793759 ], [ 82.337659336067887, 16.604602618363149 ], [ 82.335185395045684, 16.602837617270385 ] ] ], [ [ [ 83.009074099783888, 17.483297199909106 ], [ 83.009090200273022, 17.484098799590573 ], [ 83.00982000027166, 17.484002600035932 ], [ 83.009074099783888, 17.483297199909106 ] ] ], [ [ [ 83.109324900223825, 17.543103199715009 ], [ 83.110007900418623, 17.543244499554657 ], [ 83.1094426995666, 17.542497000220838 ], [ 83.109324900223825, 17.543103199715009 ] ] ], [ [ [ 83.110691000350656, 17.54415670044861 ], [ 83.110926499623474, 17.543950700113726 ], [ 83.110508499762346, 17.543780099782413 ], [ 83.110691000350656, 17.54415670044861 ] ] ], [ [ [ 83.240009999935893, 17.619896300053618 ], [ 83.240428800400778, 17.620189799624324 ], [ 83.240538800360682, 17.619772500379387 ], [ 83.240009999935893, 17.619896300053618 ] ] ], [ [ [ 84.5564654003161, 18.806293199743035 ], [ 84.557261000026088, 18.806413699614417 ], [ 84.556658299526575, 18.805497899765744 ], [ 84.5564654003161, 18.806293199743035 ] ] ], [ [ [ 84.576629000465971, 18.835837999898779 ], [ 84.576508399541552, 18.836247700077692 ], [ 84.57687010020463, 18.836344099690145 ], [ 84.576629000465971, 18.835837999898779 ] ] ], [ [ [ 84.576604899589654, 18.837259899872389 ], [ 84.576701299864453, 18.837886400251996 ], [ 84.577400399947578, 18.837886400144225 ], [ 84.576604899589654, 18.837259899872389 ] ] ], [ [ [ 86.784536341593252, 20.363963912146964 ], [ 86.783793625447714, 20.361639498541845 ], [ 86.780825992616514, 20.36154823701224 ], [ 86.784536341593252, 20.363963912146964 ] ] ], [ [ [ 86.796481097780429, 20.400095333244547 ], [ 86.807480074441472, 20.373532750203374 ], [ 86.798908887031814, 20.364516457085941 ], [ 86.796481097780429, 20.400095333244547 ] ] ], [ [ [ 86.790294471759509, 20.382280282335316 ], [ 86.791033153202065, 20.38639112465221 ], [ 86.792719188832194, 20.382987555782531 ], [ 86.790294471759509, 20.382280282335316 ] ] ], [ [ [ 86.787865743622802, 20.383472208791812 ], [ 86.800048915697403, 20.443119607505484 ], [ 86.793224921566193, 20.493242092256114 ], [ 86.808243981357705, 20.453118517703867 ], [ 86.787865743622802, 20.383472208791812 ] ] ], [ [ [ 87.008647408448354, 20.709896974021817 ], [ 87.006613372668369, 20.711942532382768 ], [ 87.013056252741777, 20.717228195240857 ], [ 87.008647408448354, 20.709896974021817 ] ] ], [ [ [ 87.008122608749957, 20.719520647115942 ], [ 87.006202174032737, 20.715050102240802 ], [ 87.0024297475167, 20.713205868929336 ], [ 87.008122608749957, 20.719520647115942 ] ] ], [ [ [ 87.053253907651239, 20.730217925587958 ], [ 87.056314016971641, 20.732855442747365 ], [ 87.054209361409036, 20.729585112365232 ], [ 87.053253907651239, 20.730217925587958 ] ] ], [ [ [ 87.073509128303925, 20.727459023962368 ], [ 87.069554762578278, 20.733469559676237 ], [ 87.07788766487829, 20.743929581807038 ], [ 87.073509128303925, 20.727459023962368 ] ] ], [ [ [ 87.05251688697355, 20.737609540753162 ], [ 87.05312664033454, 20.737089787518496 ], [ 87.050740020783479, 20.737944403206448 ], [ 87.05251688697355, 20.737609540753162 ] ] ], [ [ [ 87.068778634193663, 20.737626396585608 ], [ 87.072261140124382, 20.748987630340661 ], [ 87.07030142104351, 20.73838479811976 ], [ 87.068778634193663, 20.737626396585608 ] ] ], [ [ [ 87.059646454229807, 20.74386007108323 ], [ 87.049378042836963, 20.744030490824855 ], [ 87.058849594826412, 20.744922065767557 ], [ 87.059646454229807, 20.74386007108323 ] ] ], [ [ [ 87.098321224956422, 20.747474743029862 ], [ 87.096779772048421, 20.747936448902131 ], [ 87.098417648985389, 20.748039431225425 ], [ 87.098321224956422, 20.747474743029862 ] ] ], [ [ [ 87.097523903396464, 20.754916261559881 ], [ 87.073084618447936, 20.753496199200789 ], [ 87.082384337902226, 20.763910382855315 ], [ 87.097523903396464, 20.754916261559881 ] ] ], [ [ [ 87.07475437346892, 20.789020060569868 ], [ 87.076009385460921, 20.772018512081861 ], [ 87.074777360237931, 20.767401714787141 ], [ 87.07475437346892, 20.789020060569868 ] ] ], [ [ [ 86.97845431311913, 20.778806374234676 ], [ 86.982642665244853, 20.784820225870984 ], [ 86.983608773998796, 20.780388222335009 ], [ 86.97845431311913, 20.778806374234676 ] ] ], [ [ [ 86.986047158862618, 20.802621192828266 ], [ 86.987767132496671, 20.803963148703073 ], [ 86.986575731804109, 20.801993242961355 ], [ 86.986047158862618, 20.802621192828266 ] ] ], [ [ [ 92.551597829884571, 10.803516012930269 ], [ 92.579220862538548, 10.785444705570356 ], [ 92.561533166285301, 10.802840215093877 ], [ 92.571238473395994, 10.810562741785452 ], [ 92.587148092139685, 10.788108316258164 ], [ 92.583362432403447, 10.744184976847048 ], [ 92.599379656984539, 10.705774901466896 ], [ 92.59810203436021, 10.679175370545581 ], [ 92.580262853790188, 10.680805344002573 ], [ 92.582350212172585, 10.658030619173836 ], [ 92.538515211581142, 10.614908258224732 ], [ 92.54232245807674, 10.594783311780677 ], [ 92.56989193090925, 10.578790666135482 ], [ 92.532936716793174, 10.518548659787593 ], [ 92.513264338036024, 10.510839200233621 ], [ 92.435051620032155, 10.548907648809463 ], [ 92.387649933116904, 10.53153213173381 ], [ 92.419117582759142, 10.615793508312848 ], [ 92.40112266493945, 10.659493622240742 ], [ 92.381362289754975, 10.67028016411513 ], [ 92.373073267507721, 10.782743272490908 ], [ 92.383679625912393, 10.795527125238211 ], [ 92.395031743679098, 10.785591560438176 ], [ 92.392402836175691, 10.775208452398969 ], [ 92.398757301528377, 10.743942549887796 ], [ 92.395954828275933, 10.760494830385904 ], [ 92.403479838209677, 10.76835541618941 ], [ 92.40841174793259, 10.755296000842462 ], [ 92.41932533457161, 10.772576251362944 ], [ 92.41037805282923, 10.76436812878223 ], [ 92.402588366920668, 10.769042466855918 ], [ 92.396869115568862, 10.763139170919786 ], [ 92.393906979174062, 10.777721737341013 ], [ 92.395616777155155, 10.773947266315755 ], [ 92.410598478245518, 10.77829067899526 ], [ 92.395657871165312, 10.774851260777529 ], [ 92.395630705385727, 10.786310253777497 ], [ 92.416890709355641, 10.795715943302456 ], [ 92.425494287345217, 10.826805712870417 ], [ 92.457285483765546, 10.841744539344065 ], [ 92.454506046948268, 10.866864321148158 ], [ 92.496534359674229, 10.897052516430559 ], [ 92.511035355138347, 10.871814209927692 ], [ 92.491449060912217, 10.871474030879748 ], [ 92.490137331779437, 10.859965854901517 ], [ 92.47681673750823, 10.861809665374786 ], [ 92.490608251830707, 10.859635724159949 ], [ 92.495857322234883, 10.870708685412922 ], [ 92.507983965177715, 10.862822271378306 ], [ 92.497983786285445, 10.871189767565582 ], [ 92.510450678066718, 10.869861270907951 ], [ 92.51788390080219, 10.877408298000638 ], [ 92.502962199308982, 10.89771677550212 ], [ 92.518360293929902, 10.90083693944702 ], [ 92.532880025719862, 10.890860959611544 ], [ 92.529539879337051, 10.86708325232097 ], [ 92.542227822022923, 10.859158407678597 ], [ 92.533772189529628, 10.889966167582019 ], [ 92.562476319452315, 10.862173783316985 ], [ 92.567429842826598, 10.81026821018242 ], [ 92.551597829884571, 10.803516012930269 ] ] ], [ [ [ 92.595983913711549, 10.94421264315794 ], [ 92.596281231650565, 10.945044435304206 ], [ 92.599318799106229, 10.942016129242573 ], [ 92.595983913711549, 10.94421264315794 ] ] ], [ [ [ 92.224666691526124, 10.978099879710651 ], [ 92.208192223809462, 10.979831761115276 ], [ 92.219243062829392, 10.985773039851303 ], [ 92.224666691526124, 10.978099879710651 ] ] ], [ [ [ 92.559036286571086, 11.390987416311843 ], [ 92.554682315872881, 11.397052851146428 ], [ 92.562659005629826, 11.396806004747777 ], [ 92.559036286571086, 11.390987416311843 ] ] ], [ [ [ 92.541120395334957, 11.39751490983944 ], [ 92.550608879567037, 11.398127710798695 ], [ 92.540925192822954, 11.391208935314712 ], [ 92.541120395334957, 11.39751490983944 ] ] ], [ [ [ 92.560511429090212, 11.514557096298635 ], [ 92.560882750495779, 11.514358248406063 ], [ 92.560511510781581, 11.514091449496922 ], [ 92.560511429090212, 11.514557096298635 ] ] ], [ [ [ 92.259178702958124, 11.514386276572491 ], [ 92.254723511832808, 11.514131283640765 ], [ 92.255401532607408, 11.51505829708641 ], [ 92.259178702958124, 11.514386276572491 ] ] ], [ [ [ 92.240561015590615, 11.515346940893398 ], [ 92.238906533608983, 11.515740870016909 ], [ 92.239777699102092, 11.516328136478087 ], [ 92.240561015590615, 11.515346940893398 ] ] ], [ [ [ 92.271888118338467, 11.516746113997343 ], [ 92.266860088291594, 11.516192807287169 ], [ 92.266932962918077, 11.517440473695371 ], [ 92.271888118338467, 11.516746113997343 ] ] ], [ [ [ 92.239328963704821, 11.517652750797129 ], [ 92.239842348798106, 11.517589254582999 ], [ 92.239310525833957, 11.517245950721161 ], [ 92.239328963704821, 11.517652750797129 ] ] ], [ [ [ 92.551221423875262, 11.528852884751208 ], [ 92.558736041766167, 11.541064160688878 ], [ 92.565438325407001, 11.516632912577062 ], [ 92.551221423875262, 11.528852884751208 ] ] ], [ [ [ 92.586663190774942, 11.530355831196323 ], [ 92.58661268096607, 11.530844016326451 ], [ 92.588249164243607, 11.530450958993272 ], [ 92.586663190774942, 11.530355831196323 ] ] ], [ [ [ 92.591609184373795, 11.529890844253426 ], [ 92.589505134122064, 11.53077205985446 ], [ 92.593217829843638, 11.53213759960485 ], [ 92.591609184373795, 11.529890844253426 ] ] ], [ [ [ 92.207041607392966, 11.532228408676405 ], [ 92.206629375322734, 11.533159785387708 ], [ 92.206909015304859, 11.533272680139271 ], [ 92.207041607392966, 11.532228408676405 ] ] ], [ [ [ 92.205011580158839, 11.534380673354255 ], [ 92.205818332702037, 11.534158977938482 ], [ 92.205304842325702, 11.533856265327739 ], [ 92.205011580158839, 11.534380673354255 ] ] ], [ [ [ 92.206735545024657, 11.535713783937421 ], [ 92.207120609644434, 11.535903469503276 ], [ 92.206795094333657, 11.535537429955236 ], [ 92.206735545024657, 11.535713783937421 ] ] ], [ [ [ 92.581941098882481, 11.535363766975163 ], [ 92.583278654536116, 11.541932052608653 ], [ 92.585227034762937, 11.540711804388733 ], [ 92.581941098882481, 11.535363766975163 ] ] ], [ [ [ 92.554917963998392, 11.539282296113612 ], [ 92.554569553643589, 11.539526295699288 ], [ 92.555165273390188, 11.540403426402698 ], [ 92.554917963998392, 11.539282296113612 ] ] ], [ [ [ 92.587785946879038, 11.532602556731177 ], [ 92.582805481201589, 11.549042600963077 ], [ 92.593039065995356, 11.574561297973942 ], [ 92.596654444745738, 11.54602004746792 ], [ 92.587785946879038, 11.532602556731177 ] ] ], [ [ [ 92.540244685637489, 11.554692913324919 ], [ 92.541532537505319, 11.555796256614814 ], [ 92.540804283594355, 11.553694052008209 ], [ 92.540244685637489, 11.554692913324919 ] ] ], [ [ [ 92.210350751285915, 11.53081262235586 ], [ 92.20283076724769, 11.587441424985546 ], [ 92.218980317195928, 11.593688250373843 ], [ 92.22711652191947, 11.588351480477904 ], [ 92.269309613955329, 11.58521073096426 ], [ 92.266691540160522, 11.561690302202416 ], [ 92.272995308273082, 11.535302612377446 ], [ 92.260121721156779, 11.517247979892758 ], [ 92.210350751285915, 11.53081262235586 ] ] ], [ [ [ 92.5412801668367, 11.556460637934212 ], [ 92.538974882920229, 11.554448444397536 ], [ 92.541412737345368, 11.557785162987434 ], [ 92.544149834664537, 11.556800491978906 ], [ 92.5412801668367, 11.556460637934212 ] ] ], [ [ [ 92.562083264652344, 11.55766825781307 ], [ 92.562206999256389, 11.557718002846217 ], [ 92.562381294739254, 11.557573390550733 ], [ 92.562083264652344, 11.55766825781307 ] ] ], [ [ [ 92.566662637168463, 11.559233229217144 ], [ 92.566690058810508, 11.559771173029711 ], [ 92.567107147440666, 11.55996568678945 ], [ 92.566662637168463, 11.559233229217144 ] ] ], [ [ [ 92.573369492461921, 11.559379187543282 ], [ 92.573937663877601, 11.560527453449525 ], [ 92.573543691857864, 11.559234567503081 ], [ 92.573369492461921, 11.559379187543282 ] ] ], [ [ [ 92.563297574484594, 11.560132161167006 ], [ 92.563100549664668, 11.559793097779437 ], [ 92.562729217202602, 11.559842728924068 ], [ 92.563297574484594, 11.560132161167006 ] ] ], [ [ [ 92.569976952625154, 11.559844162914775 ], [ 92.570572924000416, 11.560133532022681 ], [ 92.570572947361256, 11.559817102591719 ], [ 92.569976952625154, 11.559844162914775 ] ] ], [ [ [ 92.598424088387304, 11.560300458123709 ], [ 92.598621702195544, 11.560893300471067 ], [ 92.598898361405986, 11.560616641133119 ], [ 92.598424088387304, 11.560300458123709 ] ] ], [ [ [ 92.571823608881999, 11.564428117361727 ], [ 92.576361051697859, 11.571055752098285 ], [ 92.576622649461711, 11.56896746355849 ], [ 92.571823608881999, 11.564428117361727 ] ] ], [ [ [ 92.566064289515765, 11.570855031441695 ], [ 92.566921712291418, 11.570104805711274 ], [ 92.563616663571764, 11.568531085045946 ], [ 92.566064289515765, 11.570855031441695 ] ] ], [ [ [ 92.530089799594819, 11.571012877540932 ], [ 92.530190962738232, 11.570022882520554 ], [ 92.528916236780091, 11.570768338035508 ], [ 92.530089799594819, 11.571012877540932 ] ] ], [ [ [ 92.269144770264191, 11.57225987325209 ], [ 92.268352048568374, 11.571183656570144 ], [ 92.267953030317713, 11.571739515282694 ], [ 92.269144770264191, 11.57225987325209 ] ] ], [ [ [ 92.568814690575167, 11.572595927361215 ], [ 92.568764117792497, 11.573038889035203 ], [ 92.569360017230466, 11.573572432974681 ], [ 92.568814690575167, 11.572595927361215 ] ] ], [ [ [ 92.534409881141386, 11.566100523338122 ], [ 92.527967694030252, 11.596303543829658 ], [ 92.571576288652864, 11.587789350925535 ], [ 92.55411112861627, 11.55797380610538 ], [ 92.540100264153935, 11.562268971317453 ], [ 92.526826976451545, 11.553698721268894 ], [ 92.534409881141386, 11.566100523338122 ] ] ], [ [ [ 92.196528952958531, 11.578280334974254 ], [ 92.197010232611504, 11.578131016724285 ], [ 92.196629519845416, 11.577299375871267 ], [ 92.196528952958531, 11.578280334974254 ] ] ], [ [ [ 92.570001002238925, 11.577916578062849 ], [ 92.569409570979715, 11.578232942169178 ], [ 92.57015221877333, 11.578355136921608 ], [ 92.570001002238925, 11.577916578062849 ] ] ], [ [ [ 92.529807989080098, 11.577418113989157 ], [ 92.528364109593795, 11.576459339343199 ], [ 92.526079755488666, 11.58012007227113 ], [ 92.529807989080098, 11.577418113989157 ] ] ], [ [ [ 92.198038600167607, 11.579022699863396 ], [ 92.197834599631122, 11.57990670020086 ], [ 92.198650599789985, 11.579906700069767 ], [ 92.198038600167607, 11.579022699863396 ] ] ], [ [ [ 92.568221893704845, 11.579430602220679 ], [ 92.56819432038823, 11.579647512151345 ], [ 92.568987531728695, 11.579575351849693 ], [ 92.568221893704845, 11.579430602220679 ] ] ], [ [ [ 92.196557743343874, 11.58326174805002 ], [ 92.197176343547454, 11.581982276127338 ], [ 92.195892591439517, 11.582086593853504 ], [ 92.196557743343874, 11.58326174805002 ] ] ], [ [ [ 92.577417316954296, 11.58763669812228 ], [ 92.57871993238534, 11.584287286002615 ], [ 92.576175106032835, 11.585941319445372 ], [ 92.577417316954296, 11.58763669812228 ] ] ], [ [ [ 92.197231906779663, 11.584237983969309 ], [ 92.196580925216878, 11.584265203966238 ], [ 92.197480451067463, 11.587903912486702 ], [ 92.197231906779663, 11.584237983969309 ] ] ], [ [ [ 92.599337133918752, 11.586581587622698 ], [ 92.599075689419479, 11.587571573282176 ], [ 92.599749698411074, 11.587228041819253 ], [ 92.599337133918752, 11.586581587622698 ] ] ], [ [ [ 92.265502765281767, 11.58912392926943 ], [ 92.266098875361521, 11.588830370504001 ], [ 92.264278610720439, 11.5891551811201 ], [ 92.265502765281767, 11.58912392926943 ] ] ], [ [ [ 92.201982863328325, 11.588567271132476 ], [ 92.199057798227429, 11.588771422051806 ], [ 92.202175764490079, 11.589756031973659 ], [ 92.201982863328325, 11.588567271132476 ] ] ], [ [ [ 92.594527468213613, 11.589139696886836 ], [ 92.592638541476774, 11.589442349568683 ], [ 92.593867112608166, 11.590120525549045 ], [ 92.594527468213613, 11.589139696886836 ] ] ], [ [ [ 92.222368238646965, 11.592624806711887 ], [ 92.220131128587823, 11.59358392710832 ], [ 92.221763654396156, 11.594437722511248 ], [ 92.222368238646965, 11.592624806711887 ] ] ], [ [ [ 92.551470483107494, 11.594104443281351 ], [ 92.55125921890307, 11.595324972862382 ], [ 92.5525889560423, 11.594746629511009 ], [ 92.551470483107494, 11.594104443281351 ] ] ], [ [ [ 92.228026669746441, 11.594684111606165 ], [ 92.229452962675538, 11.595700720309923 ], [ 92.229599282488621, 11.594787507411189 ], [ 92.228026669746441, 11.594684111606165 ] ] ], [ [ [ 92.585938847938891, 11.699828445496815 ], [ 92.585791975073136, 11.700669176086024 ], [ 92.586764432196304, 11.700059066943304 ], [ 92.585938847938891, 11.699828445496815 ] ] ], [ [ [ 92.586377056134353, 11.704920375364614 ], [ 92.586369535311405, 11.704176653811981 ], [ 92.585969148756305, 11.704670192004507 ], [ 92.586377056134353, 11.704920375364614 ] ] ], [ [ [ 92.584813100419694, 11.704352644632497 ], [ 92.585089561670344, 11.705035739378234 ], [ 92.585364871298125, 11.704710305666516 ], [ 92.584813100419694, 11.704352644632497 ] ] ], [ [ [ 92.582993050623216, 11.707761166126373 ], [ 92.582805032865252, 11.707697860364041 ], [ 92.58267653879318, 11.708389489927242 ], [ 92.582993050623216, 11.707761166126373 ] ] ], [ [ [ 92.584294898326874, 11.708110725548554 ], [ 92.584118555152941, 11.708035179292033 ], [ 92.583953230879047, 11.708380530887409 ], [ 92.584294898326874, 11.708110725548554 ] ] ], [ [ [ 92.586837082105191, 11.977346637492637 ], [ 92.601892778652768, 11.96414462753266 ], [ 92.608064366923614, 11.943229830026347 ], [ 92.601541583564455, 11.936177798735457 ], [ 92.59789320382481, 11.924967236797741 ], [ 92.586837082105191, 11.977346637492637 ] ] ], [ [ [ 92.579812560680793, 11.977259784675024 ], [ 92.581331334796204, 11.982743035965393 ], [ 92.584284530719501, 11.976555294348369 ], [ 92.579812560680793, 11.977259784675024 ] ] ], [ [ [ 92.599898697571888, 11.981981315635283 ], [ 92.600142053114396, 11.9825192811306 ], [ 92.600422140522696, 11.982252544098138 ], [ 92.599898697571888, 11.981981315635283 ] ] ], [ [ [ 87.09940835885844, 20.750026760745893 ], [ 87.10168118124389, 20.751507319114925 ], [ 87.10201684517763, 20.750684852959608 ], [ 87.09940835885844, 20.750026760745893 ] ] ], [ [ [ 88.018557923586911, 21.551667724570919 ], [ 88.01374908317446, 21.546837276631088 ], [ 88.009970169831178, 21.558227812313177 ], [ 88.018557923586911, 21.551667724570919 ] ] ], [ [ [ 88.547857728284981, 21.537151575341476 ], [ 88.515525409330806, 21.529691191265616 ], [ 88.484774793753942, 21.552197889085463 ], [ 88.498440250636889, 21.601023050186033 ], [ 88.537199755447489, 21.578013647981823 ], [ 88.547857728284981, 21.537151575341476 ] ] ], [ [ [ 88.831179179243591, 21.551169195650079 ], [ 88.83401051101157, 21.608036598659709 ], [ 88.891889236668874, 21.581198157464641 ], [ 88.905987945795943, 21.547560220291192 ], [ 88.876094872279808, 21.534403926680589 ], [ 88.831179179243591, 21.551169195650079 ] ] ], [ [ [ 88.167018419702003, 21.602947018578949 ], [ 88.204401801560323, 21.547024455791533 ], [ 88.175673020752029, 21.549857760364464 ], [ 88.167018419702003, 21.602947018578949 ] ] ], [ [ [ 87.413714859544626, 21.560165114920174 ], [ 87.418996512172086, 21.578723528807572 ], [ 87.430098730056642, 21.586207425887132 ], [ 87.416560854619689, 21.569999707426692 ], [ 87.413714859544626, 21.560165114920174 ] ] ], [ [ [ 89.144527916157671, 21.592653477037857 ], [ 89.137010739013419, 21.601414584589381 ], [ 89.151052344254708, 21.600035813443309 ], [ 89.144527916157671, 21.592653477037857 ] ] ], [ [ [ 88.586977662033661, 21.605935663489415 ], [ 88.555926255083577, 21.560348115198348 ], [ 88.535578189879303, 21.59250829000721 ], [ 88.512018076229523, 21.601624456419234 ], [ 88.522402464847872, 21.658456943104653 ], [ 88.538949392417763, 21.638931618927028 ], [ 88.586977662033661, 21.605935663489415 ] ] ], [ [ [ 88.692510886488137, 21.72015618225668 ], [ 88.701796958765556, 21.687869716834268 ], [ 88.749783348050187, 21.649620305694434 ], [ 88.768977733932985, 21.655950465391214 ], [ 88.776913177450524, 21.643460503799066 ], [ 88.772955490226195, 21.625770035792723 ], [ 88.800047926845053, 21.59123948442198 ], [ 88.776113948200063, 21.56983575384043 ], [ 88.742026348141351, 21.562188191722555 ], [ 88.708591600590026, 21.584719384901753 ], [ 88.718840294720096, 21.634735224168189 ], [ 88.684426093477228, 21.684306527459569 ], [ 88.692510886488137, 21.72015618225668 ] ] ], [ [ [ 88.344304720348589, 21.62760185423387 ], [ 88.317847714068279, 21.605219244273435 ], [ 88.306447017831189, 21.614946217452022 ], [ 88.309380108287968, 21.704860877630974 ], [ 88.351420366632908, 21.677283513043406 ], [ 88.344304720348589, 21.62760185423387 ] ] ], [ [ [ 88.19387146853974, 21.687634646262644 ], [ 88.200444392304334, 21.67376551770996 ], [ 88.226423586577297, 21.668781068308732 ], [ 88.212838724827208, 21.598386557605256 ], [ 88.180161429162723, 21.685183760011949 ], [ 88.203656571843567, 21.725842083580318 ], [ 88.213572608786095, 21.700129207242266 ], [ 88.19387146853974, 21.687634646262644 ] ] ], [ [ [ 88.631583254083253, 21.649413079694735 ], [ 88.630878730633327, 21.673287559914897 ], [ 88.642377376732171, 21.679193387718112 ], [ 88.631583254083253, 21.649413079694735 ] ] ], [ [ [ 88.382402595782466, 21.68284091313858 ], [ 88.404237310290057, 21.716629486019411 ], [ 88.368761104381889, 21.726976926270911 ], [ 88.389117911359605, 21.735750568539736 ], [ 88.395828858508182, 21.754637629022287 ], [ 88.428138772243301, 21.702507843224161 ], [ 88.413326073201773, 21.692929504441636 ], [ 88.411051226917948, 21.655829093091274 ], [ 88.431949049331109, 21.620447465615385 ], [ 88.411774868032651, 21.611778241663291 ], [ 88.407341989926564, 21.589873379044935 ], [ 88.384828641213531, 21.610359323714658 ], [ 88.382402595782466, 21.68284091313858 ] ] ], [ [ [ 88.04941380459654, 21.694489713826854 ], [ 88.050072841725338, 21.700008167983459 ], [ 88.051331156600838, 21.696229130631949 ], [ 88.04941380459654, 21.694489713826854 ] ] ], [ [ [ 88.044410399937618, 21.69880883412252 ], [ 88.045429625424987, 21.699396382832582 ], [ 88.045943002894106, 21.697387100269705 ], [ 88.044410399937618, 21.69880883412252 ] ] ], [ [ [ 88.042315468313276, 21.70344081938795 ], [ 88.042766511314923, 21.708968201155589 ], [ 88.044703250214681, 21.702285994716284 ], [ 88.042315468313276, 21.70344081938795 ] ] ], [ [ [ 88.44113065591182, 21.622828423890958 ], [ 88.420382946099878, 21.65314462131369 ], [ 88.432488418278524, 21.704380392848105 ], [ 88.383416763869434, 21.777690870418084 ], [ 88.422176288001737, 21.81058103486933 ], [ 88.455574245514498, 21.789128350399146 ], [ 88.471439967036588, 21.792466109609723 ], [ 88.452795557008187, 21.718411547088792 ], [ 88.471506293882797, 21.673876961611132 ], [ 88.450160902223857, 21.611770274251175 ], [ 88.427157882606878, 21.60532136809902 ], [ 88.44113065591182, 21.622828423890958 ] ] ], [ [ [ 88.056247977573165, 21.710135002580348 ], [ 88.053183073287727, 21.703053149928028 ], [ 88.053710716593343, 21.710879004654529 ], [ 88.056247977573165, 21.710135002580348 ] ] ], [ [ [ 88.573271222017027, 21.788492489697084 ], [ 88.560069974202406, 21.767917549480281 ], [ 88.579681397585034, 21.717380033795529 ], [ 88.60861977089894, 21.681482723269625 ], [ 88.591007289408751, 21.658341639234727 ], [ 88.602670861703757, 21.612540090082099 ], [ 88.526219251567255, 21.662866206984024 ], [ 88.506285524464687, 21.758358756886224 ], [ 88.542267929313482, 21.811443006987485 ], [ 88.573271222017027, 21.788492489697084 ] ] ], [ [ [ 88.363275886559862, 21.725906412646729 ], [ 88.39450898499409, 21.713221512986916 ], [ 88.35706616309372, 21.686461452115513 ], [ 88.338438847655681, 21.711583352749091 ], [ 88.348531504825431, 21.722540365127198 ], [ 88.343672071927045, 21.754829611440144 ], [ 88.387684554762401, 21.762793564058775 ], [ 88.385928380172089, 21.740465115114244 ], [ 88.363275886559862, 21.725906412646729 ] ] ], [ [ [ 88.195012830640437, 21.724382729607232 ], [ 88.206483122247448, 21.759760945512983 ], [ 88.204750985437769, 21.737628631384144 ], [ 88.195012830640437, 21.724382729607232 ] ] ], [ [ [ 88.621521903449334, 21.781160768684824 ], [ 88.627564920324403, 21.729308984486021 ], [ 88.610918068450403, 21.704774659907741 ], [ 88.597057238393759, 21.715678034213283 ], [ 88.621726359840437, 21.740047132555375 ], [ 88.587385842461273, 21.757209834919866 ], [ 88.59044457829809, 21.780777559889383 ], [ 88.621521903449334, 21.781160768684824 ] ] ], [ [ [ 88.279758203087496, 21.734923467105393 ], [ 88.289112795795504, 21.778751627439199 ], [ 88.304959468179518, 21.732457183476136 ], [ 88.291893160014865, 21.712062783733661 ], [ 88.279758203087496, 21.734923467105393 ] ] ], [ [ [ 88.041351830012104, 21.649532168933451 ], [ 88.076810464794477, 21.777419790973362 ], [ 88.131807155602786, 21.87357339770983 ], [ 88.17100246487847, 21.809315116825676 ], [ 88.171251903451164, 21.740096350738131 ], [ 88.153241981072469, 21.681956512335304 ], [ 88.134194913978575, 21.678479161257819 ], [ 88.145076285418128, 21.638977281000404 ], [ 88.118681390225987, 21.625403889882467 ], [ 88.041351830012104, 21.649532168933451 ] ] ], [ [ [ 88.569287465189802, 21.770137282219395 ], [ 88.583885267494608, 21.776179072072651 ], [ 88.587261196301924, 21.753303746317403 ], [ 88.618884378487962, 21.739193588152769 ], [ 88.579023391046803, 21.727098446007943 ], [ 88.584584734416552, 21.748431898784435 ], [ 88.569287465189802, 21.770137282219395 ] ] ], [ [ [ 89.050494997193184, 21.615566640948579 ], [ 89.026482924204331, 21.658187793445613 ], [ 89.01996155472888, 21.640433630378276 ], [ 89.036541692200544, 21.618334136824721 ], [ 89.023782166873431, 21.602913711331684 ], [ 88.954153187178846, 21.627224341689033 ], [ 88.938723066183172, 21.646142393572411 ], [ 88.951309534714014, 21.693853910486879 ], [ 88.921262422367761, 21.721520800472124 ], [ 88.931708715363996, 21.744425725908425 ], [ 88.920840102462279, 21.762386559199914 ], [ 88.914673075676575, 21.716179027690345 ], [ 88.940132492724246, 21.68904163511078 ], [ 88.922967005683134, 21.63230765576974 ], [ 88.884132633589459, 21.661173726420504 ], [ 88.869648144922053, 21.704167539339021 ], [ 88.877220316377944, 21.766613411452845 ], [ 88.835056510753546, 21.782792208786365 ], [ 88.853154975764596, 21.888889718938344 ], [ 88.819005162531866, 21.929260401309499 ], [ 88.859691406476756, 21.91271324288984 ], [ 88.902586549950541, 21.921025547055276 ], [ 88.911820281631492, 21.930882338252768 ], [ 89.031343215300424, 21.863962350369032 ], [ 89.01236612896858, 21.794226215510783 ], [ 89.019459502359624, 21.766152010435182 ], [ 89.093556101471947, 21.663679505223627 ], [ 89.094198934112967, 21.641339263226584 ], [ 89.050494997193184, 21.615566640948579 ] ] ], [ [ [ 88.197470276273336, 21.764840595253585 ], [ 88.192647550410555, 21.758191086552685 ], [ 88.192609102246351, 21.779712608766978 ], [ 88.197470276273336, 21.764840595253585 ] ] ], [ [ [ 88.185690148086991, 21.790214016298147 ], [ 88.181524837748867, 21.783825892650569 ], [ 88.179050154219738, 21.799333318281231 ], [ 88.185690148086991, 21.790214016298147 ] ] ], [ [ [ 88.499898018694068, 21.811330713005063 ], [ 88.485456794910235, 21.798860573791202 ], [ 88.451888262237603, 21.813636246371594 ], [ 88.483177093869415, 21.834914662846007 ], [ 88.499898018694068, 21.811330713005063 ] ] ], [ [ [ 88.166362440999379, 21.869739449455331 ], [ 88.194668250123854, 21.840383479097557 ], [ 88.190721960657172, 21.830559093824203 ], [ 88.178142887439435, 21.844715410327058 ], [ 88.166362440999379, 21.869739449455331 ] ] ], [ [ [ 88.554054388028675, 21.875674394707044 ], [ 88.575054465984849, 21.878987730006418 ], [ 88.556685424272544, 21.827692985705237 ], [ 88.559972686703873, 21.851509574150025 ], [ 88.554054388028675, 21.875674394707044 ] ] ], [ [ [ 88.644564893060718, 21.78793783390622 ], [ 88.591973128008846, 21.797643767743672 ], [ 88.576826977270613, 21.817928517238109 ], [ 88.636640484361678, 21.921775316829649 ], [ 88.670067962272128, 21.912418800386956 ], [ 88.644564893060718, 21.78793783390622 ] ] ], [ [ [ 88.539138713704517, 21.836941551453549 ], [ 88.541431140465903, 21.902188322152774 ], [ 88.570425679330839, 21.900493847776705 ], [ 88.576151220019057, 21.883061151812672 ], [ 88.552975025942615, 21.876676411397238 ], [ 88.551995179899052, 21.816623136444516 ], [ 88.539138713704517, 21.836941551453549 ] ] ], [ [ [ 88.096717674884601, 21.861343334934375 ], [ 88.082958589340791, 21.842231050198812 ], [ 88.072359500896553, 21.858310292252103 ], [ 88.081132744309301, 21.879846391791414 ], [ 88.096717674884601, 21.861343334934375 ] ] ], [ [ [ 88.169245400854848, 21.868785961614655 ], [ 88.165281311866394, 21.879163730564642 ], [ 88.174073016368396, 21.867737009113238 ], [ 88.169245400854848, 21.868785961614655 ] ] ], [ [ [ 88.085619548883273, 21.914371596112506 ], [ 88.119618743301189, 21.891428180639767 ], [ 88.104965540377634, 21.867321561668579 ], [ 88.097603231695274, 21.874021029349354 ], [ 88.085619548883273, 21.914371596112506 ] ] ], [ [ [ 88.482196015170842, 21.900881740650654 ], [ 88.493366338303858, 21.906625702598319 ], [ 88.492799859874125, 21.903861736190539 ], [ 88.482196015170842, 21.900881740650654 ] ] ], [ [ [ 88.126339998973407, 21.947451029322163 ], [ 88.14545223564113, 21.924710012324535 ], [ 88.126717592413456, 21.933896601705868 ], [ 88.118944374427542, 21.928352552386212 ], [ 88.145015035313804, 21.917337249712311 ], [ 88.130012878685505, 21.899131490793195 ], [ 88.089857431980931, 21.926548904458439 ], [ 88.126339998973407, 21.947451029322163 ] ] ], [ [ [ 88.544377217115198, 21.970857595951543 ], [ 88.609979296579866, 21.924710480994392 ], [ 88.583623528053423, 21.891642831248831 ], [ 88.550096335906247, 21.922381553016173 ], [ 88.544377217115198, 21.970857595951543 ] ] ], [ [ [ 88.602993515560314, 21.997450224463694 ], [ 88.598607740659617, 21.967579467110379 ], [ 88.610385356838691, 21.929302827947016 ], [ 88.576486906052082, 21.960642837651051 ], [ 88.578077015646727, 21.982087507368721 ], [ 88.595809909978627, 21.988585165256843 ], [ 88.599639172211823, 21.99149827003642 ], [ 88.602993515560314, 21.997450224463694 ] ] ], [ [ [ 88.125232558937583, 21.995984347028038 ], [ 88.085631603303142, 22.006208095555344 ], [ 88.142611146196799, 22.013604584081115 ], [ 88.125232558937583, 21.995984347028038 ] ] ], [ [ [ 89.710818186452386, 26.160963484395076 ], [ 89.710767203470098, 26.161171119724511 ], [ 89.710790529635986, 26.161170821928128 ], [ 89.710818186452386, 26.160963484395076 ] ] ], [ [ [ 92.624536677878424, 10.923285314173416 ], [ 92.623800272309893, 10.922195889485298 ], [ 92.62076309767663, 10.924691051645496 ], [ 92.624536677878424, 10.923285314173416 ] ] ], [ [ [ 92.62160013725979, 10.927678914473354 ], [ 92.613476705365244, 10.925974570515569 ], [ 92.602008940638598, 10.936284677261526 ], [ 92.62160013725979, 10.927678914473354 ] ] ], [ [ [ 92.606189376060513, 10.940619832800261 ], [ 92.60605222647132, 10.940176869364803 ], [ 92.601070834819211, 10.941121274260311 ], [ 92.606189376060513, 10.940619832800261 ] ] ], [ [ [ 92.607808565983632, 10.94176361052825 ], [ 92.607213942563035, 10.94220201486322 ], [ 92.607968698620283, 10.942617916085075 ], [ 92.607808565983632, 10.94176361052825 ] ] ], [ [ [ 92.606070348869778, 10.942323990727663 ], [ 92.605800420579143, 10.942839322751666 ], [ 92.605910246015853, 10.943182858892218 ], [ 92.606070348869778, 10.942323990727663 ] ] ], [ [ [ 92.605608153608159, 10.945596631248703 ], [ 92.605621930111752, 10.945144638496053 ], [ 92.603252389204798, 10.945496991086195 ], [ 92.605608153608159, 10.945596631248703 ] ] ], [ [ [ 92.60006824557172, 10.950952779003694 ], [ 92.599770811835569, 10.951490587328761 ], [ 92.600763458705572, 10.951554018974237 ], [ 92.60006824557172, 10.950952779003694 ] ] ], [ [ [ 92.658171800021648, 10.990802588773329 ], [ 92.666539737829027, 10.992686490756679 ], [ 92.659533945629718, 10.980794637559796 ], [ 92.658171800021648, 10.990802588773329 ] ] ], [ [ [ 92.722033065486499, 11.140743807262499 ], [ 92.731534847179859, 11.149365612474696 ], [ 92.730369369360758, 11.141789730137734 ], [ 92.722033065486499, 11.140743807262499 ] ] ], [ [ [ 92.680077781129299, 11.181213011047879 ], [ 92.675860424320831, 11.176788152413154 ], [ 92.673939824835955, 11.190232419684984 ], [ 92.680077781129299, 11.181213011047879 ] ] ], [ [ [ 92.671990184902796, 11.194965686867587 ], [ 92.67208184356366, 11.195481009351768 ], [ 92.672571703846046, 11.195322738534479 ], [ 92.671990184902796, 11.194965686867587 ] ] ], [ [ [ 92.686234755134294, 11.241799745233312 ], [ 92.693809636860124, 11.284584094283273 ], [ 92.705109742471691, 11.290118724769766 ], [ 92.704781835847982, 11.263791744983369 ], [ 92.686234755134294, 11.241799745233312 ] ] ], [ [ [ 92.722304140236915, 11.333026354283527 ], [ 92.706775248147011, 11.299638538027397 ], [ 92.695506144783195, 11.309844114840761 ], [ 92.722304140236915, 11.333026354283527 ] ] ], [ [ [ 92.633716289461063, 11.403719303654764 ], [ 92.692253945456969, 11.387261741818339 ], [ 92.663742865665654, 11.352785118770894 ], [ 92.597653869315863, 11.34502499767197 ], [ 92.579601841664768, 11.367439634934358 ], [ 92.585731702671708, 11.39999209367855 ], [ 92.621789894033455, 11.404451730331404 ], [ 92.610662094698029, 11.472307383133465 ], [ 92.636208201077565, 11.515908831696413 ], [ 92.674257484738817, 11.490403033502275 ], [ 92.684585594189741, 11.436074931675032 ], [ 92.671018600375788, 11.415491402454318 ], [ 92.636259794483905, 11.416878173512224 ], [ 92.633716289461063, 11.403719303654764 ] ] ], [ [ [ 92.60964331692125, 11.502367588520752 ], [ 92.603066160995454, 11.503122153775845 ], [ 92.615028570447066, 11.511074158508725 ], [ 92.60964331692125, 11.502367588520752 ] ] ], [ [ [ 92.643235784427588, 11.514319280892517 ], [ 92.644537552463248, 11.515119327802729 ], [ 92.644624570624316, 11.514246823701949 ], [ 92.643235784427588, 11.514319280892517 ] ] ], [ [ [ 92.61580722184793, 11.527722738281845 ], [ 92.615266367489184, 11.528454998831318 ], [ 92.616256468112041, 11.528405301479335 ], [ 92.61580722184793, 11.527722738281845 ] ] ], [ [ [ 92.59658732666928, 11.528865211448627 ], [ 92.601064964320187, 11.53761706813852 ], [ 92.605911412692876, 11.518776423263423 ], [ 92.59658732666928, 11.528865211448627 ] ] ], [ [ [ 92.614766584988928, 11.531750329099665 ], [ 92.615857539334584, 11.531994499837069 ], [ 92.615211216566351, 11.531311856366925 ], [ 92.614766584988928, 11.531750329099665 ] ] ], [ [ [ 92.630466352430119, 11.532943839607523 ], [ 92.630539732506307, 11.533563141422173 ], [ 92.630787245856055, 11.533563093980437 ], [ 92.630466352430119, 11.532943839607523 ] ] ], [ [ [ 92.609641868669286, 11.531406620425082 ], [ 92.601301956994448, 11.554676998552637 ], [ 92.614123977126695, 11.556399938175289 ], [ 92.618250039247627, 11.544809840563682 ], [ 92.609641868669286, 11.531406620425082 ] ] ], [ [ [ 92.625767923499794, 11.5436752646581 ], [ 92.627294487545896, 11.54896857869617 ], [ 92.628536731269094, 11.547833946474579 ], [ 92.625767923499794, 11.5436752646581 ] ] ], [ [ [ 92.631098342664373, 11.556066796194711 ], [ 92.631122410324991, 11.557579893846773 ], [ 92.631663412482666, 11.556748127198009 ], [ 92.631098342664373, 11.556066796194711 ] ] ], [ [ [ 92.606426576345527, 11.563266067068145 ], [ 92.607994580549885, 11.560594581368774 ], [ 92.604845166101029, 11.560562813529604 ], [ 92.606426576345527, 11.563266067068145 ] ] ], [ [ [ 92.611321627215005, 11.588214272895762 ], [ 92.618221935922151, 11.576533787101013 ], [ 92.61395410589158, 11.563044948365777 ], [ 92.599219459717773, 11.569056123148641 ], [ 92.611321627215005, 11.588214272895762 ] ] ], [ [ [ 92.688914856707285, 11.610424764377719 ], [ 92.690437437266795, 11.611812228182881 ], [ 92.690757783206948, 11.609380228807474 ], [ 92.688914856707285, 11.610424764377719 ] ] ], [ [ [ 92.686186605013461, 11.630907154185435 ], [ 92.687227631193309, 11.631575876071015 ], [ 92.687153998662751, 11.630396162582759 ], [ 92.686186605013461, 11.630907154185435 ] ] ], [ [ [ 92.754481556996296, 11.637187586778666 ], [ 92.755082282929607, 11.637070350504688 ], [ 92.754344178604782, 11.636608954123826 ], [ 92.754481556996296, 11.637187586778666 ] ] ], [ [ [ 92.686138257306069, 11.640485788573539 ], [ 92.688695943833963, 11.635413354639679 ], [ 92.685531758795491, 11.634686259671172 ], [ 92.686138257306069, 11.640485788573539 ] ] ], [ [ [ 92.753059759843111, 11.637819871699172 ], [ 92.7542654627415, 11.638493922632689 ], [ 92.754614359817296, 11.637648739446506 ], [ 92.753059759843111, 11.637819871699172 ] ] ], [ [ [ 92.680044499920726, 11.648326399756424 ], [ 92.680408700138827, 11.648504800129755 ], [ 92.680445800209213, 11.648358200134478 ], [ 92.680044499920726, 11.648326399756424 ] ] ], [ [ [ 92.699872753485877, 11.659237370743998 ], [ 92.692209999682518, 11.660690337541514 ], [ 92.694884287219082, 11.663266239815487 ], [ 92.699872753485877, 11.659237370743998 ] ] ], [ [ [ 92.732907199926061, 11.681943800022724 ], [ 92.73288389974617, 11.681821800241266 ], [ 92.732747399721973, 11.681923499649423 ], [ 92.732907199926061, 11.681943800022724 ] ] ], [ [ [ 92.733084399722529, 11.682571000018278 ], [ 92.733191900152192, 11.682626099851964 ], [ 92.733226700174299, 11.682481000305307 ], [ 92.733084399722529, 11.682571000018278 ] ] ], [ [ [ 92.725018640193937, 11.688010615827002 ], [ 92.725045870534217, 11.68710204218246 ], [ 92.722981664304271, 11.686139909993519 ], [ 92.725018640193937, 11.688010615827002 ] ] ], [ [ [ 92.709238017869524, 12.147806164465768 ], [ 92.719365698238377, 12.179715265570961 ], [ 92.756700631468973, 12.175674266663048 ], [ 92.72540820371249, 12.095899902198109 ], [ 92.736117074357111, 12.078777766604915 ], [ 92.724076726657202, 12.072878934900968 ], [ 92.722755490195084, 12.064399489339978 ], [ 92.7369296873607, 12.078067736541456 ], [ 92.733599299283455, 12.065344693313802 ], [ 92.738156396463538, 12.057233592591595 ], [ 92.727456532483558, 12.059534066400914 ], [ 92.696603370805747, 12.042498089524628 ], [ 92.715049203563893, 12.051682242572658 ], [ 92.710436323368313, 12.031044401552901 ], [ 92.727344362730946, 12.054331371443803 ], [ 92.728071894742612, 12.035490803159153 ], [ 92.740013272648611, 12.02860631737477 ], [ 92.725142081753233, 12.023264685220211 ], [ 92.770514700552951, 11.998612867829952 ], [ 92.763944368700535, 11.986563871533221 ], [ 92.759937324604522, 11.99464899314836 ], [ 92.743945071890423, 11.999725666421602 ], [ 92.722063796042335, 11.993464653586813 ], [ 92.731568584773257, 11.971072478261828 ], [ 92.71523201660986, 11.967145595594973 ], [ 92.710487804562788, 11.93308254210527 ], [ 92.714124348149895, 11.921920912395901 ], [ 92.72301464551559, 11.931442119859625 ], [ 92.725067720233142, 11.897259200162493 ], [ 92.703904790128547, 11.900760169918183 ], [ 92.72421178426481, 11.891175258922434 ], [ 92.706381629853169, 11.864439046618184 ], [ 92.723325378446461, 11.876832701526933 ], [ 92.724222081792476, 11.856554440663306 ], [ 92.701700145399556, 11.814333028470447 ], [ 92.700754550718543, 11.829611921656104 ], [ 92.695197810144947, 11.812906314410384 ], [ 92.654743587129346, 11.833847111136174 ], [ 92.691917293551683, 11.813671101747932 ], [ 92.670082642267658, 11.798197969847232 ], [ 92.672378685515611, 11.782769806806321 ], [ 92.69750117442085, 11.812512494680941 ], [ 92.705800443748871, 11.792693277394061 ], [ 92.699606485199013, 11.809627986756 ], [ 92.72965041471997, 11.854780571452505 ], [ 92.744259607902578, 11.932098335626291 ], [ 92.782992315234935, 11.936915896099549 ], [ 92.789976521884995, 11.88545039210336 ], [ 92.754454378354438, 11.700648571508534 ], [ 92.743406495254774, 11.711536301343013 ], [ 92.744722931074193, 11.690439457225283 ], [ 92.716548754707517, 11.705421197716115 ], [ 92.710949200840702, 11.693249782694867 ], [ 92.696453527212398, 11.718876481408813 ], [ 92.689967065593891, 11.69774399428267 ], [ 92.682223794364972, 11.714095743573631 ], [ 92.686273643252179, 11.692207461143548 ], [ 92.705676729731493, 11.700058947632852 ], [ 92.707722678425583, 11.67050894220638 ], [ 92.660142451330799, 11.652230754212336 ], [ 92.67368998969097, 11.623993370310739 ], [ 92.681125713901281, 11.638077428648195 ], [ 92.684117521734066, 11.626134088278654 ], [ 92.686575737613168, 11.628217407884136 ], [ 92.691201109093186, 11.622471001674807 ], [ 92.672948795193065, 11.607367693459796 ], [ 92.688824742020628, 11.617404266436466 ], [ 92.692191603678012, 11.622692269920272 ], [ 92.68779075552186, 11.627426063553195 ], [ 92.690647433282251, 11.627425434568389 ], [ 92.694945793265134, 11.616426414923916 ], [ 92.68928716278694, 11.614511113156723 ], [ 92.686395876587881, 11.602993881020177 ], [ 92.70163138217319, 11.617726536582508 ], [ 92.694065350073103, 11.652865180357763 ], [ 92.71014493579456, 11.643313798976255 ], [ 92.728208849001305, 11.658224996605702 ], [ 92.714375128226834, 11.678435558193877 ], [ 92.755992156230789, 11.665047110669491 ], [ 92.737721303380653, 11.638716096032306 ], [ 92.754280470983289, 11.614156392558421 ], [ 92.710226974770094, 11.477384922274776 ], [ 92.696910720969356, 11.505783378867742 ], [ 92.667498257853239, 11.50182936523338 ], [ 92.645201708339172, 11.522526144182972 ], [ 92.646250724382739, 11.572399415506375 ], [ 92.632396568274942, 11.580785459645263 ], [ 92.61647912124883, 11.563440774373866 ], [ 92.61939457935037, 11.571844196991279 ], [ 92.618793860489816, 11.582589129278388 ], [ 92.601837590025013, 11.608648215861463 ], [ 92.627014661888282, 11.626441180119667 ], [ 92.634905645404331, 11.61547459961611 ], [ 92.644701127460493, 11.635273198754804 ], [ 92.630390065848388, 11.651881653248459 ], [ 92.630407900859311, 11.628299003276355 ], [ 92.608090374681268, 11.632385016562358 ], [ 92.597702613327783, 11.649086994575436 ], [ 92.589679524238178, 11.707913780893822 ], [ 92.603779135839702, 11.707020065779314 ], [ 92.586664800005948, 11.716664768632208 ], [ 92.591290435060273, 11.738281484725366 ], [ 92.558053053645168, 11.692299552594177 ], [ 92.558654442019034, 11.772654460668416 ], [ 92.549576332040218, 11.802233076592783 ], [ 92.540721398516666, 11.785537188561305 ], [ 92.529408666928006, 11.794999195355878 ], [ 92.542841026882058, 11.801349835043627 ], [ 92.549555988353191, 11.809745817587118 ], [ 92.531653208394644, 11.805929931793374 ], [ 92.546737788171797, 11.829439957470891 ], [ 92.545017564142043, 11.843343881235478 ], [ 92.523824930835914, 11.807369266632307 ], [ 92.505665931931006, 11.824516805393301 ], [ 92.520132869540802, 11.839674437465069 ], [ 92.507503400479834, 11.841495778096926 ], [ 92.513975247956282, 11.872407942876523 ], [ 92.527560004377733, 11.872494269491726 ], [ 92.520239125877268, 11.89861877819731 ], [ 92.538546733053394, 11.903502335304088 ], [ 92.54025955996552, 11.931017626608742 ], [ 92.564065883188718, 11.950808895914397 ], [ 92.580540710819477, 11.931374809503803 ], [ 92.582871601099583, 11.877005414860852 ], [ 92.598965055466138, 11.899644801272432 ], [ 92.599101202860396, 11.86608627792573 ], [ 92.610263517418744, 11.847305316236007 ], [ 92.600302543324062, 11.878914946109694 ], [ 92.606294274036358, 11.913527107918458 ], [ 92.61977541469895, 11.921831320971226 ], [ 92.620353693020618, 11.931075298464815 ], [ 92.598666301868647, 11.904494992477419 ], [ 92.592633398707562, 11.918493678912892 ], [ 92.607624475770706, 11.929804628367414 ], [ 92.62815914873994, 12.043004698852114 ], [ 92.62204638695691, 12.101387803066958 ], [ 92.660393261128533, 12.21494148079398 ], [ 92.65530670796835, 12.180109695870348 ], [ 92.673954445661934, 12.217787103858914 ], [ 92.681172750960812, 12.191781110206286 ], [ 92.696265933041502, 12.238931935493721 ], [ 92.709238017869524, 12.147806164465768 ] ] ], [ [ [ 92.60161056175987, 11.935355053856149 ], [ 92.603331971104652, 11.93605137243663 ], [ 92.604828531529918, 11.934681801256433 ], [ 92.60161056175987, 11.935355053856149 ] ] ], [ [ [ 92.725392471123556, 11.955913884829515 ], [ 92.7321563750737, 11.959934385032671 ], [ 92.724519533280613, 11.941684445847159 ], [ 92.725392471123556, 11.955913884829515 ] ] ], [ [ [ 92.72466178563748, 11.953965872021056 ], [ 92.724372234789982, 11.95302128438731 ], [ 92.7228393568992, 11.954450248989364 ], [ 92.72466178563748, 11.953965872021056 ] ] ], [ [ [ 92.766063900189351, 11.967742495239793 ], [ 92.75819543355675, 11.944704155530964 ], [ 92.734916844620798, 11.951823966360243 ], [ 92.748410729832742, 11.968955579919479 ], [ 92.766063900189351, 11.967742495239793 ] ] ], [ [ [ 92.608618788872931, 11.96120690109379 ], [ 92.606653945904483, 11.959529805043259 ], [ 92.604326109491865, 11.963001117560381 ], [ 92.608618788872931, 11.96120690109379 ] ] ], [ [ [ 92.737666299993435, 11.964140299636961 ], [ 92.73766629960781, 11.964464299298884 ], [ 92.738260299786731, 11.964464299347528 ], [ 92.737666299993435, 11.964140299636961 ] ] ], [ [ [ 92.743274454770003, 11.967682058621865 ], [ 92.744137143739422, 11.966768566274306 ], [ 92.740413180985485, 11.965233298428311 ], [ 92.743274454770003, 11.967682058621865 ] ] ], [ [ [ 92.733650787540768, 11.977232687872895 ], [ 92.756962730860437, 11.99291200979156 ], [ 92.76078693698976, 11.983172479208564 ], [ 92.733650787540768, 11.977232687872895 ] ] ], [ [ [ 92.760566743566599, 12.019318194874383 ], [ 92.726932574191167, 12.058313799129081 ], [ 92.736933384412637, 12.05392531945672 ], [ 92.739070037359014, 12.056491907600636 ], [ 92.736281726682108, 12.066012648493428 ], [ 92.741180825707943, 12.06298205544867 ], [ 92.743745512972211, 12.057009812906514 ], [ 92.746651584012085, 12.054870481157385 ], [ 92.78219391167454, 12.048542239704735 ], [ 92.777691719368349, 12.024132554146306 ], [ 92.760566743566599, 12.019318194874383 ] ] ], [ [ [ 92.750000455007736, 12.070361383242378 ], [ 92.745545248217937, 12.055761410571137 ], [ 92.741509521887323, 12.069084209836626 ], [ 92.750000455007736, 12.070361383242378 ] ] ], [ [ [ 92.73872745823877, 12.110923938369181 ], [ 92.74050616823699, 12.113119971051383 ], [ 92.740785744685624, 12.111718618744062 ], [ 92.73872745823877, 12.110923938369181 ] ] ], [ [ [ 92.712531196771835, 12.169540287492516 ], [ 92.712747223761994, 12.1704972441064 ], [ 92.713349104213762, 12.169675509459955 ], [ 92.712531196771835, 12.169540287492516 ] ] ], [ [ [ 92.720799271459143, 12.181844509557029 ], [ 92.720838670529105, 12.180871739219135 ], [ 92.719942134203748, 12.181559303865965 ], [ 92.720799271459143, 12.181844509557029 ] ] ], [ [ [ 92.724305165295334, 12.185032074697908 ], [ 92.729375067950897, 12.189333307689235 ], [ 92.730344025277077, 12.187958829301046 ], [ 92.724305165295334, 12.185032074697908 ] ] ], [ [ [ 92.706290655594358, 12.197317102901307 ], [ 92.70718140470251, 12.197563047203987 ], [ 92.707342444967594, 12.197135104482228 ], [ 92.706290655594358, 12.197317102901307 ] ] ], [ [ [ 92.722470341193812, 12.188325151296951 ], [ 92.72086470947994, 12.233233449243958 ], [ 92.734833357922895, 12.23959258022562 ], [ 92.729538295835724, 12.214421879251153 ], [ 92.739196675840759, 12.223015416168302 ], [ 92.742364013476461, 12.204757087661905 ], [ 92.738912902167016, 12.236187221240648 ], [ 92.744106788715328, 12.22787240433674 ], [ 92.761857238142909, 12.229528543948645 ], [ 92.762957398359674, 12.181770911592501 ], [ 92.732623334914138, 12.184524384619523 ], [ 92.728507021246017, 12.197679623750858 ], [ 92.722470341193812, 12.188325151296951 ] ] ], [ [ [ 92.681661949537443, 12.223898877569189 ], [ 92.682496688760367, 12.216639421012525 ], [ 92.678866689559271, 12.21927989249777 ], [ 92.681661949537443, 12.223898877569189 ] ] ], [ [ [ 92.696566612850376, 12.250193232360775 ], [ 92.69835837115248, 12.247937236570456 ], [ 92.694828267593053, 12.246460107122481 ], [ 92.696566612850376, 12.250193232360775 ] ] ], [ [ [ 92.731379899895998, 12.252229700105509 ], [ 92.731429300097531, 12.252665799748533 ], [ 92.731831299498651, 12.252033600079718 ], [ 92.731379899895998, 12.252229700105509 ] ] ], [ [ [ 92.721115656135453, 12.255365012877123 ], [ 92.721414764386992, 12.25635483708318 ], [ 92.723997672305103, 12.256109815039189 ], [ 92.721115656135453, 12.255365012877123 ] ] ], [ [ [ 92.715689298601191, 12.258334973647129 ], [ 92.716769456511756, 12.259030959360732 ], [ 92.717077156771808, 12.256901892608262 ], [ 92.715689298601191, 12.258334973647129 ] ] ], [ [ [ 92.70331941058275, 12.299286235387644 ], [ 92.718783177450732, 12.283186354489441 ], [ 92.709926019019079, 12.229657141541862 ], [ 92.70331941058275, 12.299286235387644 ] ] ], [ [ [ 92.748615209399574, 12.287882847973769 ], [ 92.734576992524353, 12.248134529846237 ], [ 92.73427089075831, 12.270134454387604 ], [ 92.748615209399574, 12.287882847973769 ] ] ], [ [ [ 92.734347560273903, 12.287464663661886 ], [ 92.737267036635799, 12.29098985033238 ], [ 92.735212886655802, 12.281335172490614 ], [ 92.734347560273903, 12.287464663661886 ] ] ], [ [ [ 92.750922079031369, 12.290631613489079 ], [ 92.750510612661643, 12.290986273708686 ], [ 92.751261940261827, 12.291720983489421 ], [ 92.750922079031369, 12.290631613489079 ] ] ], [ [ [ 92.752185319571055, 12.294234357392043 ], [ 92.753162106947542, 12.294114782098179 ], [ 92.75258315799465, 12.293113460188371 ], [ 92.752185319571055, 12.294234357392043 ] ] ], [ [ [ 92.678137782647838, 12.505564428754758 ], [ 92.661799317482817, 12.53287716970887 ], [ 92.688071780589752, 12.550055171853609 ], [ 92.678137782647838, 12.505564428754758 ] ] ], [ [ [ 92.702200246863612, 12.636182010900622 ], [ 92.699190198075684, 12.637136583428566 ], [ 92.70229735950447, 12.637659961842532 ], [ 92.702200246863612, 12.636182010900622 ] ] ], [ [ [ 92.701726689061715, 12.637985560400782 ], [ 92.698877726631054, 12.63895364060318 ], [ 92.70152512649851, 12.641190170494234 ], [ 92.701726689061715, 12.637985560400782 ] ] ], [ [ [ 92.700162477584399, 12.640688875137643 ], [ 92.700986652196022, 12.641461519982894 ], [ 92.700894470166688, 12.641059283328667 ], [ 92.700162477584399, 12.640688875137643 ] ] ], [ [ [ 92.702745519244885, 12.643106203484423 ], [ 92.702836983293821, 12.641162655087678 ], [ 92.700940708390135, 12.641750801481873 ], [ 92.702745519244885, 12.643106203484423 ] ] ], [ [ [ 92.726994510616393, 12.654587086636001 ], [ 92.724940725026855, 12.652748328122248 ], [ 92.725954390796559, 12.655143431626392 ], [ 92.726994510616393, 12.654587086636001 ] ] ], [ [ [ 92.730137943406348, 12.653121407712439 ], [ 92.726865845441793, 12.655152113439025 ], [ 92.726318065359266, 12.65517944788386 ], [ 92.726856728048375, 12.655373587321538 ], [ 92.730137943406348, 12.653121407712439 ] ] ], [ [ [ 92.724370144944572, 12.683347499495497 ], [ 92.724800941057481, 12.683715254383511 ], [ 92.724893530177923, 12.68355840542174 ], [ 92.724370144944572, 12.683347499495497 ] ] ], [ [ [ 92.713420978170333, 12.689092148278261 ], [ 92.713653967276571, 12.690085833610418 ], [ 92.714690198263213, 12.689583153208911 ], [ 92.713420978170333, 12.689092148278261 ] ] ], [ [ [ 92.72296969953014, 12.691923600047787 ], [ 92.723383699461905, 12.692475599676492 ], [ 92.724211699596495, 12.692130599569692 ], [ 92.72296969953014, 12.691923600047787 ] ] ], [ [ [ 92.722391206249682, 12.692741322747215 ], [ 92.722726747024581, 12.69259325779054 ], [ 92.722191952700015, 12.69210443494169 ], [ 92.722391206249682, 12.692741322747215 ] ] ], [ [ [ 92.730265685438368, 12.705790576186091 ], [ 92.731936156859121, 12.703774060875867 ], [ 92.729794301372323, 12.701551204610121 ], [ 92.730265685438368, 12.705790576186091 ] ] ], [ [ [ 92.728954492859145, 12.730613774920982 ], [ 92.727327426513469, 12.726600861360053 ], [ 92.721967340219791, 12.737631213385299 ], [ 92.728954492859145, 12.730613774920982 ] ] ], [ [ [ 92.738468707989355, 12.73287868185214 ], [ 92.737409724503067, 12.733091576269484 ], [ 92.73757595086289, 12.734117493000722 ], [ 92.738468707989355, 12.73287868185214 ] ] ], [ [ [ 92.724742827902247, 12.752863509664992 ], [ 92.72524583956438, 12.753879700334544 ], [ 92.72601630709282, 12.7536125670375 ], [ 92.724742827902247, 12.752863509664992 ] ] ], [ [ [ 92.655705034030149, 12.774874307192288 ], [ 92.656294368477887, 12.774029039456311 ], [ 92.653650843758001, 12.772533077297483 ], [ 92.655705034030149, 12.774874307192288 ] ] ], [ [ [ 92.716317537797039, 12.774800575319222 ], [ 92.71758383436908, 12.774515452066263 ], [ 92.715939616931109, 12.774000651427452 ], [ 92.716317537797039, 12.774800575319222 ] ] ], [ [ [ 92.693703824544059, 12.797636392091141 ], [ 92.714007096134083, 12.828208923432792 ], [ 92.71125276693148, 12.777188518709767 ], [ 92.724803517813982, 12.748346518470985 ], [ 92.717305196676222, 12.756340778256474 ], [ 92.716563840840649, 12.719169886037372 ], [ 92.693703824544059, 12.797636392091141 ] ] ], [ [ [ 92.723466284146866, 12.767421856863779 ], [ 92.724002883125664, 12.762070057257697 ], [ 92.716566685691959, 12.788188606206852 ], [ 92.723466284146866, 12.767421856863779 ] ] ], [ [ [ 92.715258607984126, 12.775460791234416 ], [ 92.71476644327295, 12.777029354924029 ], [ 92.716861696974462, 12.776789199234846 ], [ 92.715258607984126, 12.775460791234416 ] ] ], [ [ [ 92.71571774117939, 12.78404405377499 ], [ 92.715846430768082, 12.783356984562644 ], [ 92.714943909152282, 12.783655558136926 ], [ 92.71571774117939, 12.78404405377499 ] ] ], [ [ [ 92.71661369206052, 12.790697166126312 ], [ 92.717505264568089, 12.790183469032684 ], [ 92.716627269839492, 12.790068888800617 ], [ 92.71661369206052, 12.790697166126312 ] ] ], [ [ [ 92.718604497830995, 12.793978067067117 ], [ 92.71886128246166, 12.791094263064082 ], [ 92.716417311043813, 12.795054454016089 ], [ 92.718604497830995, 12.793978067067117 ] ] ], [ [ [ 92.720339125484273, 12.79589566609304 ], [ 92.722510974193284, 12.796571329753792 ], [ 92.721844634870791, 12.795586822956095 ], [ 92.720339125484273, 12.79589566609304 ] ] ], [ [ [ 92.714257876530979, 12.796501451325517 ], [ 92.715059625370159, 12.797545333395211 ], [ 92.715418329981958, 12.796144047879693 ], [ 92.714257876530979, 12.796501451325517 ] ] ], [ [ [ 92.715330646716779, 12.801186671061165 ], [ 92.716400360966446, 12.798937094813585 ], [ 92.714806934456902, 12.799190665616464 ], [ 92.715330646716779, 12.801186671061165 ] ] ], [ [ [ 92.71596044096917, 12.804799591938284 ], [ 92.716575279605223, 12.804238390840879 ], [ 92.715073168666564, 12.803065678173118 ], [ 92.71596044096917, 12.804799591938284 ] ] ], [ [ [ 92.724069813274369, 12.835591489109596 ], [ 92.726507867875185, 12.838840533627549 ], [ 92.726031426296714, 12.834072159404352 ], [ 92.724069813274369, 12.835591489109596 ] ] ], [ [ [ 92.711309324432065, 12.832078731158557 ], [ 92.713542769886118, 12.855572729021304 ], [ 92.726265674291753, 12.865408750474421 ], [ 92.71996753608326, 12.840316094009204 ], [ 92.711309324432065, 12.832078731158557 ] ] ], [ [ [ 92.729472003448677, 12.854817496670471 ], [ 92.7285738181575, 12.855039276552823 ], [ 92.728731053254037, 12.856463000926714 ], [ 92.729472003448677, 12.854817496670471 ] ] ], [ [ [ 92.721455817819475, 12.944571996543845 ], [ 92.720655061901098, 12.889601141129916 ], [ 92.718210023336383, 12.88132139096518 ], [ 92.707315248075744, 12.883932397216295 ], [ 92.701600308938964, 12.877316631308551 ], [ 92.718709658081423, 12.874835156556797 ], [ 92.699598431160226, 12.840226554379873 ], [ 92.671084897109253, 12.83762342825381 ], [ 92.688053410206052, 12.816973809175723 ], [ 92.667279118935028, 12.782593475976611 ], [ 92.646863176943725, 12.862005672049255 ], [ 92.678995127911435, 12.942194920376989 ], [ 92.679489648577984, 12.94853605042991 ], [ 92.668062579017402, 12.957196899774214 ], [ 92.669714097526679, 12.966105162588518 ], [ 92.694815488713658, 12.991353717005266 ], [ 92.709946080322084, 12.988137141067673 ], [ 92.709779135279206, 12.946035298135135 ], [ 92.721455817819475, 12.944571996543845 ] ] ], [ [ [ 92.748046867011951, 12.894598040066748 ], [ 92.754295537591972, 12.913284236910215 ], [ 92.752674341347841, 12.889585979945593 ], [ 92.748046867011951, 12.894598040066748 ] ] ], [ [ [ 92.672918533752437, 12.93308696850792 ], [ 92.673439202168026, 12.933394347059238 ], [ 92.673512941432634, 12.933123177250677 ], [ 92.672918533752437, 12.93308696850792 ] ] ], [ [ [ 92.672056855105126, 12.933222486658144 ], [ 92.672485339333804, 12.933669901313664 ], [ 92.672554512170137, 12.933231537003744 ], [ 92.672056855105126, 12.933222486658144 ] ] ], [ [ [ 92.676802559879093, 12.94652957990137 ], [ 92.6766000008638, 12.947483264589925 ], [ 92.677567677453737, 12.947175821539817 ], [ 92.676802559879093, 12.94652957990137 ] ] ], [ [ [ 92.671978050021963, 12.948387642630781 ], [ 92.670056268568359, 12.947804752505412 ], [ 92.672171840347715, 12.949603434005596 ], [ 92.671978050021963, 12.948387642630781 ] ] ], [ [ [ 92.672167082900316, 12.948853158449174 ], [ 92.674609687557663, 12.94976140519768 ], [ 92.674862853738105, 12.94836026397363 ], [ 92.672167082900316, 12.948853158449174 ] ] ], [ [ [ 92.668361005702366, 12.951054564871072 ], [ 92.668416014333488, 12.949463615272274 ], [ 92.66629170141222, 12.950223072639039 ], [ 92.668361005702366, 12.951054564871072 ] ] ], [ [ [ 92.670923077848158, 12.950114267005169 ], [ 92.668927727106464, 12.950471479139393 ], [ 92.669421083318412, 12.951868039312 ], [ 92.670923077848158, 12.950114267005169 ] ] ], [ [ [ 92.668172202036018, 12.951822933140747 ], [ 92.668162924411845, 12.951488473531258 ], [ 92.667001672111624, 12.951823011999506 ], [ 92.668172202036018, 12.951822933140747 ] ] ], [ [ [ 92.669481243148255, 12.953205875629804 ], [ 92.669978875517273, 12.952803581206727 ], [ 92.668849789733727, 12.95265903483978 ], [ 92.669481243148255, 12.953205875629804 ] ] ], [ [ [ 92.666734619958987, 12.953147310481191 ], [ 92.668661467279833, 12.956030767148436 ], [ 92.668287546752651, 12.952559641118565 ], [ 92.666734619958987, 12.953147310481191 ] ] ], [ [ [ 92.719393872641305, 13.098690775544371 ], [ 92.706007762185251, 13.070857529918994 ], [ 92.699308418188949, 13.070448265353642 ], [ 92.695115851173128, 13.097216116876249 ], [ 92.719393872641305, 13.098690775544371 ] ] ], [ [ [ 92.728129943560589, 13.093891818117418 ], [ 92.731363099694207, 13.095775272247664 ], [ 92.731021037181307, 13.093827354371477 ], [ 92.728129943560589, 13.093891818117418 ] ] ], [ [ [ 92.847674375136791, 8.816553725548451 ], [ 92.848370330326432, 8.834113333127755 ], [ 92.859581454987648, 8.841023367840764 ], [ 92.861944600556171, 8.823733150815809 ], [ 92.847674375136791, 8.816553725548451 ] ] ], [ [ [ 92.863125375516219, 8.834375709336951 ], [ 92.863396469022561, 8.834361878260838 ], [ 92.863092704318632, 8.834194613458502 ], [ 92.863125375516219, 8.834375709336951 ] ] ], [ [ [ 92.763716731126976, 9.215825365637444 ], [ 92.771426007660764, 9.258822580381597 ], [ 92.817665411056723, 9.21199055687401 ], [ 92.827303368465252, 9.138836919535745 ], [ 92.799065157034676, 9.120594233188974 ], [ 92.727315568193902, 9.124898851642744 ], [ 92.717750425081107, 9.214555922967014 ], [ 92.763716731126976, 9.215825365637444 ] ] ], [ [ [ 92.755589700343819, 11.63677209992637 ], [ 92.755790900364929, 11.63684549996529 ], [ 92.755839899541456, 11.636731899660669 ], [ 92.755589700343819, 11.63677209992637 ] ] ], [ [ [ 92.758119264581339, 11.678188512106468 ], [ 92.764905372316662, 11.68210583156665 ], [ 92.765149536650199, 11.679158657556609 ], [ 92.758119264581339, 11.678188512106468 ] ] ], [ [ [ 92.776425376799978, 12.016183562975996 ], [ 92.774120819620663, 12.012002081271861 ], [ 92.769926120200793, 12.012645636350623 ], [ 92.776425376799978, 12.016183562975996 ] ] ], [ [ [ 92.787348610208127, 12.077847266978328 ], [ 92.787330276489726, 12.076972677725063 ], [ 92.784136322766855, 12.072626201142564 ], [ 92.787348610208127, 12.077847266978328 ] ] ], [ [ [ 92.799081359114169, 12.075047820493161 ], [ 92.798380923859057, 12.07569192226382 ], [ 92.79937754812488, 12.075967644652112 ], [ 92.799081359114169, 12.075047820493161 ] ] ], [ [ [ 92.791913886994379, 12.078697423420646 ], [ 92.791904650794407, 12.078878282262409 ], [ 92.791966658035861, 12.078896324848033 ], [ 92.791913886994379, 12.078697423420646 ] ] ], [ [ [ 92.791675056625152, 12.078731338847035 ], [ 92.791594626238791, 12.0791313535185 ], [ 92.791709520568872, 12.079079440111229 ], [ 92.791675056625152, 12.078731338847035 ] ] ], [ [ [ 92.791048053494706, 12.079079398809867 ], [ 92.791144535874125, 12.079192331714717 ], [ 92.791197375468613, 12.079183327196656 ], [ 92.791048053494706, 12.079079398809867 ] ] ], [ [ [ 92.799278168822454, 12.090176920482481 ], [ 92.799976369096868, 12.089745332479458 ], [ 92.79902333191059, 12.089232256977986 ], [ 92.799278168822454, 12.090176920482481 ] ] ], [ [ [ 92.851381243780509, 12.141644304390763 ], [ 92.8515443000056, 12.141445439209452 ], [ 92.851137773613317, 12.141336974403105 ], [ 92.851381243780509, 12.141644304390763 ] ] ], [ [ [ 92.851450176467537, 12.141804768340457 ], [ 92.85185679339925, 12.142084964428157 ], [ 92.852061199613473, 12.141899595278243 ], [ 92.851450176467537, 12.141804768340457 ] ] ], [ [ [ 92.754384047920809, 12.147490449577614 ], [ 92.756699233126923, 12.148975853573893 ], [ 92.757717343142019, 12.146128314394847 ], [ 92.754384047920809, 12.147490449577614 ] ] ], [ [ [ 92.758749900336568, 12.168090499851463 ], [ 92.759704399744166, 12.168571900032756 ], [ 92.759845499683394, 12.168248200246348 ], [ 92.758749900336568, 12.168090499851463 ] ] ], [ [ [ 92.759058921935477, 12.169662905356965 ], [ 92.75938227152777, 12.172546883895283 ], [ 92.759887952864787, 12.170467657945727 ], [ 92.759058921935477, 12.169662905356965 ] ] ], [ [ [ 92.760755830231588, 12.17347373844814 ], [ 92.755546296750254, 12.18085421238241 ], [ 92.761296819708193, 12.17981104890316 ], [ 92.760755830231588, 12.17347373844814 ] ] ], [ [ [ 92.865068082717414, 12.182079593756027 ], [ 92.864992454646995, 12.182954218827199 ], [ 92.865771195743349, 12.182764236044248 ], [ 92.865068082717414, 12.182079593756027 ] ] ], [ [ [ 92.832488817699272, 12.292929185798377 ], [ 92.846997246084527, 12.303658470120931 ], [ 92.850384380873223, 12.283274413852784 ], [ 92.854723171851262, 12.281330098499071 ], [ 92.849001246641237, 12.302051250128079 ], [ 92.872226437882063, 12.301705788123671 ], [ 92.871519452407469, 12.295393598853121 ], [ 92.866002999525918, 12.29316635525579 ], [ 92.863441396302122, 12.286782157482232 ], [ 92.870291954975116, 12.294722654475676 ], [ 92.882058079568992, 12.262525147848704 ], [ 92.891263476241207, 12.266436750801486 ], [ 92.8752493752703, 12.250606664950622 ], [ 92.86195912123371, 12.263566940262535 ], [ 92.857865291179778, 12.244497563269086 ], [ 92.864501371449279, 12.208789326671781 ], [ 92.882861656952571, 12.197677206862584 ], [ 92.827562663998847, 12.203001425344556 ], [ 92.840533284723733, 12.212332200317963 ], [ 92.840586913687972, 12.219390459113267 ], [ 92.817392165299353, 12.232961461655149 ], [ 92.802621852228285, 12.232644929762168 ], [ 92.84046509906311, 12.21908988311985 ], [ 92.826765389042848, 12.203003732212943 ], [ 92.844720427846653, 12.200805284008382 ], [ 92.840020354784741, 12.18526318493748 ], [ 92.854140981521823, 12.191033665477528 ], [ 92.85483696647043, 12.16179025797099 ], [ 92.844463436256405, 12.147453720787322 ], [ 92.822385294863793, 12.178138430976912 ], [ 92.82077418652807, 12.159759461568047 ], [ 92.801093942208979, 12.170585204150441 ], [ 92.826932707803834, 12.156138466076088 ], [ 92.816415802191429, 12.124614364380603 ], [ 92.801492805698871, 12.13199193368458 ], [ 92.818112968054763, 12.113180446208329 ], [ 92.783625402081285, 12.106030467517478 ], [ 92.800791465269185, 12.093535500209702 ], [ 92.763444962101786, 12.063223543935381 ], [ 92.75204576833363, 12.074402091023257 ], [ 92.758168934142503, 12.0813893961581 ], [ 92.759062707850248, 12.091065007339393 ], [ 92.763757108007141, 12.090141451703104 ], [ 92.758821511682072, 12.09157122081187 ], [ 92.763778922698492, 12.096618973233699 ], [ 92.763355812889955, 12.099617990309357 ], [ 92.747211465450135, 12.074126269086294 ], [ 92.737769320667908, 12.0975404399799 ], [ 92.758247363024125, 12.145667887146271 ], [ 92.758550921917958, 12.159388440496926 ], [ 92.763458848803381, 12.165240636494399 ], [ 92.770807505854222, 12.241573923488925 ], [ 92.750000189095687, 12.232433402591258 ], [ 92.741136668478845, 12.24537571359002 ], [ 92.749388389652623, 12.274089806028368 ], [ 92.763236819732882, 12.262482533368518 ], [ 92.787682002420397, 12.280240858985211 ], [ 92.775379118067335, 12.301185842908589 ], [ 92.766949282451648, 12.297195600096693 ], [ 92.770775898839659, 12.313014420533735 ], [ 92.795004944708651, 12.303590193322478 ], [ 92.810470911088544, 12.312951892093064 ], [ 92.832488817699272, 12.292929185798377 ] ] ], [ [ [ 92.847313651268507, 12.196088148222598 ], [ 92.847603287018146, 12.196926613931268 ], [ 92.848003027985484, 12.196827176741742 ], [ 92.847313651268507, 12.196088148222598 ] ] ], [ [ [ 92.87126591315814, 12.22764049510516 ], [ 92.870371468423258, 12.22833787662011 ], [ 92.87152258363048, 12.228337598072999 ], [ 92.87126591315814, 12.22764049510516 ] ] ], [ [ [ 92.881697932208951, 12.241710783213794 ], [ 92.882254009723923, 12.24062592096476 ], [ 92.880594871983263, 12.239758134508321 ], [ 92.881697932208951, 12.241710783213794 ] ] ], [ [ [ 92.868771985584928, 12.248443883271273 ], [ 92.865051382110863, 12.23602550440377 ], [ 92.860850489757993, 12.245581912333751 ], [ 92.868771985584928, 12.248443883271273 ] ] ], [ [ [ 92.878437149892406, 12.248496493722826 ], [ 92.879218096221962, 12.249940853387887 ], [ 92.880923486118562, 12.248598675942848 ], [ 92.878437149892406, 12.248496493722826 ] ] ], [ [ [ 92.862859108710182, 12.259204876090386 ], [ 92.863050041205881, 12.260011714372189 ], [ 92.864166682235634, 12.259308618942281 ], [ 92.862859108710182, 12.259204876090386 ] ] ], [ [ [ 92.752208357931494, 12.277873925701849 ], [ 92.76125142958044, 12.29391120386617 ], [ 92.763871742126057, 12.265166080887267 ], [ 92.752208357931494, 12.277873925701849 ] ] ], [ [ [ 92.8879093440639, 12.285669372087144 ], [ 92.884518217584642, 12.279758617658688 ], [ 92.876875678593024, 12.284331441809163 ], [ 92.8879093440639, 12.285669372087144 ] ] ], [ [ [ 92.765945516293868, 12.289572788214729 ], [ 92.769877171548373, 12.295092612730667 ], [ 92.771070298352228, 12.293567347946018 ], [ 92.765945516293868, 12.289572788214729 ] ] ], [ [ [ 92.884733211139348, 12.297014360772069 ], [ 92.876032776778345, 12.294787414071363 ], [ 92.879241733951744, 12.300441727778317 ], [ 92.884733211139348, 12.297014360772069 ] ] ], [ [ [ 92.762728660087205, 12.297459776361334 ], [ 92.764914117006668, 12.299469470573541 ], [ 92.765091480069231, 12.297627546257775 ], [ 92.762728660087205, 12.297459776361334 ] ] ], [ [ [ 92.863511201895932, 12.302966505797794 ], [ 92.863224206068708, 12.304333870142464 ], [ 92.865451259454915, 12.303786506551157 ], [ 92.863511201895932, 12.302966505797794 ] ] ], [ [ [ 92.857136833231664, 12.31238665227403 ], [ 92.858414872094514, 12.311842265195484 ], [ 92.857828644215857, 12.311212148006909 ], [ 92.857136833231664, 12.31238665227403 ] ] ], [ [ [ 92.855037179728583, 12.332052794485515 ], [ 92.857199323093099, 12.340091468045332 ], [ 92.858527798164872, 12.338690016046963 ], [ 92.857279327870231, 12.337203040899041 ], [ 92.8579086788518, 12.334825382517987 ], [ 92.870936225696951, 12.328691326590754 ], [ 92.900079117574592, 12.32349909776875 ], [ 92.858226834945057, 12.314064379963288 ], [ 92.861843719684344, 12.321126387973399 ], [ 92.860278242932594, 12.320105169073065 ], [ 92.858445708286979, 12.329803460540155 ], [ 92.855037179728583, 12.332052794485515 ] ] ], [ [ [ 92.894629642632154, 12.400138799062473 ], [ 92.882262403455456, 12.37370097065048 ], [ 92.843905692266603, 12.39530049165737 ], [ 92.851007702785012, 12.408545709761956 ], [ 92.894629642632154, 12.400138799062473 ] ] ], [ [ [ 92.842330796489463, 12.395309679031751 ], [ 92.842220442001803, 12.395849849158864 ], [ 92.842914767082988, 12.395669028374719 ], [ 92.842330796489463, 12.395309679031751 ] ] ], [ [ [ 92.841837694458533, 12.404371260906418 ], [ 92.842097517324518, 12.40380973934268 ], [ 92.841500146663208, 12.403722025001423 ], [ 92.841837694458533, 12.404371260906418 ] ] ], [ [ [ 92.863934391590305, 12.407944661018472 ], [ 92.864134550071782, 12.408536721742813 ], [ 92.864769014278863, 12.407720716405374 ], [ 92.863934391590305, 12.407944661018472 ] ] ], [ [ [ 92.873839117731421, 12.409169839089147 ], [ 92.880594702971706, 12.410694443513032 ], [ 92.877402678711292, 12.408821815984911 ], [ 92.873839117731421, 12.409169839089147 ] ] ], [ [ [ 92.857869423275801, 12.417085855188947 ], [ 92.867617739974804, 12.420359061021976 ], [ 92.868384336248738, 12.414146067521049 ], [ 92.857869423275801, 12.417085855188947 ] ] ], [ [ [ 92.858430001708371, 12.413307713166901 ], [ 92.838277906697897, 12.41131052400727 ], [ 92.832457909048131, 12.42692114715283 ], [ 92.841986670833649, 12.416009068794908 ], [ 92.858430001708371, 12.413307713166901 ] ] ], [ [ [ 92.926384127785582, 12.858140867102966 ], [ 92.941160543872044, 12.855990867648392 ], [ 92.940263183282354, 12.837583634276537 ], [ 92.930413640786313, 12.83840414542324 ], [ 92.929010450014573, 12.831628841835101 ], [ 92.924125803418292, 12.829962404384545 ], [ 92.922556043880675, 12.826075389338161 ], [ 92.924418485151435, 12.801076416733974 ], [ 92.924288697370912, 12.829538659442528 ], [ 92.949109451297943, 12.838187928674037 ], [ 92.951117961249622, 12.795211785462854 ], [ 92.926418099309387, 12.774390289241136 ], [ 92.938941772420264, 12.767527938127103 ], [ 92.949879674659925, 12.770071770807416 ], [ 92.964443356055327, 12.725811907163463 ], [ 92.980049721587321, 12.709395063511074 ], [ 92.963855310010999, 12.704400998744488 ], [ 92.956695720124088, 12.624211098756566 ], [ 92.945536782256681, 12.631346477583106 ], [ 92.929728873368134, 12.616923243334112 ], [ 92.945596237809028, 12.629895625983012 ], [ 92.958797579025855, 12.619609343379006 ], [ 92.975420016101907, 12.543007313335101 ], [ 92.968827091636825, 12.496659734433422 ], [ 92.960069616268868, 12.485670125736103 ], [ 92.945904330356228, 12.499658318473967 ], [ 92.936367977544933, 12.481431354495092 ], [ 92.927209195776513, 12.490380889959328 ], [ 92.934305046394741, 12.470090412632242 ], [ 92.921782513056925, 12.465707841592344 ], [ 92.920311834506848, 12.483284059208609 ], [ 92.911242429889896, 12.489256645158461 ], [ 92.913153379105083, 12.492805118872862 ], [ 92.914286949564456, 12.500025271020309 ], [ 92.910862890669037, 12.489326695059681 ], [ 92.920528255354711, 12.479984400524284 ], [ 92.906648266030246, 12.477409072718341 ], [ 92.913881705453221, 12.475811911224005 ], [ 92.905703774728337, 12.470653672825421 ], [ 92.907787835509893, 12.467218652266807 ], [ 92.907168945343344, 12.469241376023962 ], [ 92.911805366116354, 12.471038501651474 ], [ 92.914870525873894, 12.477651669007038 ], [ 92.921564044759592, 12.464835394624894 ], [ 92.95783698138267, 12.472705385233493 ], [ 92.944637758729812, 12.451268706703379 ], [ 92.91238681029516, 12.450569425796552 ], [ 92.909042067206698, 12.437987419716181 ], [ 92.922883428135478, 12.434654848498777 ], [ 92.91077680470994, 12.40538861887716 ], [ 92.897040445043714, 12.438494467301192 ], [ 92.884451848770198, 12.441760320294302 ], [ 92.89896338289951, 12.451094452962574 ], [ 92.888844673899044, 12.463753624394942 ], [ 92.89628436614089, 12.450104138011019 ], [ 92.883607723141751, 12.442460800317336 ], [ 92.877009511483081, 12.445087815551014 ], [ 92.886217413323052, 12.456484810741284 ], [ 92.880409628225635, 12.471325427569859 ], [ 92.88527458844878, 12.455953588205427 ], [ 92.868775983559559, 12.446158751343892 ], [ 92.843190620471603, 12.470765850815596 ], [ 92.843260820221502, 12.480341567338415 ], [ 92.835488824366465, 12.500637575140326 ], [ 92.84218409402439, 12.497113415715644 ], [ 92.851138326385069, 12.502128563751308 ], [ 92.855146485083935, 12.509764504660719 ], [ 92.835058081150578, 12.501416301664502 ], [ 92.837590434502872, 12.493335152216309 ], [ 92.822529317675404, 12.500023601149248 ], [ 92.836872631469021, 12.491249218881087 ], [ 92.835591048503431, 12.486586855125035 ], [ 92.834142217653877, 12.488756663346727 ], [ 92.832865777717601, 12.489258492173176 ], [ 92.824615145067511, 12.482885729969508 ], [ 92.815803990730544, 12.486809450626513 ], [ 92.824471294237384, 12.482174915964436 ], [ 92.833976570738926, 12.488467365357753 ], [ 92.834873382042346, 12.485800399754073 ], [ 92.84239127125042, 12.479313413608404 ], [ 92.8405067719616, 12.471394409642039 ], [ 92.840843112219801, 12.476389077650476 ], [ 92.833417053654301, 12.481515554951258 ], [ 92.825598940176377, 12.471992222854881 ], [ 92.834796965525356, 12.480159400657929 ], [ 92.839390583890108, 12.464456200721621 ], [ 92.884528848714695, 12.436105714791241 ], [ 92.899264900417037, 12.416802819778681 ], [ 92.884791895053624, 12.431258010101685 ], [ 92.874034374349378, 12.413421654062459 ], [ 92.859550258210746, 12.436826592416633 ], [ 92.845663673004225, 12.423474047903719 ], [ 92.837055265460975, 12.430759205799671 ], [ 92.841696493684736, 12.437452905246957 ], [ 92.836000981565476, 12.443605330711703 ], [ 92.835507680097209, 12.430705103405009 ], [ 92.821496784037777, 12.434075681984003 ], [ 92.815251817211774, 12.454717658301131 ], [ 92.819487944431359, 12.43495696518448 ], [ 92.795848092362434, 12.43788429368931 ], [ 92.799537048077767, 12.464656261222617 ], [ 92.786610212746496, 12.483895105180142 ], [ 92.790968017091672, 12.469095709517326 ], [ 92.771869195318217, 12.471035977161229 ], [ 92.798200862696063, 12.464066300333251 ], [ 92.787242459000169, 12.437087457201423 ], [ 92.829634544958878, 12.428264662170292 ], [ 92.814970514374181, 12.424895515946627 ], [ 92.833942251715527, 12.410484565127158 ], [ 92.8157545695598, 12.416994396782298 ], [ 92.804161111051471, 12.411737452654563 ], [ 92.799130603689093, 12.400798645545947 ], [ 92.815713138004213, 12.416381881885654 ], [ 92.838400507157843, 12.408633136153021 ], [ 92.821649587607979, 12.402288124385601 ], [ 92.819664981624484, 12.389080390382954 ], [ 92.832405516250489, 12.4006308258685 ], [ 92.841550903055875, 12.391393152962859 ], [ 92.839978201818852, 12.391117598810281 ], [ 92.838934253281522, 12.389809174254033 ], [ 92.840876573312912, 12.385334067062496 ], [ 92.837536347836348, 12.389382146514313 ], [ 92.835342415463145, 12.384139002862172 ], [ 92.832399699373809, 12.385725817187867 ], [ 92.828134586676839, 12.381380043771872 ], [ 92.830049443412165, 12.378457605688556 ], [ 92.820106017767642, 12.379165563371792 ], [ 92.823076277066903, 12.374217398513789 ], [ 92.830192021973843, 12.378315264569316 ], [ 92.82995097276482, 12.382961911429133 ], [ 92.835657415268258, 12.383795464116544 ], [ 92.837554702732234, 12.388853226693129 ], [ 92.838710590768002, 12.383528429374104 ], [ 92.841416804435369, 12.385370100501623 ], [ 92.840077046909244, 12.390584204826361 ], [ 92.844863553894413, 12.387717946839093 ], [ 92.842325782801879, 12.391795385842235 ], [ 92.861057519950847, 12.369437672402771 ], [ 92.844609812669873, 12.363166215846872 ], [ 92.883330594953918, 12.357025495691381 ], [ 92.898966529954393, 12.333759059230891 ], [ 92.879528620259251, 12.344852065224288 ], [ 92.871442269353707, 12.329968094081982 ], [ 92.857062289800638, 12.345206012421526 ], [ 92.847894540479331, 12.343478372626324 ], [ 92.859629402491251, 12.34191717277273 ], [ 92.859446630373895, 12.335344887735408 ], [ 92.857750194489228, 12.33554414015404 ], [ 92.858989810448477, 12.338631111543874 ], [ 92.856999395131098, 12.340392048581853 ], [ 92.854722300286994, 12.332337577529708 ], [ 92.855680555542619, 12.330452497234706 ], [ 92.858064116929029, 12.329473551016187 ], [ 92.854208806117754, 12.326841154862667 ], [ 92.831864711638644, 12.335542722595896 ], [ 92.860119455232194, 12.319156009711982 ], [ 92.831450707764006, 12.302676892151519 ], [ 92.809808864764605, 12.315648188084303 ], [ 92.778668908025523, 12.313074250332175 ], [ 92.770434786188872, 12.333759476644415 ], [ 92.752812392022861, 12.296094548566828 ], [ 92.734125049370618, 12.302426354461575 ], [ 92.743604240319243, 12.326528168514193 ], [ 92.74773630127946, 12.344421486582258 ], [ 92.743722769258824, 12.353438678780407 ], [ 92.749871453922182, 12.355901979976455 ], [ 92.748538211678635, 12.360159616640503 ], [ 92.742933225175562, 12.359312767184241 ], [ 92.749178363578068, 12.365617787053232 ], [ 92.742611430813497, 12.359457425572119 ], [ 92.738758790853282, 12.314966615665904 ], [ 92.719477058729638, 12.300342449876021 ], [ 92.699038855890933, 12.328278622214402 ], [ 92.695129052122397, 12.400409285704754 ], [ 92.707369494644581, 12.594005924671496 ], [ 92.683984646197914, 12.609049866574248 ], [ 92.702586501911838, 12.604787207396861 ], [ 92.718239912123252, 12.644334952342815 ], [ 92.722436038399294, 12.615356852016802 ], [ 92.727479630670118, 12.636159624224328 ], [ 92.733301820246268, 12.624066745047923 ], [ 92.734918752847662, 12.627252534771426 ], [ 92.74086212517993, 12.619701854076014 ], [ 92.747661530774948, 12.62045923468264 ], [ 92.728524450029639, 12.636037172557597 ], [ 92.732827933314226, 12.657106768733099 ], [ 92.773145266840473, 12.670389593062183 ], [ 92.778385025301645, 12.641202043014536 ], [ 92.761867741075491, 12.624421384573141 ], [ 92.778487455895217, 12.637888970527515 ], [ 92.778926570886142, 12.579975059574034 ], [ 92.789695155212314, 12.725466031381426 ], [ 92.781245353192261, 12.740382748118854 ], [ 92.761600972312479, 12.722810953543158 ], [ 92.781814240877239, 12.733689270723293 ], [ 92.775783925328611, 12.718378669247285 ], [ 92.783016735663736, 12.692410139364755 ], [ 92.769394161545719, 12.673103239606464 ], [ 92.731955224436177, 12.672596500121367 ], [ 92.726421094702729, 12.694094897337637 ], [ 92.744715133379728, 12.699167299184788 ], [ 92.745840607219549, 12.722818817017661 ], [ 92.740442333073432, 12.739047301405568 ], [ 92.729678327174653, 12.743892593885272 ], [ 92.720003109571394, 12.790293890034361 ], [ 92.731201984365129, 12.797517670033178 ], [ 92.737733333376283, 12.779155309411019 ], [ 92.739037503098857, 12.790924774320525 ], [ 92.731213028107632, 12.801707655983709 ], [ 92.720466296190452, 12.796996833885904 ], [ 92.72207114915669, 12.825227904542514 ], [ 92.730528017973583, 12.83624926467296 ], [ 92.737735802152812, 12.80438565406466 ], [ 92.739118998971421, 12.837019086417111 ], [ 92.742579591934742, 12.820660123094887 ], [ 92.756095203896294, 12.846794896955881 ], [ 92.753441482216772, 12.8189400758595 ], [ 92.765537473350918, 12.818835053253565 ], [ 92.772698917576321, 12.842563068003301 ], [ 92.772102981965546, 12.831719694853859 ], [ 92.779305346463858, 12.824115059019272 ], [ 92.779428033524795, 12.799101602724789 ], [ 92.786592441338456, 12.786147336008025 ], [ 92.780375030923963, 12.77631187800848 ], [ 92.783831540462728, 12.762146259220255 ], [ 92.793378462901103, 12.774363640222294 ], [ 92.780415880742183, 12.805052129168201 ], [ 92.789833001360179, 12.814713578146725 ], [ 92.792202752095932, 12.809682808187485 ], [ 92.790341881023423, 12.807497414944459 ], [ 92.79202056257202, 12.799639470952362 ], [ 92.794936073845321, 12.798651722058157 ], [ 92.792446443087996, 12.793424457244271 ], [ 92.794666376442038, 12.793668497043274 ], [ 92.800629723054229, 12.812828397316631 ], [ 92.789213638112514, 12.828858878602528 ], [ 92.78207172793941, 12.809181191697451 ], [ 92.785669021324026, 12.832924543068602 ], [ 92.781796871675496, 12.859983334273421 ], [ 92.793005171040335, 12.844506877420532 ], [ 92.788396359554014, 12.861490702961593 ], [ 92.800410703954626, 12.848459299878318 ], [ 92.792756937903107, 12.863678290759264 ], [ 92.804398784555914, 12.86107195699255 ], [ 92.790790309117412, 12.889935556653805 ], [ 92.808836349646725, 12.897489713162683 ], [ 92.829750696143066, 12.884618795844696 ], [ 92.834132572770059, 12.885675637318036 ], [ 92.840692571652866, 12.891609018779631 ], [ 92.839601939951152, 12.876677669052686 ], [ 92.847696816784548, 12.876067035235943 ], [ 92.844395488073147, 12.875132217548634 ], [ 92.842404429062483, 12.871952783400866 ], [ 92.843203442901057, 12.870513027974933 ], [ 92.841445337018058, 12.868045549339051 ], [ 92.838856818652857, 12.871519647989347 ], [ 92.836351621883608, 12.865856665419674 ], [ 92.839739251817079, 12.861385758751172 ], [ 92.838378423823769, 12.864179374364486 ], [ 92.842557949446459, 12.868502863057216 ], [ 92.843707609504278, 12.870911360826316 ], [ 92.842775329411978, 12.871925659807619 ], [ 92.844505967506819, 12.874833860097578 ], [ 92.853880118424172, 12.877111614164418 ], [ 92.852675090647509, 12.873538828891292 ], [ 92.84971173772233, 12.873988112827437 ], [ 92.846706984726922, 12.869326344744684 ], [ 92.851076035890728, 12.86631872515474 ], [ 92.845058798983402, 12.862224598394496 ], [ 92.84955723634171, 12.845100410254949 ], [ 92.836250609353527, 12.847110855328078 ], [ 92.82593641388506, 12.830991509293327 ], [ 92.823440769306714, 12.82310450120718 ], [ 92.828405261069975, 12.810057398271267 ], [ 92.826175795672, 12.830885721280108 ], [ 92.850074782730957, 12.845001126204414 ], [ 92.845468177124346, 12.861987876734876 ], [ 92.851894394885235, 12.8663391153218 ], [ 92.849755576047258, 12.873139870051197 ], [ 92.852846998986124, 12.872980888845602 ], [ 92.854748683599027, 12.877571331157856 ], [ 92.86055840209724, 12.877316536646431 ], [ 92.862198900119239, 12.878253979540268 ], [ 92.862426349111402, 12.8635899898561 ], [ 92.864610191101889, 12.868817030430575 ], [ 92.862486923507518, 12.878278788107973 ], [ 92.861897234790831, 12.87844167027162 ], [ 92.860505529660216, 12.877653357677213 ], [ 92.860312153844092, 12.878069242035265 ], [ 92.874324312879637, 12.882337226791634 ], [ 92.871314695560116, 12.892373741797716 ], [ 92.891078165679673, 12.895207289246427 ], [ 92.900113188678716, 12.902843982667193 ], [ 92.892405853090381, 12.915658362775254 ], [ 92.897491674249537, 12.926809156491947 ], [ 92.902141682901487, 12.920075645930524 ], [ 92.899003616412344, 12.919352275320183 ], [ 92.897391758577513, 12.91411056142635 ], [ 92.900359451789527, 12.911529876350881 ], [ 92.922321033994905, 12.915389839520584 ], [ 92.905887142948828, 12.887016102816776 ], [ 92.924625803885476, 12.887903917182321 ], [ 92.926384127785582, 12.858140867102966 ] ] ], [ [ [ 92.780990413173768, 12.655836793343664 ], [ 92.781798494057256, 12.647607430830005 ], [ 92.779415821512671, 12.648556828476975 ], [ 92.780990413173768, 12.655836793343664 ] ] ], [ [ [ 92.772600720018701, 12.673969142683287 ], [ 92.781991510141566, 12.6882423736396 ], [ 92.776333340920871, 12.676117670379091 ], [ 92.772600720018701, 12.673969142683287 ] ] ], [ [ [ 92.782471180336074, 12.718719859628244 ], [ 92.780987802108655, 12.711549167042275 ], [ 92.776843408940209, 12.716977934358964 ], [ 92.782471180336074, 12.718719859628244 ] ] ], [ [ [ 92.780763802732096, 12.718736588214302 ], [ 92.781905168765917, 12.719034091474425 ], [ 92.781970500996295, 12.718694616025326 ], [ 92.780763802732096, 12.718736588214302 ] ] ], [ [ [ 92.783638965198008, 12.824653890188976 ], [ 92.774533412884409, 12.841793160753788 ], [ 92.768033774573752, 12.86207599658043 ], [ 92.783638965198008, 12.824653890188976 ] ] ], [ [ [ 92.756889414317527, 12.845637919444528 ], [ 92.759746092042448, 12.859713470519095 ], [ 92.765387503808228, 12.836070127357008 ], [ 92.756889414317527, 12.845637919444528 ] ] ], [ [ [ 92.765797699427054, 12.856595363821437 ], [ 92.762796377888549, 12.855469525958787 ], [ 92.760247169940271, 12.868344379138362 ], [ 92.765797699427054, 12.856595363821437 ] ] ], [ [ [ 92.759681556426386, 12.877866455348165 ], [ 92.755950094079324, 12.8762002865304 ], [ 92.755918105909615, 12.878821687151627 ], [ 92.759681556426386, 12.877866455348165 ] ] ], [ [ [ 92.831409345490073, 12.885211039611129 ], [ 92.831273528780628, 12.885554576765962 ], [ 92.831966962834798, 12.885809938248638 ], [ 92.831409345490073, 12.885211039611129 ] ] ], [ [ [ 92.83046947968181, 12.885721981576825 ], [ 92.831033945674307, 12.885728766586986 ], [ 92.830566238748176, 12.885482411455195 ], [ 92.83046947968181, 12.885721981576825 ] ] ], [ [ [ 92.835425201196458, 12.887669246553369 ], [ 92.834973549328581, 12.886964168932526 ], [ 92.833925285489769, 12.886919106740597 ], [ 92.835425201196458, 12.887669246553369 ] ] ], [ [ [ 92.789477001869102, 12.885208737002015 ], [ 92.783224824671152, 12.882817572437251 ], [ 92.781452838875822, 12.892069862060007 ], [ 92.789477001869102, 12.885208737002015 ] ] ], [ [ [ 92.78194344125663, 12.895545718902868 ], [ 92.787594570193974, 12.905666028113698 ], [ 92.773513036301665, 12.906275573990543 ], [ 92.793133181800329, 12.912351070881819 ], [ 92.800450087158012, 12.897728908345769 ], [ 92.78194344125663, 12.895545718902868 ] ] ], [ [ [ 92.880435346552758, 12.903575779107014 ], [ 92.878726037835776, 12.902219526498259 ], [ 92.879209318163149, 12.905745127335061 ], [ 92.880435346552758, 12.903575779107014 ] ] ], [ [ [ 92.877386208415061, 12.910347904157064 ], [ 92.878662980902135, 12.912915671050341 ], [ 92.879460098390581, 12.912053344387198 ], [ 92.877386208415061, 12.910347904157064 ] ] ], [ [ [ 92.862404878105437, 12.913970876972229 ], [ 92.862619396035413, 12.914752809285202 ], [ 92.863964787283891, 12.914431484372153 ], [ 92.862404878105437, 12.913970876972229 ] ] ], [ [ [ 92.76818815687092, 12.916158238662474 ], [ 92.767053505962693, 12.917141861287117 ], [ 92.76742526777555, 12.917769211011276 ], [ 92.76818815687092, 12.916158238662474 ] ] ], [ [ [ 92.766355559798768, 12.920890203083411 ], [ 92.763849135856034, 12.917744088358688 ], [ 92.761240381535075, 12.92212140085223 ], [ 92.766355559798768, 12.920890203083411 ] ] ], [ [ [ 92.771832564714714, 12.917591123242758 ], [ 92.768721138442999, 12.928603744301515 ], [ 92.775147445487306, 12.9268957036498 ], [ 92.771832564714714, 12.917591123242758 ] ] ], [ [ [ 92.858476703934386, 12.931988497034189 ], [ 92.87481898139302, 12.934888801250066 ], [ 92.885534502654025, 12.923549412751834 ], [ 92.862677880799552, 12.918047836148141 ], [ 92.858476703934386, 12.931988497034189 ] ] ], [ [ [ 92.765735012886665, 12.928212483226265 ], [ 92.762479602172945, 12.92548432975352 ], [ 92.759213880952174, 12.931558748029513 ], [ 92.765735012886665, 12.928212483226265 ] ] ], [ [ [ 92.877838781229684, 12.961531632517199 ], [ 92.877711334392544, 12.962700070360425 ], [ 92.878857184275319, 12.961960673812181 ], [ 92.877838781229684, 12.961531632517199 ] ] ], [ [ [ 92.883022899889994, 12.96522469992351 ], [ 92.883061900370308, 12.965497000162747 ], [ 92.88326430039838, 12.965450400230326 ], [ 92.883022899889994, 12.96522469992351 ] ] ], [ [ [ 92.881599190109824, 12.966475253057935 ], [ 92.882262239787295, 12.966452726267779 ], [ 92.881972720700333, 12.965485394184023 ], [ 92.881599190109824, 12.966475253057935 ] ] ], [ [ [ 92.886678867210662, 12.980397211753425 ], [ 92.887098416011412, 12.979644644799578 ], [ 92.885844657385306, 12.979904446312055 ], [ 92.886678867210662, 12.980397211753425 ] ] ], [ [ [ 92.830863850480526, 13.001378053186928 ], [ 92.832509390397533, 13.002793029972493 ], [ 92.833078493409005, 13.002052000754315 ], [ 92.830863850480526, 13.001378053186928 ] ] ], [ [ [ 92.786725699987656, 13.010841599984188 ], [ 92.786242699831035, 13.011531600413672 ], [ 92.787484699911857, 13.011738600426526 ], [ 92.786725699987656, 13.010841599984188 ] ] ], [ [ [ 92.784739066948688, 13.013220333143455 ], [ 92.784467278371224, 13.013138915041466 ], [ 92.784457915608215, 13.013495878457842 ], [ 92.784739066948688, 13.013220333143455 ] ] ], [ [ [ 92.785501877519764, 13.055675276659226 ], [ 92.785654039772268, 13.055449418169424 ], [ 92.785276075292487, 13.05525960867708 ], [ 92.785501877519764, 13.055675276659226 ] ] ], [ [ [ 92.787476170106871, 13.060505883983984 ], [ 92.787960081631866, 13.060912557423833 ], [ 92.787821907241607, 13.060248374671191 ], [ 92.787476170106871, 13.060505883983984 ] ] ], [ [ [ 92.794895055212493, 13.07697450976441 ], [ 92.795351480404108, 13.076382606356734 ], [ 92.794512667245243, 13.075880907360512 ], [ 92.794895055212493, 13.07697450976441 ] ] ], [ [ [ 92.79359100231035, 13.092734880407775 ], [ 92.792673642748028, 13.092660239742218 ], [ 92.792881057695851, 13.093387678358347 ], [ 92.79359100231035, 13.092734880407775 ] ] ], [ [ [ 92.793300512217371, 13.093882520953004 ], [ 92.792927133230933, 13.093638484834182 ], [ 92.792791055950985, 13.094115223992494 ], [ 92.793300512217371, 13.093882520953004 ] ] ], [ [ [ 92.840575526501254, 13.143945855671976 ], [ 92.84075994335997, 13.143349325475533 ], [ 92.840045254085098, 13.14361148126995 ], [ 92.840575526501254, 13.143945855671976 ] ] ], [ [ [ 92.808568199604167, 13.149904144220875 ], [ 92.808711220136146, 13.149280575818938 ], [ 92.807676079870888, 13.148083116897737 ], [ 92.808568199604167, 13.149904144220875 ] ] ], [ [ [ 92.804754723588061, 13.152508937340325 ], [ 92.804201404453778, 13.15219705902501 ], [ 92.80336212345884, 13.15299679896356 ], [ 92.804754723588061, 13.152508937340325 ] ] ], [ [ [ 92.806459699938515, 13.152429700297184 ], [ 92.806252699646109, 13.15270570002833 ], [ 92.807218700047102, 13.15291269945568 ], [ 92.806459699938515, 13.152429700297184 ] ] ], [ [ [ 92.80927548411762, 13.163134834412322 ], [ 92.809552193718815, 13.164002459767641 ], [ 92.809801223102568, 13.163256835684491 ], [ 92.80927548411762, 13.163134834412322 ] ] ], [ [ [ 92.809222385009591, 13.167011874859684 ], [ 92.809540534076163, 13.167400491856991 ], [ 92.81042821758318, 13.166447076283006 ], [ 92.809222385009591, 13.167011874859684 ] ] ], [ [ [ 92.810605749153041, 13.168729059847314 ], [ 92.809900166378512, 13.168525648741536 ], [ 92.810375189231948, 13.168982098203696 ], [ 92.810605749153041, 13.168729059847314 ] ] ], [ [ [ 92.792461735184588, 13.169353327740632 ], [ 92.793141620570879, 13.171395920598119 ], [ 92.796097782058382, 13.170729712788432 ], [ 92.792461735184588, 13.169353327740632 ] ] ], [ [ [ 92.792173327632199, 13.170846711738443 ], [ 92.791541462542781, 13.171275943337474 ], [ 92.792127060326749, 13.171741476602699 ], [ 92.792173327632199, 13.170846711738443 ] ] ], [ [ [ 92.754536177727516, 13.202018199029331 ], [ 92.755269385432143, 13.202705316855836 ], [ 92.755348004379243, 13.201697695933648 ], [ 92.754536177727516, 13.202018199029331 ] ] ], [ [ [ 92.822485541330337, 13.206941772168921 ], [ 92.822725429293214, 13.20819792236979 ], [ 92.826014010435344, 13.208724322967951 ], [ 92.822485541330337, 13.206941772168921 ] ] ], [ [ [ 92.825525224421042, 13.211286475179694 ], [ 92.826618307287163, 13.211236705194827 ], [ 92.826198564140199, 13.209212270914941 ], [ 92.825525224421042, 13.211286475179694 ] ] ], [ [ [ 92.827826701623238, 13.210328354901035 ], [ 92.827706900520724, 13.211652416504817 ], [ 92.828684607079083, 13.210884117720246 ], [ 92.827826701623238, 13.210328354901035 ] ] ], [ [ [ 92.838692408346063, 13.248895584810931 ], [ 92.839183686296678, 13.249155414444726 ], [ 92.839384273186141, 13.248872871959117 ], [ 92.838692408346063, 13.248895584810931 ] ] ], [ [ [ 92.839510700095531, 13.249098699563092 ], [ 92.839855699555699, 13.249995700082753 ], [ 92.840407699481943, 13.249719699818483 ], [ 92.839510700095531, 13.249098699563092 ] ] ], [ [ [ 92.816755648419459, 13.281616104834402 ], [ 92.813067312430192, 13.287138347332846 ], [ 92.819195792067234, 13.285706984429437 ], [ 92.816755648419459, 13.281616104834402 ] ] ], [ [ [ 92.800086575606471, 13.286899896263167 ], [ 92.800326794302251, 13.28603218036951 ], [ 92.79976389348667, 13.285783433538715 ], [ 92.800086575606471, 13.286899896263167 ] ] ], [ [ [ 92.793004699378486, 13.28711769962818 ], [ 92.792728699383957, 13.287738699527681 ], [ 92.793625700222918, 13.288083700095751 ], [ 92.793004699378486, 13.28711769962818 ] ] ], [ [ [ 92.816119700081885, 13.298502699822597 ], [ 92.816671699685742, 13.299123700229824 ], [ 92.817223699966675, 13.2987096994244 ], [ 92.816119700081885, 13.298502699822597 ] ] ], [ [ [ 92.828907998948793, 13.368618309635982 ], [ 92.829235605647099, 13.369368635494778 ], [ 92.829817316429711, 13.36894388609193 ], [ 92.828907998948793, 13.368618309635982 ] ] ], [ [ [ 92.807669748498114, 13.400536163483981 ], [ 92.810787076951058, 13.432025499940616 ], [ 92.817576452412482, 13.403987073118742 ], [ 92.807669748498114, 13.400536163483981 ] ] ], [ [ [ 92.846775866085821, 13.420384733828737 ], [ 92.847228413528612, 13.419742988035836 ], [ 92.846041838657072, 13.41957111317835 ], [ 92.846775866085821, 13.420384733828737 ] ] ], [ [ [ 92.86118120450638, 13.421249118329042 ], [ 92.861541279592515, 13.422451368329622 ], [ 92.862977250834689, 13.421597216013463 ], [ 92.86118120450638, 13.421249118329042 ] ] ], [ [ [ 92.820809188917963, 13.420615645190301 ], [ 92.824175780671609, 13.439630563272134 ], [ 92.841185107947041, 13.450466963308259 ], [ 92.838691254699754, 13.420740794428401 ], [ 92.820809188917963, 13.420615645190301 ] ] ], [ [ [ 92.869306750797747, 13.453822614885024 ], [ 92.869745430117391, 13.454224871956367 ], [ 92.869810084783069, 13.453890417656265 ], [ 92.869306750797747, 13.453822614885024 ] ] ], [ [ [ 92.870629700283104, 13.455132700353285 ], [ 92.871043699705524, 13.455063700053323 ], [ 92.870491699908754, 13.454649700066717 ], [ 92.870629700283104, 13.455132700353285 ] ] ], [ [ [ 92.867196157838876, 13.464204221232242 ], [ 92.866905271394614, 13.462663011032028 ], [ 92.864642453067958, 13.46365726317557 ], [ 92.867196157838876, 13.464204221232242 ] ] ], [ [ [ 92.872513386921668, 13.501760038395684 ], [ 92.867349310748864, 13.512765447399861 ], [ 92.873746630405961, 13.513551921129205 ], [ 92.872513386921668, 13.501760038395684 ] ] ], [ [ [ 92.877724103551131, 13.538206763261574 ], [ 92.875696109151761, 13.535278046919899 ], [ 92.873266293568278, 13.538301740468849 ], [ 92.877724103551131, 13.538206763261574 ] ] ], [ [ [ 93.007104254971466, 12.002990604817088 ], [ 93.054086782074137, 11.90278642844596 ], [ 93.044104553770538, 11.883717332241568 ], [ 93.025437742457356, 11.88577719747796 ], [ 92.992334043117495, 11.934518968517166 ], [ 93.004284168507539, 11.947945088322271 ], [ 93.009409634557002, 11.942721845246373 ], [ 93.012806205840619, 11.943812528381764 ], [ 93.015379239905059, 11.938267242908305 ], [ 93.006937812015238, 11.958220708596857 ], [ 92.975086997543059, 11.94554606370067 ], [ 92.958442953933528, 11.980949582083923 ], [ 92.922950858010083, 11.998442292483587 ], [ 92.949422681217968, 12.01379499172965 ], [ 92.964012404053861, 12.050091375000047 ], [ 92.97481822162608, 12.016249450047139 ], [ 92.972962133728842, 12.043158540504319 ], [ 93.014783618748467, 12.027297714659378 ], [ 93.007104254971466, 12.002990604817088 ] ] ], [ [ [ 92.971158699970943, 12.035962657144294 ], [ 92.971914256397682, 12.036631487588267 ], [ 92.97215069133965, 12.036075524190261 ], [ 92.971158699970943, 12.035962657144294 ] ] ], [ [ [ 92.989649519758615, 12.036886305895909 ], [ 92.988772427393215, 12.037291056606774 ], [ 92.989606118450027, 12.03800062801481 ], [ 92.989649519758615, 12.036886305895909 ] ] ], [ [ [ 92.977478540795303, 12.041946571397293 ], [ 92.977425712898949, 12.041975958912715 ], [ 92.977570407326297, 12.04200753070479 ], [ 92.977478540795303, 12.041946571397293 ] ] ], [ [ [ 92.977150251997628, 12.042357928317971 ], [ 92.977269678913103, 12.042425672691605 ], [ 92.977269602500414, 12.04223133049455 ], [ 92.977150251997628, 12.042357928317971 ] ] ], [ [ [ 92.976798929092425, 12.042450595425628 ], [ 92.976854019922158, 12.04246443795671 ], [ 92.976798935611995, 12.042369295812833 ], [ 92.976798929092425, 12.042450595425628 ] ] ], [ [ [ 92.976247871764187, 12.042613422294586 ], [ 92.9761446000809, 12.042710630002839 ], [ 92.97623876517396, 12.042751332834104 ], [ 92.976247871764187, 12.042613422294586 ] ] ], [ [ [ 92.97570369904615, 12.042828247507497 ], [ 92.975699100147494, 12.042889289763586 ], [ 92.97587595428088, 12.042880170682292 ], [ 92.97570369904615, 12.042828247507497 ] ] ], [ [ [ 92.974323701941984, 12.042803531295178 ], [ 92.974247994803918, 12.042860045886755 ], [ 92.97433067357133, 12.042916574085103 ], [ 92.974323701941984, 12.042803531295178 ] ] ], [ [ [ 92.975138863826871, 12.04294585389046 ], [ 92.975247485185434, 12.042917432561795 ], [ 92.975258088987303, 12.042861093869522 ], [ 92.975138863826871, 12.04294585389046 ] ] ], [ [ [ 92.977081487344975, 12.042911648025713 ], [ 92.977811734160809, 12.043417861027077 ], [ 92.977721659393737, 12.042481517714149 ], [ 92.977081487344975, 12.042911648025713 ] ] ], [ [ [ 92.974927605464401, 12.04301206281561 ], [ 92.974844651435376, 12.043045499544364 ], [ 92.974890888331586, 12.043110874076939 ], [ 92.974927605464401, 12.04301206281561 ] ] ], [ [ [ 92.978509700315144, 12.043187217051454 ], [ 92.978716401893948, 12.043309226681732 ], [ 92.978681959023007, 12.043182616887934 ], [ 92.978509700315144, 12.043187217051454 ] ] ], [ [ [ 92.978351230119117, 12.043078684855168 ], [ 92.978153790934272, 12.043164672482751 ], [ 92.978174510736537, 12.043734134140687 ], [ 92.978351230119117, 12.043078684855168 ] ] ], [ [ [ 92.978801443785656, 12.043727307405128 ], [ 92.978856471724711, 12.043768005864345 ], [ 92.978860516453565, 12.043604732721951 ], [ 92.978801443785656, 12.043727307405128 ] ] ], [ [ [ 92.978254965035447, 12.044059610606173 ], [ 92.978303198380701, 12.044055092708142 ], [ 92.978254972823379, 12.043957872836909 ], [ 92.978254965035447, 12.044059610606173 ] ] ], [ [ [ 92.978624659360406, 12.04403467759769 ], [ 92.978691247927131, 12.044285545192443 ], [ 92.978753261292383, 12.044278767980773 ], [ 92.978624659360406, 12.04403467759769 ] ] ], [ [ [ 92.970721374346553, 12.063535974432424 ], [ 92.968135570276317, 12.062532793551032 ], [ 92.96715530804444, 12.065000973867656 ], [ 92.970721374346553, 12.063535974432424 ] ] ], [ [ [ 92.964599467464822, 12.064635137954932 ], [ 92.961520198356723, 12.066269415960662 ], [ 92.962973739228005, 12.066201511491961 ], [ 92.964599467464822, 12.064635137954932 ] ] ], [ [ [ 92.957514630580079, 12.087182552527675 ], [ 92.960087655039075, 12.097244344457735 ], [ 92.957888383659352, 12.108549529967325 ], [ 93.005027574046892, 12.100635363493282 ], [ 92.99414217896441, 12.04368386022449 ], [ 92.974924208299001, 12.067221710569054 ], [ 92.956438842698915, 12.073072804925157 ], [ 92.96981348709663, 12.093663292525962 ], [ 92.957514630580079, 12.087182552527675 ] ] ], [ [ [ 92.956881031472562, 12.089806559149304 ], [ 92.955824657523252, 12.091189845405681 ], [ 92.957597634052036, 12.091180619176162 ], [ 92.956881031472562, 12.089806559149304 ] ] ], [ [ [ 92.95729968428337, 12.099226688835678 ], [ 92.95013087881857, 12.07923652014424 ], [ 92.945683935669109, 12.119875556933547 ], [ 92.95729968428337, 12.099226688835678 ] ] ], [ [ [ 92.990897315415921, 12.110199413468651 ], [ 92.991400584985811, 12.111483035589059 ], [ 92.992668198326186, 12.110745946166441 ], [ 92.990897315415921, 12.110199413468651 ] ] ], [ [ [ 92.975990500758925, 12.110034057578567 ], [ 92.976099679910178, 12.112132052148354 ], [ 92.977704910532239, 12.110859333721605 ], [ 92.975990500758925, 12.110034057578567 ] ] ], [ [ [ 92.971945381046979, 12.115812035181154 ], [ 92.972583896163101, 12.116541981882472 ], [ 92.973072992814892, 12.11534406153026 ], [ 92.971945381046979, 12.115812035181154 ] ] ], [ [ [ 92.962588112223443, 12.113970494183651 ], [ 92.959464898544638, 12.119289411178189 ], [ 92.962834101481036, 12.11679843884234 ], [ 92.962588112223443, 12.113970494183651 ] ] ], [ [ [ 92.960110351931917, 12.120168511450323 ], [ 92.960278070508195, 12.120767382631428 ], [ 92.960983156528854, 12.11980228852215 ], [ 92.960110351931917, 12.120168511450323 ] ] ], [ [ [ 92.958236604634351, 12.125918336788819 ], [ 92.956741168066529, 12.123276384329694 ], [ 92.955930503904199, 12.125726451873868 ], [ 92.958236604634351, 12.125918336788819 ] ] ], [ [ [ 92.957371127450827, 12.131038253273795 ], [ 92.957542239778576, 12.130526803093181 ], [ 92.955783848617514, 12.130202139046341 ], [ 92.957371127450827, 12.131038253273795 ] ] ], [ [ [ 92.956603062309483, 12.149964389346458 ], [ 92.987548709860377, 12.146549931266277 ], [ 92.990746337939427, 12.158398918307368 ], [ 92.997842606836656, 12.145949099231469 ], [ 92.993174271991919, 12.136120746486547 ], [ 93.000970362498975, 12.110970161476937 ], [ 92.958824376089566, 12.122968859354671 ], [ 92.956603062309483, 12.149964389346458 ] ] ], [ [ [ 92.987687538053748, 12.151958274665214 ], [ 92.988110082653009, 12.150959279626813 ], [ 92.987386490070151, 12.150923258128909 ], [ 92.987687538053748, 12.151958274665214 ] ] ], [ [ [ 92.98385896222959, 12.155751389301319 ], [ 92.985414387810948, 12.156917329890444 ], [ 92.985797783987053, 12.156139806841134 ], [ 92.98385896222959, 12.155751389301319 ] ] ], [ [ [ 92.932322161838243, 12.195440372180625 ], [ 92.923457633558641, 12.212892455226275 ], [ 92.934339123254162, 12.225906268684334 ], [ 92.940701387825584, 12.215959675457604 ], [ 92.932322161838243, 12.195440372180625 ] ] ], [ [ [ 92.877490148001854, 12.209308215144558 ], [ 92.87732021419184, 12.248959555614112 ], [ 92.879119561945586, 12.238251651240088 ], [ 92.884648038356431, 12.238569160875798 ], [ 92.900671062724967, 12.264079345867694 ], [ 92.897191210096096, 12.256207144151588 ], [ 92.913508229643384, 12.22108688010783 ], [ 92.891044187948197, 12.231315468481412 ], [ 92.877490148001854, 12.209308215144558 ] ] ], [ [ [ 92.911456413499408, 12.245631170033308 ], [ 92.912168654243345, 12.245136566547567 ], [ 92.911081992365169, 12.24407842082568 ], [ 92.911456413499408, 12.245631170033308 ] ] ], [ [ [ 92.910403549831244, 12.249369207049581 ], [ 92.911584748033462, 12.249034805544092 ], [ 92.91031181124346, 12.247931758448518 ], [ 92.910403549831244, 12.249369207049581 ] ] ], [ [ [ 92.905764078646882, 12.249309976608808 ], [ 92.906839362939849, 12.25084017920417 ], [ 92.907868976991708, 12.249380225172372 ], [ 92.905764078646882, 12.249309976608808 ] ] ], [ [ [ 92.910720628539138, 12.25028909381362 ], [ 92.911444410884727, 12.251371707919631 ], [ 92.91181903875129, 12.250370562474636 ], [ 92.910720628539138, 12.25028909381362 ] ] ], [ [ [ 92.907850344032695, 12.251165710388289 ], [ 92.90625089271289, 12.251177992337553 ], [ 92.906163494817491, 12.252677170711989 ], [ 92.907850344032695, 12.251165710388289 ] ] ], [ [ [ 92.908592210799938, 12.255278716286655 ], [ 92.907744349334322, 12.253800595523499 ], [ 92.905915178014013, 12.254191372244913 ], [ 92.908592210799938, 12.255278716286655 ] ] ], [ [ [ 92.904931547279972, 12.254754067072101 ], [ 92.905218846593925, 12.25456642795678 ], [ 92.904699498338147, 12.254446608585429 ], [ 92.904931547279972, 12.254754067072101 ] ] ], [ [ [ 92.917524065953017, 12.254754412622225 ], [ 92.918354304274416, 12.255195006787918 ], [ 92.918802229530129, 12.254382438830767 ], [ 92.917524065953017, 12.254754412622225 ] ] ], [ [ [ 92.919231180193776, 12.255481239222668 ], [ 92.920298983585923, 12.256839163818343 ], [ 92.920474260921779, 12.255589663064733 ], [ 92.919231180193776, 12.255481239222668 ] ] ], [ [ [ 92.917772800923061, 12.256593938616128 ], [ 92.9191438798305, 12.256795531515642 ], [ 92.919049737112445, 12.256309380390285 ], [ 92.917772800923061, 12.256593938616128 ] ] ], [ [ [ 92.906898439063085, 12.256272997235014 ], [ 92.907677100984088, 12.258274409123464 ], [ 92.908509292879856, 12.256582810338628 ], [ 92.906898439063085, 12.256272997235014 ] ] ], [ [ [ 92.900817717713409, 12.258186604363907 ], [ 92.900701692980931, 12.257727017458175 ], [ 92.899841129714673, 12.257795496228811 ], [ 92.900817717713409, 12.258186604363907 ] ] ], [ [ [ 92.901298680354429, 12.257963650696919 ], [ 92.902194866638268, 12.260838449917236 ], [ 92.902973826556192, 12.260054430083043 ], [ 92.901298680354429, 12.257963650696919 ] ] ], [ [ [ 92.915667397046306, 12.26144552220388 ], [ 92.916377884575581, 12.262353451647629 ], [ 92.917336765824857, 12.261416731779422 ], [ 92.915667397046306, 12.26144552220388 ] ] ], [ [ [ 92.912533678401928, 12.261863567049886 ], [ 92.913077786962063, 12.262534740154056 ], [ 92.914464462195411, 12.26135351897479 ], [ 92.912533678401928, 12.261863567049886 ] ] ], [ [ [ 92.914489296445822, 12.263877543303867 ], [ 92.915665947227694, 12.263543934945586 ], [ 92.914106793205391, 12.263208588287663 ], [ 92.914489296445822, 12.263877543303867 ] ] ], [ [ [ 92.901941840399388, 12.264159368652804 ], [ 92.902092407909876, 12.263885609218386 ], [ 92.902051343510422, 12.263639226314064 ], [ 92.901941840399388, 12.264159368652804 ] ] ], [ [ [ 92.913390749750576, 12.304096763764255 ], [ 92.927538349976544, 12.278086463401737 ], [ 92.933485769872163, 12.311009034127489 ], [ 92.943015065343388, 12.274797905678232 ], [ 92.922151740182329, 12.229277981252647 ], [ 92.919865314795018, 12.269136204129746 ], [ 92.900365472293487, 12.271220405489323 ], [ 92.913390749750576, 12.304096763764255 ] ] ], [ [ [ 92.889715768513781, 12.272339717071819 ], [ 92.883979294633818, 12.274219078670859 ], [ 92.888128516439892, 12.280724376820814 ], [ 92.889715768513781, 12.272339717071819 ] ] ], [ [ [ 92.890911708138006, 12.293677313851079 ], [ 92.887220718395881, 12.293464222967966 ], [ 92.888383047188455, 12.296576542212554 ], [ 92.890911708138006, 12.293677313851079 ] ] ], [ [ [ 92.903923651552489, 12.341108838371635 ], [ 92.905958112200338, 12.340078529963604 ], [ 92.904259491668569, 12.338081844240419 ], [ 92.903923651552489, 12.341108838371635 ] ] ], [ [ [ 92.90674181486105, 12.341671927953099 ], [ 92.913931024024947, 12.356365305731554 ], [ 92.912728710620101, 12.330634363600907 ], [ 92.90674181486105, 12.341671927953099 ] ] ], [ [ [ 92.897256435273277, 12.393307001874415 ], [ 92.89658760386142, 12.392014218634065 ], [ 92.894356720950711, 12.39568414943523 ], [ 92.897256435273277, 12.393307001874415 ] ] ], [ [ [ 92.956180902644491, 12.434615116763704 ], [ 92.930186339878659, 12.356770682359471 ], [ 92.916130465846422, 12.363579604957254 ], [ 92.934997590106121, 12.421497195494227 ], [ 92.947336068155465, 12.415577944972043 ], [ 92.956180902644491, 12.434615116763704 ] ] ], [ [ [ 92.897065608386782, 12.40832961235191 ], [ 92.897515732110477, 12.412187568094774 ], [ 92.898506842457536, 12.411930027797286 ], [ 92.897065608386782, 12.40832961235191 ] ] ], [ [ [ 92.901533437321106, 12.4118933157842 ], [ 92.901373780782535, 12.412502871776935 ], [ 92.902406452637806, 12.412524941330743 ], [ 92.901533437321106, 12.4118933157842 ] ] ], [ [ [ 92.888430106220468, 12.412678096626149 ], [ 92.888233154186068, 12.412807552212755 ], [ 92.888651623935203, 12.412889020544201 ], [ 92.888430106220468, 12.412678096626149 ] ] ], [ [ [ 92.889436655832341, 12.414054388729918 ], [ 92.888279067790265, 12.413230245461019 ], [ 92.887998360978372, 12.4141386913128 ], [ 92.889436655832341, 12.414054388729918 ] ] ], [ [ [ 92.888184526736907, 12.414455094226325 ], [ 92.88797064180973, 12.414421185760698 ], [ 92.887871802279633, 12.41471495623037 ], [ 92.888184526736907, 12.414455094226325 ] ] ], [ [ [ 92.898299013060097, 12.421647391712135 ], [ 92.898604360178368, 12.425627352270318 ], [ 92.90083028574962, 12.426122696512175 ], [ 92.898299013060097, 12.421647391712135 ] ] ], [ [ [ 92.915296845243745, 12.44214096497031 ], [ 92.915920944441169, 12.441826909992951 ], [ 92.914847578441865, 12.441574373266882 ], [ 92.915296845243745, 12.44214096497031 ] ] ], [ [ [ 92.968422341532815, 12.741561672714335 ], [ 92.96894714217585, 12.741245106008927 ], [ 92.968191815051568, 12.740703012876029 ], [ 92.968422341532815, 12.741561672714335 ] ] ], [ [ [ 92.96830340414644, 12.742444785011456 ], [ 92.968334954495035, 12.741841925229435 ], [ 92.96711981380983, 12.74313047031648 ], [ 92.96830340414644, 12.742444785011456 ] ] ], [ [ [ 92.9605989043758, 12.755888356961755 ], [ 92.96077380399025, 12.755287107408025 ], [ 92.960400779542439, 12.755345950337714 ], [ 92.9605989043758, 12.755888356961755 ] ] ], [ [ [ 92.958853829068516, 12.757226487201502 ], [ 92.959931315119576, 12.75642175005793 ], [ 92.958512986746584, 12.756878581361335 ], [ 92.958853829068516, 12.757226487201502 ] ] ], [ [ [ 92.955980161180676, 12.756646151436708 ], [ 92.95410594734723, 12.757437416097334 ], [ 92.956003312718522, 12.757360271335727 ], [ 92.955980161180676, 12.756646151436708 ] ] ], [ [ [ 92.939294609581523, 12.769035186727992 ], [ 92.939313072318612, 12.769396723742334 ], [ 92.941035489315027, 12.769265492911538 ], [ 92.939294609581523, 12.769035186727992 ] ] ], [ [ [ 92.94669791076528, 12.770521487964649 ], [ 92.942992763703785, 12.769667632323179 ], [ 92.944740670182156, 12.771136428579547 ], [ 92.94669791076528, 12.770521487964649 ] ] ], [ [ [ 92.890782785696331, 12.89850499392236 ], [ 92.891214932167259, 12.899766415947521 ], [ 92.892698044533006, 12.899248077167634 ], [ 92.890782785696331, 12.89850499392236 ] ] ], [ [ [ 92.937791872237014, 12.917367731131318 ], [ 92.933473783123404, 12.911471752241868 ], [ 92.929059604182285, 12.916954754570833 ], [ 92.937791872237014, 12.917367731131318 ] ] ], [ [ [ 92.889189396394983, 12.931720208791877 ], [ 92.889143166374396, 12.93261063292918 ], [ 92.891811415682255, 12.932434573599474 ], [ 92.889189396394983, 12.931720208791877 ] ] ], [ [ [ 92.893276517994238, 12.936457458493809 ], [ 92.887539437349261, 12.933053350767794 ], [ 92.893271727547159, 12.937524140349062 ], [ 92.893276517994238, 12.936457458493809 ] ] ], [ [ [ 92.898865856977096, 12.941688878454228 ], [ 92.902310950003454, 12.94051025671744 ], [ 92.902806525008174, 12.937373470868106 ], [ 92.898865856977096, 12.941688878454228 ] ] ], [ [ [ 92.899091960559431, 12.940358635851167 ], [ 92.89840289144496, 12.94154275233225 ], [ 92.899333919274511, 12.940514606896228 ], [ 92.899091960559431, 12.940358635851167 ] ] ], [ [ [ 92.901458300410226, 12.941834496427417 ], [ 92.901928446248405, 12.940781426621838 ], [ 92.899071150864955, 12.942295405985259 ], [ 92.901458300410226, 12.941834496427417 ] ] ], [ [ [ 92.898375303451502, 12.941612825572186 ], [ 92.898223124470391, 12.942363145471043 ], [ 92.899064270415934, 12.942125457290052 ], [ 92.898375303451502, 12.941612825572186 ] ] ], [ [ [ 92.953711760552764, 12.957923315991239 ], [ 92.957831784151267, 12.989490043649253 ], [ 92.972002707465137, 12.970253729197736 ], [ 92.984443703109633, 12.994449321023847 ], [ 93.007359077869737, 12.999188235563702 ], [ 92.981391942445853, 12.967904944204262 ], [ 92.982074306227545, 12.93203440008226 ], [ 92.95320473282527, 12.934275204476229 ], [ 92.95730348011439, 12.948961318121988 ], [ 92.972590131207866, 12.946385933454772 ], [ 92.953711760552764, 12.957923315991239 ] ] ], [ [ [ 92.888822047177484, 12.981217779186551 ], [ 92.8886055382808, 12.980716103667859 ], [ 92.888098500596541, 12.980923909204796 ], [ 92.888822047177484, 12.981217779186551 ] ] ], [ [ [ 92.893408042596704, 12.983116587150679 ], [ 92.892790420445579, 12.983125606327365 ], [ 92.893050798988384, 12.983988911173135 ], [ 92.893408042596704, 12.983116587150679 ] ] ], [ [ [ 92.976718920526579, 12.986868958230701 ], [ 92.977924924314351, 12.987724240374062 ], [ 92.978143841785894, 12.986968621887204 ], [ 92.976718920526579, 12.986868958230701 ] ] ], [ [ [ 92.973852000472647, 12.993826000565774 ], [ 92.973935200471203, 12.993740500155235 ], [ 92.973786800320866, 12.993699700055029 ], [ 92.973852000472647, 12.993826000565774 ] ] ], [ [ [ 92.972883233492126, 12.994420446531249 ], [ 92.973346513797907, 12.994490357587864 ], [ 92.972848568094165, 12.994158296495947 ], [ 92.972883233492126, 12.994420446531249 ] ] ], [ [ [ 92.970309839238936, 12.999126205043233 ], [ 92.970220007284269, 12.99952173021418 ], [ 92.970402131512614, 12.999560077868514 ], [ 92.970309839238936, 12.999126205043233 ] ] ], [ [ [ 92.988206433040531, 12.998380206801899 ], [ 92.985666854525235, 12.997894543293702 ], [ 92.986007226329917, 13.001052521510269 ], [ 92.988206433040531, 12.998380206801899 ] ] ], [ [ [ 92.920685694814821, 13.031308570151202 ], [ 92.942335931898413, 13.019249234205246 ], [ 92.94159901132258, 12.994170543797464 ], [ 92.913472550152889, 13.01098247282167 ], [ 92.920685694814821, 13.031308570151202 ] ] ], [ [ [ 92.944191122932821, 13.025559008026933 ], [ 92.948384753789412, 13.024677682360084 ], [ 92.947962629824517, 13.019490726298706 ], [ 92.944191122932821, 13.025559008026933 ] ] ], [ [ [ 92.930308400530862, 13.029212400560514 ], [ 92.931229900201615, 13.02871390049012 ], [ 92.930254200395424, 13.027722400647093 ], [ 92.930308400530862, 13.029212400560514 ] ] ], [ [ [ 92.930225524524147, 13.051155767956919 ], [ 92.931202638714709, 13.054472307504394 ], [ 92.933106076632583, 13.051496993405362 ], [ 92.930225524524147, 13.051155767956919 ] ] ], [ [ [ 92.918785896131951, 13.054221142581122 ], [ 92.913069728520924, 13.067303814253739 ], [ 92.91577333199254, 13.063208044615321 ], [ 92.918785896131951, 13.054221142581122 ] ] ], [ [ [ 92.912936039698323, 13.068388179735335 ], [ 92.913180202197765, 13.068998262325211 ], [ 92.914351016052308, 13.068399664386339 ], [ 92.912936039698323, 13.068388179735335 ] ] ], [ [ [ 92.909489815266113, 13.076290690830081 ], [ 92.910789742605644, 13.076078423566447 ], [ 92.909856343193951, 13.075002916393856 ], [ 92.909489815266113, 13.076290690830081 ] ] ], [ [ [ 92.848323600357148, 13.208080818085378 ], [ 92.861239439501219, 13.206378389997564 ], [ 92.855377432293821, 13.190739201016394 ], [ 92.863119626218662, 13.184825102921151 ], [ 92.862118594894213, 13.206601027104124 ], [ 92.848943696326629, 13.208388936701631 ], [ 92.85601659395482, 13.219636398703159 ], [ 92.854836756917862, 13.233957995507918 ], [ 92.851524683821708, 13.239657585375372 ], [ 92.839018930270996, 13.245895823939543 ], [ 92.85017195341868, 13.262173021800509 ], [ 92.855131438368304, 13.250588978152431 ], [ 92.870399224895465, 13.258305202143335 ], [ 92.811096454870437, 13.270826204461441 ], [ 92.840817487715526, 13.301204283116435 ], [ 92.820463918209285, 13.310845894160133 ], [ 92.830015783040679, 13.369093070670361 ], [ 92.849351884076214, 13.377814148335716 ], [ 92.85436205523385, 13.359175383596943 ], [ 92.850672292447101, 13.376264019426223 ], [ 92.869737244566508, 13.390678311390417 ], [ 92.858874932083864, 13.383939059846201 ], [ 92.862382593432827, 13.401294815106871 ], [ 92.858113141230064, 13.385209044887079 ], [ 92.84042250186755, 13.388452465035808 ], [ 92.842063202771385, 13.409649964609487 ], [ 92.870484811445792, 13.413986297629203 ], [ 92.885704708615663, 13.36722089197051 ], [ 92.885761630496035, 13.398036095726331 ], [ 92.88908078298266, 13.39419870720323 ], [ 92.893886722924805, 13.394781408115223 ], [ 92.898475006803253, 13.388543841263624 ], [ 92.902911633677732, 13.389935430255168 ], [ 92.905976002870432, 13.382378148480917 ], [ 92.915975097974766, 13.382408314059948 ], [ 92.924766338925892, 13.390207662085412 ], [ 92.90724554875213, 13.382667243567175 ], [ 92.903955518865928, 13.394341995650535 ], [ 92.898728976180706, 13.389140414237065 ], [ 92.893125072776655, 13.395933986363607 ], [ 92.888974642498638, 13.394854067659463 ], [ 92.899427519787181, 13.402803334044984 ], [ 92.896787659987865, 13.412611283242647 ], [ 92.87450155293628, 13.402067933996372 ], [ 92.873208786787686, 13.436358679170485 ], [ 92.890006047037687, 13.423061292970994 ], [ 92.898987021985917, 13.428764374550777 ], [ 92.870826094541741, 13.44513133009146 ], [ 92.874220048841508, 13.459639452956596 ], [ 92.868867658356862, 13.473998346956515 ], [ 92.891058129720136, 13.478517445961527 ], [ 92.898224251544448, 13.465147719377413 ], [ 92.90186223426079, 13.496287716459221 ], [ 92.92489557797002, 13.498923545323327 ], [ 92.931819105254931, 13.480739511265909 ], [ 92.921061512974305, 13.47234878108611 ], [ 92.918700826721988, 13.467883798899155 ], [ 92.920787226849754, 13.463051907324347 ], [ 92.915569043391727, 13.463473158629341 ], [ 92.920370058676653, 13.455020558040223 ], [ 92.932223354202534, 13.471862827299271 ], [ 92.92761984476995, 13.475131564091209 ], [ 92.932821338656609, 13.481024014842118 ], [ 92.927481729344663, 13.497702701550985 ], [ 92.930404708506458, 13.495202696150482 ], [ 92.934805025973517, 13.500024136871328 ], [ 92.913257506282093, 13.51236443338542 ], [ 92.945172459846205, 13.520081305530455 ], [ 92.938029772048509, 13.531585830861729 ], [ 92.91444136007749, 13.520427342706698 ], [ 92.913552356284981, 13.53509835310172 ], [ 92.965207966990405, 13.549977811041066 ], [ 92.979643565085524, 13.526975467327652 ], [ 92.987034737132547, 13.527691364266689 ], [ 92.986210301781, 13.523018052338834 ], [ 92.992006893716137, 13.522016834225152 ], [ 92.990568308252307, 13.517881661722511 ], [ 92.99540552799786, 13.519900081793978 ], [ 92.995763508491649, 13.524415360542726 ], [ 92.999999999942062, 13.523913492645471 ], [ 92.995486552727229, 13.52480419377153 ], [ 92.994735879701338, 13.52014896102779 ], [ 92.991023613579316, 13.523246662515598 ], [ 92.986995810849592, 13.523537542054651 ], [ 92.99103139486057, 13.539057443313 ], [ 92.982088074038131, 13.569439482232113 ], [ 93.003677260398348, 13.566260293399511 ], [ 93.010516023337658, 13.548662556450557 ], [ 93.027329464741527, 13.579399805322829 ], [ 93.043165010697507, 13.50490553431049 ], [ 93.033723682572145, 13.465861941494238 ], [ 93.018622166580073, 13.466303743878804 ], [ 93.016147834526606, 13.462337620315378 ], [ 93.01440482454997, 13.455315457558536 ], [ 93.011915779862392, 13.453605360658663 ], [ 93.005111416620963, 13.46328215414878 ], [ 93.011564854648256, 13.453293242770631 ], [ 93.029895914921653, 13.461077134550582 ], [ 93.036596590991977, 13.441285710570936 ], [ 92.996519260701433, 13.441060828942918 ], [ 92.989087785729438, 13.427405938448631 ], [ 93.039040114465195, 13.427912812967278 ], [ 93.0463314206267, 13.404563084173578 ], [ 93.061064332167348, 13.421471945663741 ], [ 93.068496820436607, 13.39662960771796 ], [ 93.051120462882565, 13.389798202084439 ], [ 93.04704284845802, 13.374610218146774 ], [ 93.041923844048, 13.381960129924719 ], [ 93.012879057330963, 13.377301284034161 ], [ 93.003649729095969, 13.392393446131205 ], [ 92.999207183667707, 13.395949788055033 ], [ 92.999915897012514, 13.382241785752571 ], [ 92.979629351776708, 13.379917402202338 ], [ 92.994907641677599, 13.376335478729349 ], [ 92.993829172244375, 13.379843262705574 ], [ 93.000140663529677, 13.381879916941228 ], [ 93.003180061961245, 13.389603629811203 ], [ 93.014128840293623, 13.370737004914121 ], [ 93.034325476586417, 13.374398079717304 ], [ 93.031437074104034, 13.343896817045817 ], [ 92.999188856134808, 13.35049481083237 ], [ 92.984162079970204, 13.32801590161289 ], [ 92.973042646134232, 13.359341960539279 ], [ 92.945404517533177, 13.351021500390599 ], [ 92.961175854094051, 13.323080310590568 ], [ 92.948426760681556, 13.317375996317553 ], [ 92.960704107829102, 13.320309896195447 ], [ 92.964606955571, 13.328344555080763 ], [ 92.996972272266888, 13.314893846582185 ], [ 92.982695370298103, 13.299226038922368 ], [ 92.982893436833407, 13.298398848360844 ], [ 92.984660573021955, 13.297674930161707 ], [ 92.986279254050487, 13.295278774925455 ], [ 92.990242162550445, 13.292877025930107 ], [ 92.990550881329909, 13.291905147434186 ], [ 92.973860140695152, 13.281905620553154 ], [ 92.992507599447947, 13.292107628399926 ], [ 93.000000000248662, 13.280854286772863 ], [ 92.997198286894815, 13.290186800590611 ], [ 92.986359494875444, 13.299156647728474 ], [ 92.995043545661574, 13.297118786389481 ], [ 93.000843078590009, 13.298725625846146 ], [ 93.002530086711303, 13.303907794420249 ], [ 93.021008212910587, 13.296772379328479 ], [ 93.012020754789049, 13.295588527923128 ], [ 93.011092340857871, 13.276824894790042 ], [ 93.025353318182269, 13.28257283756494 ], [ 93.033553294447202, 13.277607028832714 ], [ 93.045719338923917, 13.282747224940492 ], [ 93.043706904012126, 13.254267158849828 ], [ 93.065801375968405, 13.273782455328357 ], [ 93.031754383382975, 13.17858365862755 ], [ 93.034326449906402, 13.081416800410155 ], [ 93.003436807796163, 13.028155692449872 ], [ 92.966413615839258, 13.029686497010426 ], [ 92.974698778953339, 13.014243790082613 ], [ 92.959639304564419, 13.014228009369052 ], [ 92.93319581961741, 13.042238782087274 ], [ 92.95673089871633, 13.065638090781183 ], [ 92.937293828868661, 13.065449723815979 ], [ 92.945585147723875, 13.089656830906902 ], [ 92.939357350441696, 13.088570416634791 ], [ 92.946141019640336, 13.123514376920671 ], [ 92.941222577373182, 13.145525000387565 ], [ 92.934551258214455, 13.060596960630452 ], [ 92.928722902180624, 13.072536948414808 ], [ 92.922592974642754, 13.05348940654777 ], [ 92.912227562246812, 13.079982469160763 ], [ 92.900874218665436, 13.081866494262947 ], [ 92.898862266059353, 13.095513214698503 ], [ 92.887114325361026, 13.093340056356864 ], [ 92.89229437008261, 13.103314669898724 ], [ 92.872991486916717, 13.149080906922324 ], [ 92.888761981313465, 13.107926133270793 ], [ 92.873199186633812, 13.103462917642934 ], [ 92.888967361916386, 13.107101508153651 ], [ 92.885567956264751, 13.092300509133322 ], [ 92.912138659767848, 13.066793125105608 ], [ 92.895064859614678, 13.058662391180931 ], [ 92.885780063023205, 13.045360776585477 ], [ 92.858032525279796, 13.079901308882199 ], [ 92.843589770694734, 13.050892510031321 ], [ 92.860283890680194, 13.0655978198306 ], [ 92.863556757846411, 13.043651288603423 ], [ 92.870064638295219, 13.054799232335903 ], [ 92.872580793529451, 13.043520886524506 ], [ 92.886513163008416, 13.043903728804546 ], [ 92.897097491891103, 13.0581498392276 ], [ 92.914582400788703, 13.055531230522829 ], [ 92.921107100695053, 13.039690215470273 ], [ 92.895336141074452, 13.01808297971751 ], [ 92.910468340596196, 13.007516640621963 ], [ 92.894265928199999, 13.011110996380694 ], [ 92.91838787718072, 12.987279359701303 ], [ 92.933032094839021, 12.991294488650881 ], [ 92.939381319629476, 12.968795991301102 ], [ 92.910457680138649, 12.945305236724163 ], [ 92.906131818403679, 12.98356633506426 ], [ 92.896209659559716, 12.995313233144511 ], [ 92.886203771843967, 12.982455571514199 ], [ 92.890583659754043, 12.9973038119712 ], [ 92.883046340874586, 13.00551292594905 ], [ 92.87067336434238, 12.935591807238982 ], [ 92.849419779933882, 12.945571095251296 ], [ 92.854208303993929, 12.954725025893692 ], [ 92.851278749717324, 12.961024279876018 ], [ 92.840010922381481, 12.94991281820208 ], [ 92.858837754311381, 12.917886334757904 ], [ 92.84477473145364, 12.912634311383261 ], [ 92.874941073193853, 12.908173238360931 ], [ 92.868612401885969, 12.890458644011883 ], [ 92.872815913496069, 12.883655053893232 ], [ 92.842272693571047, 12.876923950142181 ], [ 92.842600922186776, 12.892194466384808 ], [ 92.838371312599008, 12.89276264716727 ], [ 92.828781856496619, 12.886836416421618 ], [ 92.809752798058497, 12.909194549439233 ], [ 92.801363605669337, 12.899734888254805 ], [ 92.789981166779583, 12.960932983553379 ], [ 92.79937395128708, 12.991846929729158 ], [ 92.822081808289255, 12.977166009793939 ], [ 92.807021022945236, 12.999014704340677 ], [ 92.822855752939262, 13.006505029497049 ], [ 92.841982200828198, 12.99137598502301 ], [ 92.833108533224291, 13.004722285827038 ], [ 92.822814216869602, 13.007399490614816 ], [ 92.825959543582385, 13.016752518855037 ], [ 92.829286635737034, 13.015238844737121 ], [ 92.835314405102679, 13.018742544118021 ], [ 92.837137313372352, 13.023066481504321 ], [ 92.835033379905141, 13.019054310553217 ], [ 92.831632510424967, 13.020446169014544 ], [ 92.829203708909006, 13.016083712892337 ], [ 92.826025736460323, 13.017669268028277 ], [ 92.820480308535593, 13.012150583101572 ], [ 92.812772786223789, 13.021846652926294 ], [ 92.814312391353781, 13.006854937076165 ], [ 92.787959301414105, 13.019546551135912 ], [ 92.799231224873893, 13.04338927814454 ], [ 92.791706006353749, 13.053349276786889 ], [ 92.796763530158927, 13.067992142739849 ], [ 92.792844295128518, 13.091982482274958 ], [ 92.814124068661329, 13.072308461942971 ], [ 92.805578513037872, 13.100916885644274 ], [ 92.820577301418766, 13.091209386171386 ], [ 92.829355274885799, 13.108919734597004 ], [ 92.80847937815571, 13.127277126025346 ], [ 92.823069814184251, 13.134800966053961 ], [ 92.847218799294822, 13.118154295951372 ], [ 92.848426545491463, 13.15022362610341 ], [ 92.807927092877776, 13.15379018938885 ], [ 92.814156473409696, 13.174734511622143 ], [ 92.819335198916718, 13.162127431587921 ], [ 92.826358856447214, 13.175019159980966 ], [ 92.837164977852751, 13.161993586248881 ], [ 92.849178914399786, 13.161115344180116 ], [ 92.81604258592958, 13.183480508188849 ], [ 92.832001229911199, 13.215443458659024 ], [ 92.825512186755006, 13.237172309164002 ], [ 92.836680587290189, 13.243929513908608 ], [ 92.850424129312628, 13.238625047514093 ], [ 92.855194498979188, 13.219469705195991 ], [ 92.847805348544156, 13.212726170540398 ], [ 92.848323600357148, 13.208080818085378 ] ] ], [ [ [ 92.983087298697598, 13.298489158873119 ], [ 92.983138457964998, 13.299374999708036 ], [ 92.985095425833123, 13.30000690917511 ], [ 92.983087298697598, 13.298489158873119 ] ] ], [ [ [ 92.967507185365591, 13.332976189973829 ], [ 92.963917273412576, 13.335418127511373 ], [ 92.96910450155778, 13.3392006654596 ], [ 92.967507185365591, 13.332976189973829 ] ] ], [ [ [ 92.906661176592735, 13.520296009204182 ], [ 92.905106115532377, 13.519968426845661 ], [ 92.905043691510329, 13.521062085641669 ], [ 92.906661176592735, 13.520296009204182 ] ] ], [ [ [ 92.984563750359456, 13.528401949172226 ], [ 92.984064172990287, 13.529685027993203 ], [ 92.98521435482435, 13.529370743984433 ], [ 92.984563750359456, 13.528401949172226 ] ] ], [ [ [ 92.978390247829068, 13.530761036321008 ], [ 92.986388398093538, 13.534134173185436 ], [ 92.98543218067968, 13.529728061403116 ], [ 92.984337481187183, 13.530293884519667 ], [ 92.983824826718148, 13.529795601249603 ], [ 92.983828214248163, 13.528948020544671 ], [ 92.978390247829068, 13.530761036321008 ] ] ], [ [ [ 92.911976924554367, 13.533846660830845 ], [ 92.904520609045207, 13.52939134071649 ], [ 92.903061630638263, 13.535145073555759 ], [ 92.911976924554367, 13.533846660830845 ] ] ], [ [ [ 92.977933555258787, 13.535523315117556 ], [ 92.977656839245896, 13.536553962409185 ], [ 92.97826664700473, 13.536644145334209 ], [ 92.977933555258787, 13.535523315117556 ] ] ], [ [ [ 92.913031564098048, 13.54223499903164 ], [ 92.914390060367055, 13.544196307402663 ], [ 92.916524067405689, 13.542826475809369 ], [ 92.913031564098048, 13.54223499903164 ] ] ], [ [ [ 92.983454000299034, 13.578119000486071 ], [ 92.983569000210309, 13.578027000277057 ], [ 92.983315999896988, 13.577728000503473 ], [ 92.983454000299034, 13.578119000486071 ] ] ], [ [ [ 92.88538652132948, 13.597608489390719 ], [ 92.903928729593858, 13.594474597543327 ], [ 92.883329203682422, 13.574205780118536 ], [ 92.88538652132948, 13.597608489390719 ] ] ], [ [ [ 93.049421350413937, 8.44245995039473 ], [ 93.049580185908212, 8.442753903616326 ], [ 93.04969827848501, 8.44270875230837 ], [ 93.049421350413937, 8.44245995039473 ] ] ], [ [ [ 93.049598382560603, 8.442970899170431 ], [ 93.04944849494143, 8.443029712986577 ], [ 93.049566526023114, 8.443205992328162 ], [ 93.049598382560603, 8.442970899170431 ] ] ], [ [ [ 93.05038834099885, 8.443409588884702 ], [ 93.050152224213875, 8.443337256488112 ], [ 93.050224790098099, 8.443893354914808 ], [ 93.05038834099885, 8.443409588884702 ] ] ], [ [ [ 93.049720593614268, 8.444580504112659 ], [ 93.049716083807454, 8.444833684782274 ], [ 93.050047563686178, 8.444698143117945 ], [ 93.049720593614268, 8.444580504112659 ] ] ], [ [ [ 93.049888606228095, 8.444878889288468 ], [ 93.050088315748198, 8.445114042460409 ], [ 93.05032903756107, 8.444955899103721 ], [ 93.049888606228095, 8.444878889288468 ] ] ], [ [ [ 93.049684224592468, 8.445046163392544 ], [ 93.049661460494463, 8.445344572931234 ], [ 93.049834058075049, 8.445267755439902 ], [ 93.049684224592468, 8.445046163392544 ] ] ], [ [ [ 93.049579717060553, 8.445489218027346 ], [ 93.049543322226768, 8.445755970628424 ], [ 93.049724918840596, 8.445724378554903 ], [ 93.049579717060553, 8.445489218027346 ] ] ], [ [ [ 93.049167064649808, 8.442383096147095 ], [ 93.024539779650226, 8.452247378768316 ], [ 93.03417067915575, 8.473377305462295 ], [ 93.049167064649808, 8.442383096147095 ] ] ], [ [ [ 93.075988445126953, 11.781086875816401 ], [ 93.081556853499137, 11.789707966070967 ], [ 93.080498842316061, 11.777959562794125 ], [ 93.075988445126953, 11.781086875816401 ] ] ], [ [ [ 93.071528060039114, 11.83411361853938 ], [ 93.042308980172891, 11.809868979007284 ], [ 93.013766219390661, 11.828265917309567 ], [ 93.012233302477597, 11.851635177271431 ], [ 93.071528060039114, 11.83411361853938 ] ] ], [ [ [ 93.072266933517227, 11.833485451562291 ], [ 93.071629111274603, 11.833657167728838 ], [ 93.072248429295755, 11.834339794521043 ], [ 93.072266933517227, 11.833485451562291 ] ] ], [ [ [ 93.07164673047491, 11.837508421971238 ], [ 93.070875483288447, 11.839031629233473 ], [ 93.071210428843898, 11.839149201456639 ], [ 93.07164673047491, 11.837508421971238 ] ] ], [ [ [ 92.995554755096606, 11.946828042864658 ], [ 92.995490480332009, 11.945855873703231 ], [ 92.994622549294732, 11.946298986711524 ], [ 92.995554755096606, 11.946828042864658 ] ] ], [ [ [ 93.009470437906785, 12.068008830270477 ], [ 93.012172085298644, 12.067440167933695 ], [ 93.009544733390427, 12.066100714785977 ], [ 93.009470437906785, 12.068008830270477 ] ] ], [ [ [ 93.009648644883583, 12.070360170849074 ], [ 93.009809824493843, 12.069437814364722 ], [ 93.008242884626128, 12.070138043950076 ], [ 93.009648644883583, 12.070360170849074 ] ] ], [ [ [ 93.00703039015734, 12.06919704372805 ], [ 93.004898754509981, 12.068951994322285 ], [ 93.004511660702363, 12.071678399916422 ], [ 93.00703039015734, 12.06919704372805 ] ] ], [ [ [ 93.053448589363896, 12.072911838301392 ], [ 93.053540581408967, 12.07251847654755 ], [ 93.052580287314839, 12.072816655539798 ], [ 93.053448589363896, 12.072911838301392 ] ] ], [ [ [ 93.053682722625098, 12.073576583867046 ], [ 93.05403635775761, 12.074060494017022 ], [ 93.054408707506269, 12.073278341523276 ], [ 93.053682722625098, 12.073576583867046 ] ] ], [ [ [ 93.076976965580968, 12.076270644723191 ], [ 93.076664470524179, 12.076740848064155 ], [ 93.077312337438059, 12.076383739262775 ], [ 93.076976965580968, 12.076270644723191 ] ] ], [ [ [ 93.078938639075403, 12.07710293222576 ], [ 93.079053578158849, 12.076587479918414 ], [ 93.078373617018386, 12.076533117647845 ], [ 93.078938639075403, 12.07710293222576 ] ] ], [ [ [ 93.079954096441924, 12.076474572342168 ], [ 93.07952211455887, 12.077188931263301 ], [ 93.080123965972248, 12.077288496725634 ], [ 93.079954096441924, 12.076474572342168 ] ] ], [ [ [ 93.033873030842116, 12.102902168622032 ], [ 93.033192329104068, 12.104950267513608 ], [ 93.033854052408316, 12.104760564412038 ], [ 93.033873030842116, 12.102902168622032 ] ] ], [ [ [ 93.007194487265835, 12.104990615311221 ], [ 92.995348485657559, 12.131670123364621 ], [ 93.028429328269112, 12.166592371436092 ], [ 93.032162957522488, 12.105311673969284 ], [ 93.035813955864029, 12.096866350907272 ], [ 93.053995767451781, 12.076578075085255 ], [ 93.050559649151012, 12.074705259380838 ], [ 93.053197466192671, 12.05378414108854 ], [ 93.043438404775941, 12.042644707514429 ], [ 93.005065390778398, 12.076760988042384 ], [ 93.007194487265835, 12.104990615311221 ] ] ], [ [ [ 92.998122305989853, 12.107893791798153 ], [ 92.998650160754806, 12.108734785433414 ], [ 93.004809264252017, 12.106106482229393 ], [ 92.998122305989853, 12.107893791798153 ] ] ], [ [ [ 93.078311545630257, 12.20946036999239 ], [ 93.088877649356661, 12.183742746207402 ], [ 93.076261663326164, 12.179730361712878 ], [ 93.085104670544197, 12.179713526509289 ], [ 93.090467862129515, 12.184479945067615 ], [ 93.097306015236114, 12.142470081547899 ], [ 93.084528963733433, 12.119340513375002 ], [ 93.096575641532993, 12.138902445254892 ], [ 93.101589984715133, 12.128769824497038 ], [ 93.097075947567575, 12.092808790958912 ], [ 93.07374667685275, 12.078766076305014 ], [ 93.048390353099037, 12.111786852187223 ], [ 93.068445626288849, 12.121481233589222 ], [ 93.035274403024701, 12.132089883350034 ], [ 93.078311545630257, 12.20946036999239 ] ] ], [ [ [ 93.004542923583315, 12.148356692851925 ], [ 93.004399672991298, 12.150178855671232 ], [ 93.005953280660378, 12.149528384408317 ], [ 93.004542923583315, 12.148356692851925 ] ] ], [ [ [ 93.007321529828488, 12.152504186616531 ], [ 93.007593450387461, 12.150659466477302 ], [ 93.006917877197594, 12.150686320719899 ], [ 93.007321529828488, 12.152504186616531 ] ] ], [ [ [ 93.013350426917668, 12.154143412439181 ], [ 93.012237451425108, 12.156159633963295 ], [ 93.014346731634447, 12.156594525328622 ], [ 93.013350426917668, 12.154143412439181 ] ] ], [ [ [ 93.012167476544562, 12.158736943197113 ], [ 93.013155760155158, 12.158271597328595 ], [ 93.012167804428145, 12.157923047479558 ], [ 93.012167476544562, 12.158736943197113 ] ] ], [ [ [ 93.01494568841828, 12.16446693103099 ], [ 93.015533813436491, 12.164851493748557 ], [ 93.015749992039432, 12.16441297604255 ], [ 93.01494568841828, 12.16446693103099 ] ] ], [ [ [ 93.018696728736671, 12.224383015381813 ], [ 93.020061257038336, 12.225274039765042 ], [ 93.020741796728402, 12.224193955047657 ], [ 93.018696728736671, 12.224383015381813 ] ] ], [ [ [ 93.025322812337379, 12.273437691012282 ], [ 93.020384299433914, 12.274710962080531 ], [ 93.026387058726087, 12.280066741511114 ], [ 93.025322812337379, 12.273437691012282 ] ] ], [ [ [ 93.061253774316185, 12.3152775365396 ], [ 93.070601657835155, 12.319651880418213 ], [ 93.06190687936494, 12.314775788032893 ], [ 93.061253774316185, 12.3152775365396 ] ] ], [ [ [ 93.055809817281585, 13.226419998824387 ], [ 93.058319412163584, 13.227008199282821 ], [ 93.061038644983043, 13.219853998806546 ], [ 93.055809817281585, 13.226419998824387 ] ] ], [ [ [ 93.061374767251849, 13.226733276327479 ], [ 93.061534985652827, 13.227397041567489 ], [ 93.061901201425798, 13.227030826705969 ], [ 93.061374767251849, 13.226733276327479 ] ] ], [ [ [ 93.059096776671126, 13.227052449211225 ], [ 93.059714721409804, 13.228331724467695 ], [ 93.060955870317741, 13.227694708260362 ], [ 93.059096776671126, 13.227052449211225 ] ] ], [ [ [ 93.049529058641482, 13.262895514194001 ], [ 93.048740008770963, 13.262140229458923 ], [ 93.047862672984721, 13.263279326171604 ], [ 93.049529058641482, 13.262895514194001 ] ] ], [ [ [ 93.067935448319943, 13.2671683344592 ], [ 93.068023229432882, 13.266815695574074 ], [ 93.067566240331601, 13.266937668014368 ], [ 93.067935448319943, 13.2671683344592 ] ] ], [ [ [ 93.068060005386613, 13.26746676537863 ], [ 93.06839231332394, 13.267588913194627 ], [ 93.068041599918018, 13.26721357148713 ], [ 93.068060005386613, 13.26746676537863 ] ] ], [ [ [ 93.06782914539555, 13.267774160115463 ], [ 93.067847549713591, 13.268027355457395 ], [ 93.068179857805788, 13.268149503156572 ], [ 93.06782914539555, 13.267774160115463 ] ] ], [ [ [ 93.069487700335458, 13.267935699743239 ], [ 93.069901699825337, 13.268073699654062 ], [ 93.070039700346285, 13.267935699825394 ], [ 93.069487700335458, 13.267935699743239 ] ] ], [ [ [ 93.068184329273947, 13.268777959044074 ], [ 93.068327361177879, 13.269031181485854 ], [ 93.068498177715654, 13.268891059427864 ], [ 93.068184329273947, 13.268777959044074 ] ] ], [ [ [ 93.070865197427906, 13.272942617671571 ], [ 93.070999083021988, 13.272829614017116 ], [ 93.070722153547706, 13.272725567066942 ], [ 93.070865197427906, 13.272942617671571 ] ] ], [ [ [ 93.070408178676786, 13.273155020033542 ], [ 93.070542074589511, 13.27299680391088 ], [ 93.070274363079491, 13.272951535062242 ], [ 93.070408178676786, 13.273155020033542 ] ] ], [ [ [ 93.069817363512428, 13.273073511690633 ], [ 93.069914233192591, 13.273362892826484 ], [ 93.070112731405715, 13.273295116642251 ], [ 93.069817363512428, 13.273073511690633 ] ] ], [ [ [ 93.070906673121527, 13.27325007176713 ], [ 93.071077380936657, 13.273616329510093 ], [ 93.07114201866095, 13.273548524311472 ], [ 93.070906673121527, 13.27325007176713 ] ] ], [ [ [ 93.070505039806406, 13.273485092899222 ], [ 93.070560360854785, 13.273801592680117 ], [ 93.070694237655189, 13.27372928019409 ], [ 93.070505039806406, 13.273485092899222 ] ] ], [ [ [ 93.071372729522025, 13.273932879293017 ], [ 93.07170504850572, 13.274055021655455 ], [ 93.071354321226863, 13.273679684963131 ], [ 93.071372729522025, 13.273932879293017 ] ] ], [ [ [ 93.070311004897377, 13.274240101274637 ], [ 93.070408027922539, 13.273837729974906 ], [ 93.070075643632151, 13.27401850980551 ], [ 93.070311004897377, 13.274240101274637 ] ] ], [ [ [ 93.070864946226806, 13.27409101690762 ], [ 93.071007983606904, 13.274344237634017 ], [ 93.071178803506399, 13.27420411469762 ], [ 93.070864946226806, 13.27409101690762 ] ] ], [ [ [ 93.070370877366301, 13.274850483918941 ], [ 93.070740099813975, 13.275081146179309 ], [ 93.0708278797361, 13.274728506921759 ], [ 93.070370877366301, 13.274850483918941 ] ] ], [ [ [ 93.032070842893276, 13.279528031572873 ], [ 93.031248844124931, 13.280445548157701 ], [ 93.032578170721976, 13.280681135971355 ], [ 93.032070842893276, 13.279528031572873 ] ] ], [ [ [ 93.015345470811255, 13.283061568568632 ], [ 93.013410548328935, 13.2847968968335 ], [ 93.01650786003303, 13.285015247858155 ], [ 93.015345470811255, 13.283061568568632 ] ] ], [ [ [ 93.02132759527241, 13.294742465444179 ], [ 93.021392320860642, 13.294511907963813 ], [ 93.020967610443023, 13.2945388636202 ], [ 93.02132759527241, 13.294742465444179 ] ] ], [ [ [ 93.048518041914207, 13.293223823750964 ], [ 93.044686234203283, 13.294167597044385 ], [ 93.049177280351159, 13.296108578787848 ], [ 93.048518041914207, 13.293223823750964 ] ] ], [ [ [ 93.021447417581214, 13.295221767599489 ], [ 93.021895160420385, 13.295312372753303 ], [ 93.021913664264815, 13.29522195519468 ], [ 93.021447417581214, 13.295221767599489 ] ] ], [ [ [ 93.075578075666414, 13.295762337966035 ], [ 93.075771951976748, 13.295807587243983 ], [ 93.07585973011841, 13.295459467469065 ], [ 93.075578075666414, 13.295762337966035 ] ] ], [ [ [ 93.076201317106523, 13.29555899939365 ], [ 93.076067441663767, 13.295572537711072 ], [ 93.076450544003492, 13.295834843114875 ], [ 93.076201317106523, 13.29555899939365 ] ] ], [ [ [ 93.078070831488404, 13.296038597799651 ], [ 93.078190924812432, 13.295667877487981 ], [ 93.077830810208852, 13.295893874764699 ], [ 93.078070831488404, 13.296038597799651 ] ] ], [ [ [ 93.077299936458573, 13.295880213525258 ], [ 93.077521491918844, 13.296024934206438 ], [ 93.077595408326189, 13.295735587327801 ], [ 93.077299936458573, 13.295880213525258 ] ] ], [ [ [ 93.076676745720221, 13.29582132117531 ], [ 93.076838252288653, 13.296155923677558 ], [ 93.076958329687002, 13.295880150495563 ], [ 93.076676745720221, 13.29582132117531 ] ] ], [ [ [ 93.076007360287733, 13.295925184637472 ], [ 93.075665753491208, 13.295925119440827 ], [ 93.075873417992526, 13.296273295122328 ], [ 93.076007360287733, 13.295925184637472 ] ] ], [ [ [ 93.078486243231538, 13.296337075147335 ], [ 93.078633997382269, 13.296169815352588 ], [ 93.078380108808133, 13.296120035948496 ], [ 93.078486243231538, 13.296337075147335 ] ] ], [ [ [ 93.077641427457081, 13.296490644550047 ], [ 93.077701492290359, 13.296214859228266 ], [ 93.077433706849092, 13.296418266505444 ], [ 93.077641427457081, 13.296490644550047 ] ] ], [ [ [ 93.076053460847419, 13.296241680980648 ], [ 93.075933378822441, 13.296535539539333 ], [ 93.076113407049434, 13.296576264511712 ], [ 93.076053460847419, 13.296241680980648 ] ] ], [ [ [ 93.07850004761768, 13.296576704235322 ], [ 93.078620017966401, 13.296866085475715 ], [ 93.078767757012017, 13.296780207985165 ], [ 93.07850004761768, 13.296576704235322 ] ] ], [ [ [ 93.012825285351866, 13.302872620904205 ], [ 93.002151339807028, 13.304300961670741 ], [ 92.994868418197427, 13.297588919664507 ], [ 93.007826313017247, 13.320887562247327 ], [ 93.012825285351866, 13.302872620904205 ] ] ], [ [ [ 93.021595917261479, 13.315332353006481 ], [ 93.021812943240008, 13.315232972978366 ], [ 93.021559111154488, 13.315029414544096 ], [ 93.021595917261479, 13.315332353006481 ] ] ], [ [ [ 93.019804162547601, 13.316457415012255 ], [ 93.023136482091132, 13.307583548224597 ], [ 93.021200060383705, 13.301601156143555 ], [ 93.013847493650601, 13.308719044443183 ], [ 93.022795260538658, 13.328842314078647 ], [ 93.019804162547601, 13.316457415012255 ] ] ], [ [ [ 93.022075882899045, 13.315739458254162 ], [ 93.022177343496708, 13.315992688382607 ], [ 93.022366685350846, 13.315857126837571 ], [ 93.022075882899045, 13.315739458254162 ] ] ], [ [ [ 93.02187710280063, 13.316363310732678 ], [ 93.022057053870654, 13.316603008545245 ], [ 93.022204854731385, 13.316444824637978 ], [ 93.02187710280063, 13.316363310732678 ] ] ], [ [ [ 93.02127156206565, 13.318148959080379 ], [ 93.021326831053614, 13.3184609468099 ], [ 93.021516140409048, 13.318406768675619 ], [ 93.02127156206565, 13.318148959080379 ] ] ], [ [ [ 92.997206704840721, 13.322147847128843 ], [ 93.005470825886022, 13.322785397025113 ], [ 93.000215588534999, 13.31623612556678 ], [ 92.997206704840721, 13.322147847128843 ] ] ], [ [ [ 93.006605258839343, 13.335079184146377 ], [ 93.007024576798457, 13.33681553431107 ], [ 93.008285550498229, 13.335749098933402 ], [ 93.006605258839343, 13.335079184146377 ] ] ], [ [ [ 93.012942881203955, 13.338590516894225 ], [ 93.015084910236027, 13.339301278413762 ], [ 93.014993056556634, 13.33820709927913 ], [ 93.012942881203955, 13.338590516894225 ] ] ], [ [ [ 93.038407464019997, 13.322219910291466 ], [ 93.044765854407473, 13.34744144645742 ], [ 93.038430474223873, 13.361893775779629 ], [ 93.049617826428531, 13.365224915974162 ], [ 93.053763948592191, 13.38306684639169 ], [ 93.070733143755646, 13.349098455423132 ], [ 93.088062401124901, 13.346036089332152 ], [ 93.071482221361464, 13.322662937023475 ], [ 93.07805693509458, 13.296287264049504 ], [ 93.05846572696143, 13.32889470639657 ], [ 93.038407464019997, 13.322219910291466 ] ] ], [ [ [ 93.020136568880829, 13.338109786131527 ], [ 93.017426952470245, 13.336666388333278 ], [ 93.015775727851207, 13.343248615117343 ], [ 93.020136568880829, 13.338109786131527 ] ] ], [ [ [ 93.038094909309294, 13.344477871355592 ], [ 93.03857087446832, 13.343365807861218 ], [ 93.035311330615869, 13.342785973449018 ], [ 93.038094909309294, 13.344477871355592 ] ] ], [ [ [ 93.034967450323208, 13.361476634487165 ], [ 93.036140363164193, 13.361332363168476 ], [ 93.035281647141545, 13.360920632928176 ], [ 93.034967450323208, 13.361476634487165 ] ] ], [ [ [ 93.077342341419737, 13.363829914778522 ], [ 93.076589915840373, 13.362572875266402 ], [ 93.072105612639376, 13.36556505526554 ], [ 93.077342341419737, 13.363829914778522 ] ] ], [ [ [ 93.036134735218198, 13.364135524001085 ], [ 93.040196855376394, 13.368147224218001 ], [ 93.040331327625125, 13.366515104401442 ], [ 93.036134735218198, 13.364135524001085 ] ] ], [ [ [ 93.040358156779803, 13.369074128405074 ], [ 93.036344813962174, 13.370623558761938 ], [ 93.047297152979098, 13.373574933893318 ], [ 93.040779644565603, 13.365330690005825 ], [ 93.040358156779803, 13.369074128405074 ] ] ], [ [ [ 93.034680973332527, 13.374601660111399 ], [ 93.036024746386872, 13.37462925554286 ], [ 93.034815106592816, 13.37400942644531 ], [ 93.034680973332527, 13.374601660111399 ] ] ], [ [ [ 93.045127247022918, 13.376029541552805 ], [ 93.04570474928417, 13.375853968098053 ], [ 93.045163340825511, 13.375516865855863 ], [ 93.045127247022918, 13.376029541552805 ] ] ], [ [ [ 93.044082339629881, 13.376114873787968 ], [ 93.044382349881403, 13.376571611518379 ], [ 93.044853498082858, 13.376178412352987 ], [ 93.044082339629881, 13.376114873787968 ] ] ], [ [ [ 93.077612379623616, 13.376516519391521 ], [ 93.077783184056457, 13.376814950420481 ], [ 93.077991018711202, 13.376647702504814 ], [ 93.077612379623616, 13.376516519391521 ] ] ], [ [ [ 93.079219465545904, 13.376096331086847 ], [ 93.078027851661489, 13.377230946708858 ], [ 93.079015979258855, 13.377746541355354 ], [ 93.079219465545904, 13.376096331086847 ] ] ], [ [ [ 93.077011896594783, 13.377370920533565 ], [ 93.077316686776072, 13.377312200431652 ], [ 93.077062739307124, 13.377131304525975 ], [ 93.077011896594783, 13.377370920533565 ] ] ], [ [ [ 93.077579875939861, 13.377461448089813 ], [ 93.077843111740606, 13.37737107130506 ], [ 93.077547598075085, 13.377212775633655 ], [ 93.077579875939861, 13.377461448089813 ] ] ], [ [ [ 93.06690140280422, 13.385941097342471 ], [ 93.060811120345008, 13.382489972488255 ], [ 93.05940645221159, 13.385550487968697 ], [ 93.06690140280422, 13.385941097342471 ] ] ], [ [ [ 93.071338066313515, 13.41334060882294 ], [ 93.065530338809324, 13.422643996908102 ], [ 93.072179275204661, 13.432275590148141 ], [ 93.071338066313515, 13.41334060882294 ] ] ], [ [ [ 93.076488776030246, 13.431964458799904 ], [ 93.075749489703767, 13.433307118294874 ], [ 93.076954937300258, 13.433791110145309 ], [ 93.076488776030246, 13.431964458799904 ] ] ], [ [ [ 93.073421536732781, 13.433374490247401 ], [ 93.074248372227544, 13.43313954854826 ], [ 93.073066062449172, 13.432483742497489 ], [ 93.073421536732781, 13.433374490247401 ] ] ], [ [ [ 93.052875129371301, 13.558909251725847 ], [ 93.050761220616067, 13.565473378924954 ], [ 93.055642422474122, 13.562129065198768 ], [ 93.052875129371301, 13.558909251725847 ] ] ], [ [ [ 93.002311699164096, 13.570699419680025 ], [ 93.000000000604402, 13.568609533521581 ], [ 92.998224390319223, 13.570678412772232 ], [ 93.002311699164096, 13.570699419680025 ] ] ], [ [ [ 93.003624999804927, 13.584398000293024 ], [ 93.00341800026861, 13.584950000589993 ], [ 93.00422299981885, 13.5847200006656 ], [ 93.003624999804927, 13.584398000293024 ] ] ], [ [ [ 93.01519801740227, 13.629769505339359 ], [ 93.014403108222396, 13.62932609314308 ], [ 93.014799343774314, 13.632269522172871 ], [ 93.01519801740227, 13.629769505339359 ] ] ], [ [ [ 93.013475914823943, 13.635171519511495 ], [ 93.013915150620889, 13.635022511937549 ], [ 93.012834291808574, 13.633091518931991 ], [ 93.013475914823943, 13.635171519511495 ] ] ], [ [ [ 93.046127153590447, 13.619843329223745 ], [ 93.042685061629371, 13.642692071078063 ], [ 93.068252921527389, 13.650705751660562 ], [ 93.046127153590447, 13.619843329223745 ] ] ], [ [ [ 93.010349335234181, 13.638493175578613 ], [ 93.010081038211212, 13.638854746318794 ], [ 93.010372285157089, 13.63884583437752 ], [ 93.010349335234181, 13.638493175578613 ] ] ], [ [ [ 93.034243750773214, 13.642051779576123 ], [ 93.034844153500387, 13.643652469080948 ], [ 93.035232707532671, 13.64303773013695 ], [ 93.034243750773214, 13.642051779576123 ] ] ], [ [ [ 93.033322524615286, 13.645451343828169 ], [ 93.034741275880052, 13.646871476181779 ], [ 93.034672547761986, 13.645176029130624 ], [ 93.033322524615286, 13.645451343828169 ] ] ], [ [ [ 93.009561288155524, 13.662753193127406 ], [ 93.003716830822185, 13.67316716124566 ], [ 93.026280390879592, 13.671766216402617 ], [ 93.032574282151018, 13.631218557168649 ], [ 93.019750043018135, 13.622117122883962 ], [ 93.013361260458893, 13.64333663316471 ], [ 92.971319854355528, 13.649658495018562 ], [ 92.979669701237995, 13.666609695851285 ], [ 93.009561288155524, 13.662753193127406 ] ] ], [ [ [ 93.031110000181698, 13.662712999920442 ], [ 93.031753999762955, 13.662299000041378 ], [ 93.031064000621583, 13.662276000349411 ], [ 93.031110000181698, 13.662712999920442 ] ] ], [ [ [ 93.029756111816212, 13.663343870356668 ], [ 93.029752501630583, 13.663606937710973 ], [ 93.03019533637648, 13.663440427205407 ], [ 93.029756111816212, 13.663343870356668 ] ] ], [ [ [ 93.026924000611558, 13.670970000063516 ], [ 93.026855000384543, 13.671430000573183 ], [ 93.027246000081291, 13.671384000099893 ], [ 93.026924000611558, 13.670970000063516 ] ] ], [ [ [ 93.547042700112328, 7.513834700533474 ], [ 93.541454699379685, 7.511876699845966 ], [ 93.540574699308081, 7.52421870053821 ], [ 93.547042700112328, 7.513834700533474 ] ] ], [ [ [ 93.44159650339661, 7.877574016304893 ], [ 93.442235717136214, 7.876665098794382 ], [ 93.441238094591696, 7.876724040660235 ], [ 93.44159650339661, 7.877574016304893 ] ] ], [ [ [ 93.387251678777233, 7.892006762269784 ], [ 93.387736862210005, 7.891052747500707 ], [ 93.386285872425702, 7.891310525721567 ], [ 93.387251678777233, 7.892006762269784 ] ] ], [ [ [ 93.387052292996998, 7.895922247929359 ], [ 93.389138354590386, 7.900335009305781 ], [ 93.390974822303022, 7.896482761852063 ], [ 93.387052292996998, 7.895922247929359 ] ] ], [ [ [ 93.399736069254004, 7.901921520589153 ], [ 93.39871552573787, 7.898494384960753 ], [ 93.395069689306098, 7.898625656893699 ], [ 93.399736069254004, 7.901921520589153 ] ] ], [ [ [ 93.392543886274964, 7.899430633021249 ], [ 93.391083740368146, 7.899530143270265 ], [ 93.390371845169255, 7.901741051153248 ], [ 93.392543886274964, 7.899430633021249 ] ] ], [ [ [ 93.568517152890536, 7.927054110837141 ], [ 93.568811920747777, 7.926990844332693 ], [ 93.56849903835824, 7.926877754865469 ], [ 93.568517152890536, 7.927054110837141 ] ] ], [ [ [ 93.322610678722256, 7.931565342061269 ], [ 93.32623427064118, 7.930982524990645 ], [ 93.323427154757596, 7.930186454261112 ], [ 93.322610678722256, 7.931565342061269 ] ] ], [ [ [ 93.334791016988376, 7.93871491662689 ], [ 93.338826979549296, 7.942739307073106 ], [ 93.340201288294338, 7.940438024335787 ], [ 93.334791016988376, 7.93871491662689 ] ] ], [ [ [ 93.411975676845017, 7.906934791140011 ], [ 93.388095413807406, 7.901582886589021 ], [ 93.3679572873111, 7.877665195358371 ], [ 93.334994295324464, 7.900143462035857 ], [ 93.326811084853929, 7.923463681835845 ], [ 93.341149933792664, 7.930170144837518 ], [ 93.341828852500711, 7.946858487972476 ], [ 93.331891974686798, 7.94950708217096 ], [ 93.338554549759863, 7.946103160862124 ], [ 93.33148956334054, 7.938289620805994 ], [ 93.337857107352335, 7.935233837776066 ], [ 93.323594263216251, 7.935856189251763 ], [ 93.321078101487075, 7.929349758152613 ], [ 93.324475318945019, 7.925185950146456 ], [ 93.321954173450195, 7.922934050869755 ], [ 93.300610481778889, 7.961479660482795 ], [ 93.319977032025832, 8.007378550851941 ], [ 93.369454901753386, 8.023525207823779 ], [ 93.401365928596888, 8.008781475613102 ], [ 93.403617379259614, 7.961557600682415 ], [ 93.420911411273664, 7.96861386811769 ], [ 93.451901072090735, 7.939293012183477 ], [ 93.466207785935183, 7.891097250688571 ], [ 93.443219362502063, 7.875064391056656 ], [ 93.432022640438021, 7.898866441937676 ], [ 93.411975676845017, 7.906934791140011 ] ] ], [ [ [ 93.522076861117114, 8.026178556274559 ], [ 93.543766247585623, 7.991361361268735 ], [ 93.534092885824023, 8.026289955211341 ], [ 93.553634242433347, 8.026338943075695 ], [ 93.573311317311735, 7.994228094945152 ], [ 93.569419440198061, 7.928265923509119 ], [ 93.494716076232862, 7.99324075893459 ], [ 93.515928223051745, 8.00068266095249 ], [ 93.522076861117114, 8.026178556274559 ] ] ], [ [ [ 93.476883222376443, 8.009916312911642 ], [ 93.477472933049285, 8.00934189018829 ], [ 93.476624443662828, 8.009233514671726 ], [ 93.476883222376443, 8.009916312911642 ] ] ], [ [ [ 93.47785439056446, 8.011028748783378 ], [ 93.478702782049922, 8.010739040599388 ], [ 93.477427602285857, 8.009766978888759 ], [ 93.47785439056446, 8.011028748783378 ] ] ], [ [ [ 93.474728931239852, 8.014041440718893 ], [ 93.475200899548582, 8.01459310918727 ], [ 93.475581931527344, 8.01435333280755 ], [ 93.474728931239852, 8.014041440718893 ] ] ], [ [ [ 93.474343402547802, 8.0150998167572 ], [ 93.474665727870004, 8.015882131302478 ], [ 93.47507410566746, 8.015746433569417 ], [ 93.474343402547802, 8.0150998167572 ] ] ], [ [ [ 93.474829317910348, 8.017035392647152 ], [ 93.475573475408027, 8.017229730672925 ], [ 93.475609756625801, 8.016980944597847 ], [ 93.474829317910348, 8.017035392647152 ] ] ], [ [ [ 93.473599155172991, 8.03590853286696 ], [ 93.47469725173606, 8.035695788663936 ], [ 93.473580876340208, 8.03493619041997 ], [ 93.473599155172991, 8.03590853286696 ] ] ], [ [ [ 93.493662248688238, 8.046857590554488 ], [ 93.493254256541633, 8.048381745941287 ], [ 93.495137280141762, 8.048087319377853 ], [ 93.493662248688238, 8.046857590554488 ] ] ], [ [ [ 93.513643040258941, 8.064548428118776 ], [ 93.513769948052754, 8.064932778827869 ], [ 93.514092010605182, 8.064837852608076 ], [ 93.513643040258941, 8.064548428118776 ] ] ], [ [ [ 93.514467395090463, 8.069087979415594 ], [ 93.514530872047132, 8.069476841852923 ], [ 93.514871127879033, 8.069269008739322 ], [ 93.514467395090463, 8.069087979415594 ] ] ], [ [ [ 93.513132024045504, 8.075218572405793 ], [ 93.51379420964436, 8.075661769148162 ], [ 93.514198134079791, 8.075056049827555 ], [ 93.513132024045504, 8.075218572405793 ] ] ], [ [ [ 93.578209841338264, 8.074240951994762 ], [ 93.560763660968988, 8.092988398643778 ], [ 93.56766939024952, 8.119583688843903 ], [ 93.560870100519196, 8.108053394843607 ], [ 93.552869263821762, 8.120390620457677 ], [ 93.570522195048241, 8.127487259330849 ], [ 93.584759667232007, 8.038071159878927 ], [ 93.562586765496732, 8.067484054421557 ], [ 93.578209841338264, 8.074240951994762 ] ] ], [ [ [ 93.492790689512873, 8.146169365630884 ], [ 93.537762551801094, 8.089986775698849 ], [ 93.540795130147856, 8.036138791987517 ], [ 93.521258717003448, 8.050588902536775 ], [ 93.514445247294788, 8.0334830168638 ], [ 93.498451159950207, 8.03592063859576 ], [ 93.491087513490143, 7.998454354537272 ], [ 93.47585222600452, 8.046102036831879 ], [ 93.499114215025159, 8.038046079952428 ], [ 93.49377872249984, 8.057521824204306 ], [ 93.50184676476006, 8.069007578729119 ], [ 93.503848526612543, 8.0500322930534 ], [ 93.51569197888206, 8.05325476395762 ], [ 93.521155930161356, 8.080383982755873 ], [ 93.504581968843326, 8.085655763052237 ], [ 93.475749355280982, 8.052899545741647 ], [ 93.469717139587175, 8.088611362232879 ], [ 93.487861983716243, 8.095065431243372 ], [ 93.458782865271161, 8.102113502845867 ], [ 93.437467062280533, 8.170381252918988 ], [ 93.486754460985452, 8.1985152947972 ], [ 93.481930500697871, 8.221183688499149 ], [ 93.513309987934193, 8.235059540727562 ], [ 93.534632788441883, 8.228997386187414 ], [ 93.536526585411011, 8.202403696077463 ], [ 93.492790689512873, 8.146169365630884 ] ] ], [ [ [ 93.193733184167698, 8.186386247920677 ], [ 93.193814827902202, 8.186630435481939 ], [ 93.194073528923298, 8.186548992986411 ], [ 93.193733184167698, 8.186386247920677 ] ] ], [ [ [ 93.197069159518236, 8.190355302110321 ], [ 93.197196273304655, 8.190563284066601 ], [ 93.197441326479833, 8.190418528313858 ], [ 93.197069159518236, 8.190355302110321 ] ] ], [ [ [ 93.187938896974231, 8.190338761089151 ], [ 93.187916271999654, 8.19068693020445 ], [ 93.188279293721948, 8.190609964966097 ], [ 93.187938896974231, 8.190338761089151 ] ] ], [ [ [ 93.186246861366669, 8.194159517420189 ], [ 93.186569008753395, 8.193838437257398 ], [ 93.186051630643945, 8.193689336608955 ], [ 93.186246861366669, 8.194159517420189 ] ] ], [ [ [ 93.174865683054435, 8.19411585604993 ], [ 93.175333074538258, 8.194152015539746 ], [ 93.175219585084307, 8.193727020596478 ], [ 93.174865683054435, 8.19411585604993 ] ] ], [ [ [ 93.187821676095069, 8.195149442290507 ], [ 93.187794457198336, 8.195380022504532 ], [ 93.188134822127978, 8.195379954865052 ], [ 93.187821676095069, 8.195149442290507 ] ] ], [ [ [ 93.21107451445593, 8.196795336856246 ], [ 93.211061025090586, 8.197039479745518 ], [ 93.211464877809931, 8.197089198525958 ], [ 93.21107451445593, 8.196795336856246 ] ] ], [ [ [ 93.12655935528467, 8.215992753024278 ], [ 93.126532126703793, 8.216309261886195 ], [ 93.12707663302001, 8.21637258922507 ], [ 93.12655935528467, 8.215992753024278 ] ] ], [ [ [ 93.117573601029619, 8.219175674902123 ], [ 93.11766888625597, 8.219012919048394 ], [ 93.117169769941796, 8.218931565253554 ], [ 93.117573601029619, 8.219175674902123 ] ] ], [ [ [ 93.117088016169603, 8.220346658246196 ], [ 93.117314894801495, 8.220292409166346 ], [ 93.117051734139167, 8.220156804866622 ], [ 93.117088016169603, 8.220346658246196 ] ] ], [ [ [ 93.238474699674597, 8.221412000291407 ], [ 93.237862700232526, 8.22238400016451 ], [ 93.23865470024657, 8.222384000420226 ], [ 93.238474699674597, 8.221412000291407 ] ] ], [ [ [ 93.233939769735002, 8.223908213854719 ], [ 93.233776464654255, 8.224120785170328 ], [ 93.234148664738967, 8.224333225553506 ], [ 93.233939769735002, 8.223908213854719 ] ] ], [ [ [ 93.227295898780852, 8.224547463406269 ], [ 93.226252028512704, 8.224375918222767 ], [ 93.22657435554531, 8.224868710669627 ], [ 93.227295898780852, 8.224547463406269 ] ] ], [ [ [ 93.242252089200591, 8.233052326181527 ], [ 93.242383689069456, 8.232961883966897 ], [ 93.242120382168551, 8.232817316677581 ], [ 93.242252089200591, 8.233052326181527 ] ] ], [ [ [ 93.241834768906614, 8.233916049622957 ], [ 93.241993626728345, 8.233857249332528 ], [ 93.241780324018436, 8.233821105304695 ], [ 93.241834768906614, 8.233916049622957 ] ] ], [ [ [ 93.242030000323993, 8.234096839134061 ], [ 93.242007309388399, 8.234259578771415 ], [ 93.242143484933251, 8.234227928815324 ], [ 93.242030000323993, 8.234096839134061 ] ] ], [ [ [ 93.229500806882186, 8.221802564277652 ], [ 93.209693268296789, 8.251404109642399 ], [ 93.226621309315334, 8.265714441084841 ], [ 93.241150027639804, 8.235643312842612 ], [ 93.229500806882186, 8.221802564277652 ] ] ], [ [ [ 93.226421887444658, 8.266799636327374 ], [ 93.226630762614803, 8.267003038656116 ], [ 93.22673061091632, 8.2669397545161 ], [ 93.226421887444658, 8.266799636327374 ] ] ], [ [ [ 93.117226292871422, 8.35650505542797 ], [ 93.133505868755748, 8.346540219761902 ], [ 93.119724294432075, 8.272803199102894 ], [ 93.19282650469988, 8.218600299238055 ], [ 93.190903119063023, 8.196116489234987 ], [ 93.111623865238244, 8.223642560498712 ], [ 93.075842679156281, 8.273460319166022 ], [ 93.084931695034555, 8.340800828096572 ], [ 93.117226292871422, 8.35650505542797 ] ] ], [ [ [ 93.089169976883639, 8.345994394011552 ], [ 93.089633136363176, 8.345831472710456 ], [ 93.08886561640746, 8.345533147262449 ], [ 93.089169976883639, 8.345994394011552 ] ] ], [ [ [ 93.606247491695157, 8.432324338153279 ], [ 93.606170281429243, 8.432500651771806 ], [ 93.606519959680995, 8.432527788930852 ], [ 93.606247491695157, 8.432324338153279 ] ] ], [ [ [ 93.606483496221458, 8.435882496990351 ], [ 93.606401708070308, 8.436036296295127 ], [ 93.607082830760802, 8.436334717721239 ], [ 93.606483496221458, 8.435882496990351 ] ] ], [ [ [ 93.607140945196136, 8.456716325530216 ], [ 93.605787691932335, 8.45750297404776 ], [ 93.606287144839158, 8.457846629275712 ], [ 93.607140945196136, 8.456716325530216 ] ] ], [ [ [ 93.602689069528324, 8.486203482426212 ], [ 93.603088628796783, 8.487482982604766 ], [ 93.603910721310086, 8.486714435768418 ], [ 93.602689069528324, 8.486203482426212 ] ] ], [ [ [ 93.606067238181296, 8.498749959665766 ], [ 93.60610812410971, 8.498519433401386 ], [ 93.605581304831659, 8.498487782048796 ], [ 93.606067238181296, 8.498749959665766 ] ] ], [ [ [ 93.602263724181014, 8.539110858246133 ], [ 93.602377204405954, 8.539336983438238 ], [ 93.60294953073678, 8.539034086065801 ], [ 93.602263724181014, 8.539110858246133 ] ] ], [ [ [ 93.600332650141056, 8.549712947515182 ], [ 93.600441694195325, 8.549948034163474 ], [ 93.600609710708596, 8.549893866580675 ], [ 93.600332650141056, 8.549712947515182 ] ] ], [ [ [ 93.599778002081138, 8.557959613995722 ], [ 93.599787146388095, 8.558054570693354 ], [ 93.599887072623503, 8.558036416772193 ], [ 93.599778002081138, 8.557959613995722 ] ] ], [ [ [ 93.599673547442578, 8.558393566122335 ], [ 93.599841562963931, 8.55845236802419 ], [ 93.599718964627712, 8.558267048692896 ], [ 93.599673547442578, 8.558393566122335 ] ] ], [ [ [ 93.59991428216901, 8.558642287232114 ], [ 93.600009616943993, 8.558651365342536 ], [ 93.599932412291693, 8.558556423330733 ], [ 93.59991428216901, 8.558642287232114 ] ] ], [ [ [ 93.599419127310455, 8.558574404240153 ], [ 93.599514506541766, 8.558728200008709 ], [ 93.599591707785891, 8.558646767334796 ], [ 93.599419127310455, 8.558574404240153 ] ] ], [ [ [ 93.600631753883235, 8.561526833871481 ], [ 93.600845236498486, 8.561721237470051 ], [ 93.600867895037524, 8.561567530154331 ], [ 93.600631753883235, 8.561526833871481 ] ] ], [ [ [ 93.600445458637921, 8.561807150799009 ], [ 93.600459112590457, 8.561938279435951 ], [ 93.600586292329652, 8.561856860007479 ], [ 93.600445458637921, 8.561807150799009 ] ] ], [ [ [ 93.600999540086107, 8.56329018306495 ], [ 93.601431060609173, 8.563452951735142 ], [ 93.601417427155241, 8.563335391086762 ], [ 93.600999540086107, 8.56329018306495 ] ] ], [ [ [ 93.600985908467891, 8.563520757020127 ], [ 93.600413630559714, 8.56329914365689 ], [ 93.600386328553341, 8.563968321897146 ], [ 93.600985908467891, 8.563520757020127 ] ] ], [ [ [ 93.603002644964135, 8.563339975911388 ], [ 93.602766385759608, 8.5640905221419 ], [ 93.60307980999184, 8.56369712641879 ], [ 93.603002644964135, 8.563339975911388 ] ] ], [ [ [ 93.60283904242965, 8.564700842877494 ], [ 93.602789074779182, 8.564822935942392 ], [ 93.602979873128149, 8.564863610760492 ], [ 93.60283904242965, 8.564700842877494 ] ] ], [ [ [ 93.603075202894914, 8.56584925691909 ], [ 93.603229666732005, 8.565840242396579 ], [ 93.603052509180685, 8.565691008291079 ], [ 93.603075202894914, 8.56584925691909 ] ] ], [ [ [ 93.603170534937775, 8.566893693556827 ], [ 93.60345670178107, 8.567020236032132 ], [ 93.603297735242577, 8.56676704852428 ], [ 93.603170534937775, 8.566893693556827 ] ] ], [ [ [ 93.602866203665187, 8.567119656063598 ], [ 93.602798001370061, 8.567318658229057 ], [ 93.602988814583924, 8.56730958652741 ], [ 93.602866203665187, 8.567119656063598 ] ] ], [ [ [ 93.607140367317982, 8.570045109977682 ], [ 93.607222102842641, 8.570244057849466 ], [ 93.607335642963449, 8.570099433712022 ], [ 93.607140367317982, 8.570045109977682 ] ] ], [ [ [ 93.607385605403792, 8.570375221906341 ], [ 93.607453693547086, 8.57050626422147 ], [ 93.607671793360311, 8.570397835653745 ], [ 93.607385605403792, 8.570375221906341 ] ] ], [ [ [ 93.607662665839953, 8.570944880016995 ], [ 93.607753462712864, 8.570840902867754 ], [ 93.607503632727003, 8.570881545151046 ], [ 93.607662665839953, 8.570944880016995 ] ] ], [ [ [ 93.607008458178953, 8.573503870265755 ], [ 93.607181005716839, 8.573436034765418 ], [ 93.606981153242998, 8.573304927766534 ], [ 93.607008458178953, 8.573503870265755 ] ] ], [ [ [ 93.606372460784897, 8.573797650364599 ], [ 93.606449748970036, 8.573942335939478 ], [ 93.606567774276641, 8.573874586175275 ], [ 93.606372460784897, 8.573797650364599 ] ] ], [ [ [ 93.602334321436089, 8.573860772581536 ], [ 93.602257137128888, 8.573896891426157 ], [ 93.602456957724428, 8.574181762108761 ], [ 93.602334321436089, 8.573860772581536 ] ] ], [ [ [ 93.601843790393758, 8.574145544105923 ], [ 93.6017528680281, 8.574344490908098 ], [ 93.602025399477924, 8.574349041366553 ], [ 93.601843790393758, 8.574145544105923 ] ] ], [ [ [ 93.605627549865261, 8.574290494875498 ], [ 93.605654791182388, 8.574507437640902 ], [ 93.605750128411671, 8.574285961242859 ], [ 93.605627549865261, 8.574290494875498 ] ] ], [ [ [ 93.602933877248034, 8.574774086137088 ], [ 93.603061026451698, 8.574728844148567 ], [ 93.602843069576977, 8.574584196777341 ], [ 93.602933877248034, 8.574774086137088 ] ] ], [ [ [ 93.605559330390548, 8.574593331877717 ], [ 93.605395873648618, 8.574606883827725 ], [ 93.605486682099652, 8.574796863963641 ], [ 93.605559330390548, 8.574593331877717 ] ] ], [ [ [ 93.605082402397386, 8.575031938544923 ], [ 93.605105125047814, 8.575149486029444 ], [ 93.605245916185197, 8.575054475225105 ], [ 93.605082402397386, 8.575031938544923 ] ] ], [ [ [ 93.602802129523781, 8.575072499421045 ], [ 93.602824851073521, 8.575190046320834 ], [ 93.602965643515915, 8.575095127245879 ], [ 93.602802129523781, 8.575072499421045 ] ] ], [ [ [ 93.602815711735374, 8.575560716822245 ], [ 93.602897537720239, 8.575529113715591 ], [ 93.602802070424502, 8.575438724413459 ], [ 93.602815711735374, 8.575560716822245 ] ] ], [ [ [ 93.602683988146481, 8.576451384584949 ], [ 93.602820199922775, 8.576275069833413 ], [ 93.602665772544611, 8.57625251746439 ], [ 93.602683988146481, 8.576451384584949 ] ] ], [ [ [ 93.602502281065611, 8.57653280006009 ], [ 93.602520405488207, 8.576731757622074 ], [ 93.602656708531555, 8.57655544300105 ], [ 93.602502281065611, 8.57653280006009 ] ] ], [ [ [ 93.608636699294664, 8.579900899594131 ], [ 93.607989299450239, 8.578655900132327 ], [ 93.60644550005415, 8.581021400378317 ], [ 93.608636699294664, 8.579900899594131 ] ] ], [ [ [ 93.598245765900245, 8.580036419396549 ], [ 93.59787788947196, 8.579964087716588 ], [ 93.596169685300723, 8.582545590442786 ], [ 93.598245765900245, 8.580036419396549 ] ] ], [ [ [ 93.082829929832869, 12.078274600652433 ], [ 93.082370489173698, 12.078270016298413 ], [ 93.082843629056725, 12.078871462695442 ], [ 93.082829929832869, 12.078274600652433 ] ] ], [ [ [ 93.108564918327687, 12.14494863787726 ], [ 93.124952795986346, 12.152102061081512 ], [ 93.112421042176749, 12.129245114455856 ], [ 93.108564918327687, 12.14494863787726 ] ] ], [ [ [ 93.085483268687085, 12.238386123535216 ], [ 93.104336304864731, 12.2640136259458 ], [ 93.100118795082366, 12.200419523902982 ], [ 93.087736606473712, 12.227342515172532 ], [ 93.083426648960696, 12.21678158873023 ], [ 93.061808911268855, 12.233453641732094 ], [ 93.072525772652909, 12.262264160454869 ], [ 93.085483268687085, 12.238386123535216 ] ] ], [ [ [ 93.079802163896474, 13.294858859605332 ], [ 93.079742130434141, 13.29497640153334 ], [ 93.080157568764989, 13.295134717275591 ], [ 93.079802163896474, 13.294858859605332 ] ] ], [ [ [ 93.081777553377876, 13.297070088232511 ], [ 93.081925197296002, 13.297522237833505 ], [ 93.082128339657046, 13.297391154655509 ], [ 93.081777553377876, 13.297070088232511 ] ] ], [ [ [ 93.079926246255368, 13.297933331438927 ], [ 93.080027832837715, 13.297784147682661 ], [ 93.079704735946436, 13.297526380365586 ], [ 93.079926246255368, 13.297933331438927 ] ] ], [ [ [ 93.080544799370088, 13.298145937224076 ], [ 93.080558604505995, 13.298394608321701 ], [ 93.08079409342065, 13.298087202958243 ], [ 93.080544799370088, 13.298145937224076 ] ] ], [ [ [ 93.081117124248863, 13.298729275167778 ], [ 93.081458702161086, 13.298919225579077 ], [ 93.081444894871723, 13.298684117865641 ], [ 93.081117124248863, 13.298729275167778 ] ] ], [ [ [ 93.081906365183983, 13.299642699931363 ], [ 93.082012478908098, 13.300008938706178 ], [ 93.082118673218304, 13.29990496787766 ], [ 93.081906365183983, 13.299642699931363 ] ] ], [ [ [ 93.082307945802469, 13.299904999315412 ], [ 93.082326353847407, 13.300239574418967 ], [ 93.082589512475138, 13.300094937787209 ], [ 93.082307945802469, 13.299904999315412 ] ] ], [ [ [ 93.082829525645735, 13.300330081502022 ], [ 93.083004953347526, 13.300298461715542 ], [ 93.08282955523876, 13.300153753016867 ], [ 93.082829525645735, 13.300330081502022 ] ] ], [ [ [ 93.080643488056353, 13.366312648627661 ], [ 93.080929763476718, 13.36641668511032 ], [ 93.080666603110501, 13.366158930533262 ], [ 93.080643488056353, 13.366312648627661 ] ] ], [ [ [ 93.081082136600074, 13.366470965807208 ], [ 93.081340694947883, 13.366642815213254 ], [ 93.08139613296963, 13.366493623757327 ], [ 93.081082136600074, 13.366470965807208 ] ] ], [ [ [ 93.080643426762606, 13.366656261420884 ], [ 93.080643391718979, 13.366855195842477 ], [ 93.080832709500555, 13.366891397102989 ], [ 93.080643426762606, 13.366656261420884 ] ] ], [ [ [ 93.081996289638823, 13.367298501399963 ], [ 93.082014739063496, 13.367425098905189 ], [ 93.082324115537261, 13.367470361088877 ], [ 93.081996289638823, 13.367298501399963 ] ] ], [ [ [ 93.081695629648038, 13.370268896408851 ], [ 93.082873430257663, 13.368591713551531 ], [ 93.079220894581525, 13.368270094206638 ], [ 93.081695629648038, 13.370268896408851 ] ] ], [ [ [ 93.079778060165282, 13.377005194045507 ], [ 93.0800551310397, 13.377005241644394 ], [ 93.079741180565719, 13.376657053242065 ], [ 93.079778060165282, 13.377005194045507 ] ] ], [ [ [ 93.082988882211453, 13.396229945885288 ], [ 93.083035004947092, 13.396587128848246 ], [ 93.08327517095745, 13.396478658598861 ], [ 93.082988882211453, 13.396229945885288 ] ] ], [ [ [ 93.081644923732711, 13.396564298191189 ], [ 93.082092585359405, 13.39836381411158 ], [ 93.082596045255571, 13.39794794400016 ], [ 93.081644923732711, 13.396564298191189 ] ] ], [ [ [ 93.090205718346013, 13.40677898012245 ], [ 93.085802925873324, 13.416101098802617 ], [ 93.092069520055958, 13.422662216463708 ], [ 93.093256869861051, 13.419917988034573 ], [ 93.090205718346013, 13.40677898012245 ] ] ], [ [ [ 93.104424104023749, 13.429110663315265 ], [ 93.095791225285069, 13.431406650192104 ], [ 93.104326603906927, 13.435652830965692 ], [ 93.104424104023749, 13.429110663315265 ] ] ], [ [ [ 93.087153650094635, 13.433105542734937 ], [ 93.087551024531777, 13.432101892137807 ], [ 93.086590251705545, 13.432373026658983 ], [ 93.087153650094635, 13.433105542734937 ] ] ], [ [ [ 93.107993058026025, 13.655777221976896 ], [ 93.108043876554447, 13.656509439584942 ], [ 93.108538459393586, 13.656283439354068 ], [ 93.107993058026025, 13.655777221976896 ] ] ], [ [ [ 93.110350104882201, 13.657449631092833 ], [ 93.11050253848255, 13.657955838074766 ], [ 93.110682853774875, 13.657775094041728 ], [ 93.110350104882201, 13.657449631092833 ] ] ], [ [ [ 93.105742140931397, 13.657725075090941 ], [ 93.105922396246996, 13.658231272831529 ], [ 93.106232005617372, 13.658104729827265 ], [ 93.105742140931397, 13.657725075090941 ] ] ], [ [ [ 93.1073455964831, 13.661648263357012 ], [ 93.10786329714837, 13.661196289140968 ], [ 93.107322624224722, 13.660739800196978 ], [ 93.1073455964831, 13.661648263357012 ] ] ], [ [ [ 93.847433749884601, 6.782037867170011 ], [ 93.847812183330959, 6.781868224543496 ], [ 93.847773035031949, 6.781646383892232 ], [ 93.847433749884601, 6.782037867170011 ] ] ], [ [ [ 93.949307530873199, 6.935016391902087 ], [ 93.949475116609719, 6.935807655791769 ], [ 93.950497590287057, 6.935237778620075 ], [ 93.949307530873199, 6.935016391902087 ] ] ], [ [ [ 93.952937300057727, 6.937903600170817 ], [ 93.953227800118242, 6.938335200480422 ], [ 93.953294200653488, 6.937845500000965 ], [ 93.952937300057727, 6.937903600170817 ] ] ], [ [ [ 93.946206000146404, 6.953839600380019 ], [ 93.94618109999692, 6.953972399887245 ], [ 93.946264100698954, 6.953947499777919 ], [ 93.946206000146404, 6.953839600380019 ] ] ], [ [ [ 93.947475900107506, 6.954420600196189 ], [ 93.947658500766778, 6.954254600506166 ], [ 93.947343099996644, 6.95408859999805 ], [ 93.947475900107506, 6.954420600196189 ] ] ], [ [ [ 93.945898900554312, 6.9564872998816 ], [ 93.945957000453845, 6.956445800361664 ], [ 93.945849100250001, 6.95635450053957 ], [ 93.945898900554312, 6.9564872998816 ] ] ], [ [ [ 93.944205699946167, 6.98684870007532 ], [ 93.944247200666808, 6.987081099976344 ], [ 93.944438099948556, 6.987039599956626 ], [ 93.944205699946167, 6.98684870007532 ] ] ], [ [ [ 93.945185100732928, 6.991803799834455 ], [ 93.945201699942999, 6.991978099884909 ], [ 93.945326199990362, 6.991944900198224 ], [ 93.945185100732928, 6.991803799834455 ] ] ], [ [ [ 93.944404900531197, 6.991646099939719 ], [ 93.944205700015843, 6.992202200578419 ], [ 93.944687100411599, 6.992301800597761 ], [ 93.944404900531197, 6.991646099939719 ] ] ], [ [ [ 93.90987861273868, 6.999317083130448 ], [ 93.941351090779037, 6.954342592813862 ], [ 93.915377016706756, 6.947282902996078 ], [ 93.909682069574686, 6.910636245304913 ], [ 93.891474818122575, 6.901196276180849 ], [ 93.897723530172655, 6.813464360997241 ], [ 93.87598728577386, 6.793226355483617 ], [ 93.862411790544485, 6.813532573126968 ], [ 93.84701796242129, 6.811338971065596 ], [ 93.854938509732634, 6.819989095717636 ], [ 93.855245801760688, 6.826197161452241 ], [ 93.847206529412531, 6.834959554193653 ], [ 93.841980855726348, 6.778498552442081 ], [ 93.822479035383154, 6.752782631992987 ], [ 93.79915130067404, 6.766185984200793 ], [ 93.809869673421659, 6.811972857244997 ], [ 93.795489469170349, 6.809511036217232 ], [ 93.777756755052138, 6.832228551262467 ], [ 93.785611946629871, 6.846902488748415 ], [ 93.762626413139955, 6.862894838620045 ], [ 93.776860236962165, 6.880477758419112 ], [ 93.73170887466452, 6.921883601145214 ], [ 93.741010966154519, 6.956258874388833 ], [ 93.726349104962878, 6.958804684798052 ], [ 93.715605340118941, 6.9895474331925 ], [ 93.719808858315432, 6.99084201175096 ], [ 93.725092738229307, 6.982185010726401 ], [ 93.731203928631558, 6.975395617187474 ], [ 93.732760825898339, 6.974717885202993 ], [ 93.733819585561747, 6.975048201582096 ], [ 93.73764413201971, 7.000004472796208 ], [ 93.733072900363084, 6.97502991410706 ], [ 93.717499545669952, 6.994991978954255 ], [ 93.695992263369007, 6.992003756573125 ], [ 93.693104895261982, 7.009635441015465 ], [ 93.698680348217167, 7.009734099454382 ], [ 93.701273576335396, 7.010398322077707 ], [ 93.703219842519147, 7.011835876187642 ], [ 93.70008124905489, 7.025360208612393 ], [ 93.701794143570979, 7.011004121798424 ], [ 93.655026835952924, 7.005493187093545 ], [ 93.66697115945081, 7.022565522664037 ], [ 93.644391387808952, 7.10068514748808 ], [ 93.667273412070273, 7.112606833307579 ], [ 93.648397716208564, 7.110668444677405 ], [ 93.643179325166216, 7.127276219078475 ], [ 93.664994605848136, 7.141987774041563 ], [ 93.66083720551697, 7.177418550412061 ], [ 93.740957198543612, 7.20622969438053 ], [ 93.739218617930405, 7.19394684174793 ], [ 93.749293677538219, 7.215918187586079 ], [ 93.792066838552486, 7.208264008753161 ], [ 93.79622742433483, 7.235429850384659 ], [ 93.837424877634433, 7.240453880091339 ], [ 93.837078165802097, 7.218077079562336 ], [ 93.869948414403396, 7.204713170201917 ], [ 93.881043652875974, 7.089690829872326 ], [ 93.901764605853444, 7.081497159340405 ], [ 93.912442053886537, 7.025135768406291 ], [ 93.944629641847527, 7.00140315719969 ], [ 93.933436617118218, 6.988870060501924 ], [ 93.923428739900388, 7.009508343307316 ], [ 93.90987861273868, 6.999317083130448 ] ] ], [ [ [ 93.946679100514729, 7.011740400713713 ], [ 93.946885000252621, 7.011567900227458 ], [ 93.946645900095049, 7.011441600661682 ], [ 93.946679100514729, 7.011740400713713 ] ] ], [ [ [ 93.94525980043781, 7.012894100632407 ], [ 93.945367700137339, 7.01298540050788 ], [ 93.945423700669437, 7.012945500030191 ], [ 93.94525980043781, 7.012894100632407 ] ] ], [ [ [ 93.926875300005477, 7.028249100593359 ], [ 93.926858700137402, 7.028348699943757 ], [ 93.926943500604537, 7.028354399890329 ], [ 93.926875300005477, 7.028249100593359 ] ] ], [ [ [ 93.904504683525502, 7.077144986165981 ], [ 93.902931151495167, 7.078355395660433 ], [ 93.903294274686715, 7.078234354802621 ], [ 93.904504683525502, 7.077144986165981 ] ] ], [ [ [ 93.718774700195709, 7.206098699896333 ], [ 93.709688699908284, 7.230012699546317 ], [ 93.720732699630943, 7.212984699538514 ], [ 93.718774700195709, 7.206098699896333 ] ] ], [ [ [ 93.787451179320811, 7.243150846032747 ], [ 93.797846100958012, 7.248827207819497 ], [ 93.790494267049539, 7.240999274528548 ], [ 93.787451179320811, 7.243150846032747 ] ] ], [ [ [ 93.844218700189671, 7.287476699753761 ], [ 93.847826700280962, 7.289654700217372 ], [ 93.847672699791005, 7.288576700196959 ], [ 93.844218700189671, 7.287476699753761 ] ] ], [ [ [ 93.622953211955888, 7.327848469743309 ], [ 93.619470678731247, 7.325180837907818 ], [ 93.616916448842005, 7.330624566495132 ], [ 93.622953211955888, 7.327848469743309 ] ] ], [ [ [ 93.60709450316692, 7.310508333509734 ], [ 93.623315469769054, 7.322798059020008 ], [ 93.624107998788787, 7.333274237664288 ], [ 93.618329005639339, 7.354461740652161 ], [ 93.619438372289821, 7.374256676068599 ], [ 93.654924903180699, 7.385184043580799 ], [ 93.656305007011724, 7.365963236998166 ], [ 93.670293271707465, 7.391151064785762 ], [ 93.70180406348031, 7.393638055546758 ], [ 93.689884439318604, 7.404224665919856 ], [ 93.699471409571387, 7.447384789821466 ], [ 93.709696367540218, 7.405071365861959 ], [ 93.744080890996045, 7.376723172565213 ], [ 93.713600313691998, 7.311368145413337 ], [ 93.674874906163168, 7.29185939941798 ], [ 93.63580805784143, 7.242813979432189 ], [ 93.60709450316692, 7.310508333509734 ] ] ], [ [ [ 93.762554700271593, 7.396310700298674 ], [ 93.765018699756965, 7.40284470043826 ], [ 93.770606700388385, 7.395848700278834 ], [ 93.762554700271593, 7.396310700298674 ] ] ], [ [ [ 93.670372119474408, 7.409408599614832 ], [ 93.683764556090765, 7.399952749117646 ], [ 93.673754376949034, 7.397611812170954 ], [ 93.670372119474408, 7.409408599614832 ] ] ], [ [ [ 93.630662771883067, 7.472041818314495 ], [ 93.63056765457101, 7.472638669124287 ], [ 93.630848513391967, 7.472643242714677 ], [ 93.630662771883067, 7.472041818314495 ] ] ], [ [ [ 93.64364469945518, 7.471858699855297 ], [ 93.643336700303493, 7.475004700419914 ], [ 93.648110699669459, 7.476852700146406 ], [ 93.64364469945518, 7.471858699855297 ] ] ], [ [ [ 93.621774649298231, 7.477874507759926 ], [ 93.61866229422283, 7.483209799189021 ], [ 93.622426954164411, 7.482518055361554 ], [ 93.621774649298231, 7.477874507759926 ] ] ], [ [ [ 93.633795007647507, 8.394554347934873 ], [ 93.634553178381552, 8.39546303900212 ], [ 93.643569841126876, 8.389214449888906 ], [ 93.633795007647507, 8.394554347934873 ] ] ], [ [ [ 93.635877299611849, 8.392793999542612 ], [ 93.635885599606951, 8.392627999947093 ], [ 93.63548719931417, 8.392652899652798 ], [ 93.635877299611849, 8.392793999542612 ] ] ], [ [ [ 93.625422745907741, 8.394206291154083 ], [ 93.625876768817463, 8.394527295484584 ], [ 93.625985793291818, 8.394319362850675 ], [ 93.625422745907741, 8.394206291154083 ] ] ], [ [ [ 93.63250552289432, 8.394730714091615 ], [ 93.633023112635072, 8.394142872178096 ], [ 93.631207032903419, 8.394843776543077 ], [ 93.63250552289432, 8.394730714091615 ] ] ], [ [ [ 93.627216135344028, 8.394925130189309 ], [ 93.627511308598031, 8.395024605674468 ], [ 93.627556653566927, 8.394925130618581 ], [ 93.627216135344028, 8.394925130189309 ] ] ], [ [ [ 93.627116269750118, 8.395350125730008 ], [ 93.627261538863678, 8.395313986662002 ], [ 93.627084523051678, 8.395264250061112 ], [ 93.627116269750118, 8.395350125730008 ] ] ], [ [ [ 93.62616281464021, 8.395960542228895 ], [ 93.626253630887888, 8.39572541220385 ], [ 93.62602208108467, 8.39576611993291 ], [ 93.62616281464021, 8.395960542228895 ] ] ], [ [ [ 93.62554990187752, 8.397154169855325 ], [ 93.624864321533053, 8.396530167868079 ], [ 93.624555551699672, 8.397755421403023 ], [ 93.62554990187752, 8.397154169855325 ] ] ], [ [ [ 93.63361969934509, 8.396753099923762 ], [ 93.633719299848963, 8.39784040004418 ], [ 93.634001499540176, 8.397483500175307 ], [ 93.63361969934509, 8.396753099923762 ] ] ], [ [ [ 93.62310271819824, 8.398090030372098 ], [ 93.623152644588899, 8.398185012737789 ], [ 93.623297926305284, 8.3980990380837 ], [ 93.62310271819824, 8.398090030372098 ] ] ], [ [ [ 93.623879108679375, 8.398587354042796 ], [ 93.624442097267803, 8.397863959431598 ], [ 93.623724722168049, 8.397692157892612 ], [ 93.623879108679375, 8.398587354042796 ] ] ], [ [ [ 93.623089079995182, 8.398650652539523 ], [ 93.62317532955511, 8.398569293500323 ], [ 93.622980079448283, 8.398420090577611 ], [ 93.623089079995182, 8.398650652539523 ] ] ], [ [ [ 93.623343347456526, 8.398501462436688 ], [ 93.623470471066526, 8.398704950995377 ], [ 93.62357942775914, 8.398623556119833 ], [ 93.623343347456526, 8.398501462436688 ] ] ], [ [ [ 93.623116271164477, 8.398899343376542 ], [ 93.623098132661539, 8.399030432013122 ], [ 93.623288799867254, 8.399039537045017 ], [ 93.623116271164477, 8.398899343376542 ] ] ], [ [ [ 93.623247982148513, 8.399188661070861 ], [ 93.623184410510248, 8.399365045651139 ], [ 93.623402358997026, 8.399337928448389 ], [ 93.623247982148513, 8.399188661070861 ] ] ], [ [ [ 93.632275099512412, 8.399483799631511 ], [ 93.632465999809938, 8.399591699643613 ], [ 93.632333200023083, 8.399417399401022 ], [ 93.632275099512412, 8.399483799631511 ] ] ], [ [ [ 93.62236713083108, 8.400454615881188 ], [ 93.622589653905592, 8.400504372351712 ], [ 93.622367125535121, 8.400337122980831 ], [ 93.62236713083108, 8.400454615881188 ] ] ], [ [ [ 93.622875698557252, 8.400346086964184 ], [ 93.623039064217068, 8.400549609735171 ], [ 93.623148036434458, 8.400477258702729 ], [ 93.622875698557252, 8.400346086964184 ] ] ], [ [ [ 93.622644090209306, 8.400807289428091 ], [ 93.622698535169093, 8.401001667566016 ], [ 93.622857494233216, 8.400834448169295 ], [ 93.622644090209306, 8.400807289428091 ] ] ], [ [ [ 93.622131065993074, 8.400970093046181 ], [ 93.62219911397456, 8.401150882758264 ], [ 93.622330850934006, 8.401114766515356 ], [ 93.622131065993074, 8.400970093046181 ] ] ], [ [ [ 93.622457914530685, 8.402077752631763 ], [ 93.62266229519247, 8.402028045052214 ], [ 93.622353479523809, 8.401919542766269 ], [ 93.622457914530685, 8.402077752631763 ] ] ], [ [ [ 93.623418999308029, 8.41765250015281 ], [ 93.623734399342268, 8.417461599434873 ], [ 93.623377499475396, 8.417171099991448 ], [ 93.623418999308029, 8.41765250015281 ] ] ], [ [ [ 93.61360836888376, 8.417910940866157 ], [ 93.613449436758557, 8.418910103826949 ], [ 93.614234944761932, 8.418543916835347 ], [ 93.61360836888376, 8.417910940866157 ] ] ], [ [ [ 93.622555799298709, 8.418748099753751 ], [ 93.622530899637525, 8.418963899957891 ], [ 93.622730099313742, 8.41891409946119 ], [ 93.622555799298709, 8.418748099753751 ] ] ], [ [ [ 93.622423000086485, 8.419436999512778 ], [ 93.622406399666218, 8.420134199561058 ], [ 93.622754999396491, 8.41963619979248 ], [ 93.622423000086485, 8.419436999512778 ] ] ], [ [ [ 93.613004383517591, 8.420031367421972 ], [ 93.613304074905429, 8.419701304386834 ], [ 93.612904572885967, 8.419638070656625 ], [ 93.613004383517591, 8.420031367421972 ] ] ], [ [ [ 93.612418634125916, 8.420985338140033 ], [ 93.612595721783535, 8.421016990343645 ], [ 93.612804642413963, 8.420207692151774 ], [ 93.612418634125916, 8.420985338140033 ] ] ], [ [ [ 93.62204119951717, 8.420781599384849 ], [ 93.622124199514715, 8.421013999667112 ], [ 93.622248699822961, 8.420939299894471 ], [ 93.62204119951717, 8.420781599384849 ] ] ], [ [ [ 93.613458442826413, 8.420822627128391 ], [ 93.613481108653005, 8.421026100841058 ], [ 93.613758141109841, 8.420958283707941 ], [ 93.613458442826413, 8.420822627128391 ] ] ], [ [ [ 93.621949899413138, 8.42168629983974 ], [ 93.621991399973979, 8.421885499716618 ], [ 93.62210759973145, 8.421794199664554 ], [ 93.621949899413138, 8.42168629983974 ] ] ], [ [ [ 93.612568442130012, 8.423019928666889 ], [ 93.612713768965307, 8.422897867714303 ], [ 93.612423121428662, 8.422857166546017 ], [ 93.612568442130012, 8.423019928666889 ] ] ], [ [ [ 93.620306499833362, 8.425894399366472 ], [ 93.620406100003521, 8.42591100011278 ], [ 93.62034799939164, 8.425819699568056 ], [ 93.620306499833362, 8.425894399366472 ] ] ], [ [ [ 93.619974499937442, 8.427604199873254 ], [ 93.619974499702082, 8.42767059954665 ], [ 93.620032600081302, 8.427720400159458 ], [ 93.619974499937442, 8.427604199873254 ] ] ], [ [ [ 93.626481699619674, 8.428757899896199 ], [ 93.626033500074854, 8.428923899466959 ], [ 93.626282499409456, 8.428998599360332 ], [ 93.626481699619674, 8.428757899896199 ] ] ], [ [ [ 93.616131599668279, 8.454413200226202 ], [ 93.616222899411753, 8.454554299573964 ], [ 93.616330799733362, 8.454504499633927 ], [ 93.616131599668279, 8.454413200226202 ] ] ], [ [ [ 93.617849700097963, 8.455342799702327 ], [ 93.61793269942379, 8.455027399977334 ], [ 93.617725199672662, 8.455060599850555 ], [ 93.617849700097963, 8.455342799702327 ] ] ], [ [ [ 93.617077799906681, 8.455525399823188 ], [ 93.617301899712956, 8.455467299713693 ], [ 93.617077799502837, 8.455434100026459 ], [ 93.617077799906681, 8.455525399823188 ] ] ], [ [ [ 93.616422099953212, 8.455782700173353 ], [ 93.616114999555791, 8.456023399468467 ], [ 93.616588100018092, 8.456496499387493 ], [ 93.616422099953212, 8.455782700173353 ] ] ], [ [ [ 93.617384899868327, 8.45615619937168 ], [ 93.617509399514816, 8.456305599951907 ], [ 93.617592399710674, 8.456255800058692 ], [ 93.617384899868327, 8.45615619937168 ] ] ], [ [ [ 93.620406099665999, 8.458662799742678 ], [ 93.619941300018922, 8.458845400207085 ], [ 93.620439299465517, 8.458928399676941 ], [ 93.620406099665999, 8.458662799742678 ] ] ], [ [ [ 93.611345739356949, 8.459596533606071 ], [ 93.611386625934529, 8.459370438655132 ], [ 93.610401215511274, 8.459356873278308 ], [ 93.611345739356949, 8.459596533606071 ] ] ], [ [ [ 93.62499607174702, 8.471125837854341 ], [ 93.625926997959766, 8.470687301607994 ], [ 93.625409328234952, 8.470334659701685 ], [ 93.62499607174702, 8.471125837854341 ] ] ], [ [ [ 93.61168279966094, 8.485023599738655 ], [ 93.611500199288699, 8.485280899621729 ], [ 93.612471299414381, 8.486268599941537 ], [ 93.61168279966094, 8.485023599738655 ] ] ], [ [ [ 93.629046967112188, 8.487013334840256 ], [ 93.628733548799389, 8.487637299420683 ], [ 93.628965160974104, 8.48771416826151 ], [ 93.629046967112188, 8.487013334840256 ] ] ], [ [ [ 93.628352108819925, 8.487998982637373 ], [ 93.6283066639011, 8.488098459069194 ], [ 93.628656424473917, 8.488089392500777 ], [ 93.628352108819925, 8.487998982637373 ] ] ], [ [ [ 93.61376607743955, 8.462331975677076 ], [ 93.619210367731213, 8.486606414297896 ], [ 93.612065582628574, 8.526320876239396 ], [ 93.600214927769784, 8.544974724488108 ], [ 93.605918246777023, 8.573716236160395 ], [ 93.611670235100917, 8.532537460605321 ], [ 93.614699759105378, 8.528626759772965 ], [ 93.625536578992268, 8.523694229097856 ], [ 93.621471857249915, 8.507621345768577 ], [ 93.632348109115298, 8.467721297324504 ], [ 93.626431071036507, 8.47145141433581 ], [ 93.621167843743535, 8.470881674097193 ], [ 93.61718536973838, 8.468078478412991 ], [ 93.613013418526862, 8.423232421329494 ], [ 93.61376607743955, 8.462331975677076 ] ] ], [ [ [ 93.614496110934766, 8.501612553398893 ], [ 93.613932991811225, 8.501666806052294 ], [ 93.614486986803499, 8.501987837746237 ], [ 93.614496110934766, 8.501612553398893 ] ] ], [ [ [ 93.614264470060618, 8.502720186134507 ], [ 93.614741293552157, 8.502675023450401 ], [ 93.614695922375063, 8.50253942303752 ], [ 93.614264470060618, 8.502720186134507 ] ] ], [ [ [ 93.624296675763702, 8.503036892903674 ], [ 93.624451060721299, 8.503163454037105 ], [ 93.62446929193554, 8.503032364849464 ], [ 93.624296675763702, 8.503036892903674 ] ] ], [ [ [ 93.624128650538012, 8.503127249239853 ], [ 93.623992388595298, 8.503308092757639 ], [ 93.624128675024778, 8.503366936508444 ], [ 93.624128650538012, 8.503127249239853 ] ] ], [ [ [ 93.614468813886404, 8.504610142012183 ], [ 93.614573244522234, 8.504519710130902 ], [ 93.614427888179236, 8.504469921814893 ], [ 93.614468813886404, 8.504610142012183 ] ] ], [ [ [ 93.614691334790678, 8.504962719668802 ], [ 93.614968360376835, 8.50485428722495 ], [ 93.614695909943393, 8.504754772117078 ], [ 93.614691334790678, 8.504962719668802 ] ] ], [ [ [ 93.623047800046606, 8.50478653296563 ], [ 93.622820716160163, 8.505044221395986 ], [ 93.622902467159193, 8.505089495293726 ], [ 93.623047800046606, 8.50478653296563 ] ] ], [ [ [ 93.614209901622189, 8.504967279221825 ], [ 93.614264372268991, 8.505111910553982 ], [ 93.614459668846408, 8.50497176848628 ], [ 93.614209901622189, 8.504967279221825 ] ] ], [ [ [ 93.614341655884843, 8.505432970178266 ], [ 93.61450055148066, 8.505654498494529 ], [ 93.614632252959666, 8.505573158215352 ], [ 93.614341655884843, 8.505432970178266 ] ] ], [ [ [ 93.613941916817737, 8.505790147508058 ], [ 93.614155406908509, 8.505663545170902 ], [ 93.613910121147214, 8.505564077071275 ], [ 93.613941916817737, 8.505790147508058 ] ] ], [ [ [ 93.621830603554017, 8.507820301491769 ], [ 93.621944129839278, 8.507906136054121 ], [ 93.622003137264116, 8.507707236316337 ], [ 93.621830603554017, 8.507820301491769 ] ] ], [ [ [ 93.607887364583007, 8.522631363655771 ], [ 93.607941782612372, 8.522857489139394 ], [ 93.608377821064693, 8.522572617999769 ], [ 93.607887364583007, 8.522631363655771 ] ] ], [ [ [ 93.609790282492668, 8.523065516547154 ], [ 93.609876624743535, 8.523368382753542 ], [ 93.60999471860255, 8.523296109356689 ], [ 93.609790282492668, 8.523065516547154 ] ] ], [ [ [ 93.610730311727494, 8.526384122123417 ], [ 93.610589490826925, 8.526849789947418 ], [ 93.610948364391447, 8.526433797482621 ], [ 93.610730311727494, 8.526384122123417 ] ] ], [ [ [ 93.619686747585462, 8.527677354448313 ], [ 93.619704926548337, 8.527568878575241 ], [ 93.619405138237681, 8.52748750177631 ], [ 93.619686747585462, 8.527677354448313 ] ] ], [ [ [ 93.609217863198737, 8.527939314619868 ], [ 93.60872275210977, 8.527989023805457 ], [ 93.609149748735263, 8.528016211950819 ], [ 93.609217863198737, 8.527939314619868 ] ] ], [ [ [ 93.615408296167416, 8.529255156192622 ], [ 93.615122160318379, 8.529359172396642 ], [ 93.615217526117135, 8.529562620047441 ], [ 93.615408296167416, 8.529255156192622 ] ] ], [ [ [ 93.613564278936877, 8.530566318031973 ], [ 93.613732333512303, 8.530769741873698 ], [ 93.613891327230093, 8.530647655932849 ], [ 93.613564278936877, 8.530566318031973 ] ] ], [ [ [ 93.612851182022865, 8.532777183654227 ], [ 93.613096389528351, 8.532930829963453 ], [ 93.613137319473324, 8.532786228879576 ], [ 93.612851182022865, 8.532777183654227 ] ] ], [ [ [ 93.61204713373111, 8.537275717075866 ], [ 93.612237895755428, 8.536959209056045 ], [ 93.611956280261239, 8.537167231717438 ], [ 93.61204713373111, 8.537275717075866 ] ] ], [ [ [ 93.612305923589005, 8.538708911399469 ], [ 93.612510310871485, 8.53873156276628 ], [ 93.612478495981009, 8.538324595989785 ], [ 93.612305923589005, 8.538708911399469 ] ] ], [ [ [ 93.609902799567067, 8.549645620412925 ], [ 93.610052695555538, 8.550025447320042 ], [ 93.610488780387442, 8.54969534779401 ], [ 93.609902799567067, 8.549645620412925 ] ] ], [ [ [ 93.609185169421394, 8.550635709692385 ], [ 93.609339544411981, 8.551146680215108 ], [ 93.609557559655315, 8.550821084840273 ], [ 93.609185169421394, 8.550635709692385 ] ] ], [ [ [ 93.610915424970244, 8.558154556147475 ], [ 93.611178839890371, 8.558376099786415 ], [ 93.611201570113124, 8.558213347502265 ], [ 93.610915424970244, 8.558154556147475 ] ] ], [ [ [ 93.610261335551002, 8.55871066833428 ], [ 93.610438452907886, 8.55860664470025 ], [ 93.610193224818218, 8.558507177058717 ], [ 93.610261335551002, 8.55871066833428 ] ] ], [ [ [ 93.610897210006016, 8.558755883380487 ], [ 93.611074327034615, 8.558651859815953 ], [ 93.610829098328622, 8.558552392369801 ], [ 93.610897210006016, 8.558755883380487 ] ] ], [ [ [ 93.610756309518564, 8.560659314324313 ], [ 93.610565604468746, 8.560790403051385 ], [ 93.610647318132536, 8.560975783601558 ], [ 93.610756309518564, 8.560659314324313 ] ] ], [ [ [ 93.610356542751418, 8.563715552509478 ], [ 93.610170272473937, 8.564235560785978 ], [ 93.610420057403971, 8.564226483313252 ], [ 93.610356542751418, 8.563715552509478 ] ] ], [ [ [ 93.611083155325886, 8.566007895497147 ], [ 93.610974139419199, 8.56613894611308 ], [ 93.611105850850905, 8.566279112743434 ], [ 93.611083155325886, 8.566007895497147 ] ] ], [ [ [ 93.86464695930006, 12.294179707311548 ], [ 93.866996309159902, 12.275375960972484 ], [ 93.834054035301421, 12.278162157938567 ], [ 93.840256891963065, 12.29538019649204 ], [ 93.86464695930006, 12.294179707311548 ] ] ], [ [ [ 94.264950885679283, 13.443420989705137 ], [ 94.245303884169331, 13.43286273851087 ], [ 94.239445277066878, 13.44774762240988 ], [ 94.252485747567334, 13.466045581965371 ], [ 94.264950885679283, 13.443420989705137 ] ] ], [ [ [ 94.678983104705566, 25.452339711443908 ], [ 94.678557522435867, 25.451668972440991 ], [ 94.678624928284847, 25.451788555893128 ], [ 94.678983104705566, 25.452339711443908 ] ] ], [ [ [ 94.680155068023979, 25.453861999737935 ], [ 94.680278297970432, 25.454012325338844 ], [ 94.680243236413702, 25.453965305746237 ], [ 94.680155068023979, 25.453861999737935 ] ] ] ] } }
]
}
