{"type":"FeatureCollection","features":[{"type":"Feature","properties":{"name":"Dadra & Nagar Haveli & Daman & Diu"},"geometry":{"type":"MultiPolygon","coordinates":[[[[72.96297,20.33248],[72.98256,20.32036],[72.97084,20.29686],[72.95277,20.31401],[72.96297,20.33248]]],[[[73.09699,20.35993],[73.10281,20.30178],[73.15078,20.31834],[73.1663,20.28787],[73.09774,20.2293],[73.06365,20.22776],[73.06024,20.16189],[73.07928,20.17324],[73.11566,20.15217],[73.14187,20.17736],[73.13753,20.20759],[73.21772,20.18593],[73.18538,20.15584],[73.18699,20.12945],[73.2139,20.11899],[73.19092,20.04959],[73.13639,20.08637],[73.11198,20.07117],[73.06369,20.09959],[73.0402,20.06643],[72.99922,20.14257],[72.9705,20.11561],[72.96595,20.22487],[72.91171,20.27026],[72.9357,20.29462],[72.97119,20.26906],[73.01005,20.29121],[73.00615,20.3128],[73.03429,20.29163],[73.04174,20.32599],[73.07717,20.32348],[73.09699,20.35993]],[[72.98987,20.21333],[73.00832,20.22896],[72.98951,20.2388],[72.97462,20.22573],[72.98987,20.21333]]],[[[72.84627,20.47803],[72.89532,20.44431],[72.85725,20.41892],[72.90405,20.41498],[72.88276,20.39785],[72.89615,20.37907],[72.8046,20.37227],[72.84627,20.47803]]],[[[70.88048,20.7301],[70.98101,20.72269],[70.99949,20.74223],[71.00738,20.73752],[70.97696,20.7028],[70.87093,20.70762],[70.88048,20.7301]]],[[[71.15526,20.76105],[71.14991,20.75943],[71.15132,20.76388],[71.15526,20.76105]]],[[[71.14592,20.76066],[71.14976,20.77144],[71.14808,20.75825],[71.14592,20.76066]]]]}},{"type":"Feature","properties":{"name":"Disputed (Madhya Pradesh & Gujarat)"},"geometry":{"type":"MultiPolygon","coordinates":[[[[74.19637,22.34513],[74.19793,22.34265],[74.19614,22.34319],[74.19637,22.34513]]],[[[74.101,22.53505],[74.15212,22.53042],[74.15242,22.52006],[74.12925,22.51685],[74.101,22.53505]]]]}},{"type":"Feature","properties":{"name":"Disputed (Madhya Pradesh & Rajasthan)"},"geometry":{"type":"MultiPolygon","coordinates":[[[[74.72088,23.22002],[74.72636,23.21501],[74.71566,23.21914],[74.72088,23.22002]]],[[[74.97886,24.03468],[74.97405,24.04028],[74.97899,24.03672],[74.97886,24.03468]]],[[[74.94068,24.06992],[74.93878,24.05973],[74.93826,24.06105],[74.9382,24.06308],[74.93937,24.06757],[74.94068,24.06992]]],[[[75.76136,24.13228],[75.7461,24.12109],[75.75096,24.14333],[75.76136,24.13228]]],[[[75.15499,25.03399],[75.18391,25.03712],[75.20115,25.03769],[75.15499,25.03399]]],[[[76.73213,25.35215],[76.75566,25.32278],[76.71112,25.3461],[76.73213,25.35215]]]]}},{"type":"Feature","properties":{"name":"Disputed (Rajathan & Gujarat)"},"geometry":{"type":"MultiPolygon","coordinates":[[[[73.83422,21.02472],[73.82778,21.0132],[73.81866,21.02211],[73.83422,21.02472]]],[[[73.7941,21.07144],[73.77959,21.06468],[73.76387,21.06924],[73.7941,21.07144]]],[[[73.4047,24.04103],[73.39848,24.03751],[73.4027,24.04292],[73.4047,24.04103]]],[[[73.39638,24.05125],[73.3947,24.05101],[73.39518,24.05267],[73.39638,24.05125]]],[[[73.21323,24.07804],[73.1837,24.08546],[73.18357,24.08958],[73.19657,24.08684],[73.21323,24.07804]]],[[[73.34886,24.10656],[73.33885,24.09847],[73.33301,24.10869],[73.34886,24.10656]]],[[[73.33065,24.10885],[73.3299,24.10818],[73.32701,24.10922],[73.33065,24.10885]]],[[[73.07035,24.18997],[73.07665,24.17912],[73.07393,24.18076],[73.07035,24.18997]]],[[[73.077,24.20436],[73.06971,24.19098],[73.06545,24.1939],[73.077,24.20436]]],[[[73.07671,24.21396],[73.07914,24.2086],[73.07912,24.2076],[73.07671,24.21396]]],[[[73.07928,24.21947],[73.0792,24.22071],[73.08551,24.22183],[73.07928,24.21947]]],[[[73.09871,24.22616],[73.09223,24.22334],[73.09784,24.23094],[73.09871,24.22616]]],[[[73.11828,24.26674],[73.10715,24.26394],[73.12395,24.27124],[73.11828,24.26674]]],[[[72.97755,24.37464],[72.96862,24.36798],[72.96657,24.3665],[72.97755,24.37464]]],[[[72.9552,24.40207],[72.9493,24.39818],[72.95455,24.40291],[72.9552,24.40207]]],[[[72.9667,24.42385],[72.97864,24.43186],[72.96836,24.41494],[72.9667,24.42385]]],[[[73.09113,24.4751],[73.11011,24.48126],[73.10328,24.45576],[73.09113,24.4751]]],[[[75.16128,25.0397],[75.16028,25.03954],[75.16209,25.03993],[75.16128,25.0397]]]]}},{"type":"Feature","properties":{"name":"Disputed (West Bengal , Bihar & Jharkhand)"},"geometry":{"type":"Polygon","coordinates":[[[87.77625,25.25658],[87.82434,25.23653],[87.84006,25.2015],[87.79068,25.22165],[87.77625,25.25658]]]}},{"type":"Feature","properties":{"name":"Jammu And Kashmir"},"geometry":{"type":"Polygon","coordinates":[[[74.5398,35.07498],[74.53073,35.04618],[74.58509,35.01812],[74.57701,34.91392],[74.66253,34.90677],[74.75017,34.84499],[74.87215,34.83019],[74.9186,34.78511],[75.01634,34.84825],[75.06403,34.84711],[75.06412,34.90524],[75.1013,34.9191],[75.14423,34.85028],[75.22324,34.81752],[75.25625,34.77389],[75.25827,34.69757],[75.20603,34.64378],[75.2415,34.63778],[75.25337,34.60413],[75.36557,34.5381],[75.32754,34.43977],[75.37234,34.4126],[75.4035,34.28469],[75.47485,34.27759],[75.49536,34.2324],[75.59336,34.19769],[75.68529,34.19956],[75.66795,34.14429],[75.73703,34.05891],[75.84306,34.00478],[75.81963,33.97221],[75.83824,33.95496],[75.8932,33.96909],[75.96654,33.95452],[76.02436,33.98212],[76.04947,33.93386],[76.03257,33.91966],[76.12296,33.88905],[76.16138,33.80185],[76.26547,33.74638],[76.28465,33.66184],[76.22937,33.62983],[76.24034,33.60485],[76.20544,33.5692],[76.22503,33.54759],[76.30978,33.57146],[76.30651,33.60956],[76.35865,33.60369],[76.37992,33.55292],[76.4152,33.53908],[76.44879,33.56368],[76.45916,33.53389],[76.56949,33.46617],[76.58185,33.42579],[76.62896,33.43489],[76.65929,33.3567],[76.71775,33.32897],[76.73705,33.2611],[76.77941,33.23812],[76.74682,33.17841],[76.64444,33.16187],[76.56165,33.20954],[76.48064,33.17887],[76.4039,33.18579],[76.28595,33.10239],[76.27291,33.03705],[76.1072,33.00606],[76.08302,32.95525],[75.95011,32.87283],[75.91886,32.90576],[75.83709,32.92777],[75.79625,32.88426],[75.92175,32.74717],[75.88583,32.65218],[75.93323,32.64711],[75.93071,32.63139],[75.83347,32.50346],[75.72926,32.45267],[75.7438,32.4316],[75.72276,32.4056],[75.55033,32.34875],[75.52618,32.27601],[75.48192,32.32029],[75.4891,32.34556],[75.43074,32.31506],[75.34928,32.34526],[75.32777,32.32612],[75.25594,32.38927],[75.19395,32.40047],[75.18977,32.42581],[75.13142,32.40886],[75.10666,32.47406],[75.02802,32.49709],[75.0193,32.46616],[74.95266,32.4475],[74.87728,32.49297],[74.81875,32.49791],[74.79477,32.4764],[74.68792,32.48687],[74.69061,32.53296],[74.66288,32.54452],[74.67384,32.56798],[74.65254,32.56296],[74.63905,32.61464],[74.69527,32.66131],[74.6535,32.69669],[74.70477,32.84195],[74.64052,32.81894],[74.65836,32.78765],[74.63229,32.7764],[74.63426,32.74954],[74.51159,32.7455],[74.51162,32.76453],[74.45941,32.78774],[74.35505,32.767],[74.3034,32.82984],[74.21964,32.84882],[74.1788,32.8895],[74.06895,32.90956],[74.05816,32.93454],[73.99968,32.9354],[74.00618,32.95491],[73.96464,32.98712],[73.82566,33.00401],[73.82597,32.97724],[73.79043,32.96681],[73.79451,33.00359],[73.74911,33.03362],[73.74283,33.06615],[73.63304,33.09181],[73.6312,33.13952],[73.66448,33.16135],[73.66801,33.20186],[73.64762,33.22282],[73.63355,33.20764],[73.59803,33.33752],[73.57842,33.32862],[73.56515,33.36625],[73.59606,33.43898],[73.63189,33.44759],[73.60207,33.49668],[73.64177,33.52851],[73.6119,33.60378],[73.56715,33.61774],[73.56746,33.66849],[73.60314,33.71509],[73.55992,33.78133],[73.59284,33.8938],[73.51645,33.99883],[73.48084,34.28942],[73.45671,34.27645],[73.3961,34.37161],[73.42774,34.42604],[73.44825,34.56709],[73.55613,34.58984],[73.65026,34.56196],[73.695,34.65005],[73.65905,34.6731],[73.72994,34.77222],[73.77231,34.79611],[73.82178,34.7921],[73.83771,34.81316],[73.91937,34.81165],[73.96744,34.86383],[74.02992,34.87628],[74.0372,34.91923],[74.07117,34.93548],[74.05932,34.99268],[74.10975,35.01607],[74.06674,35.04627],[74.10143,35.09914],[74.21514,35.09372],[74.26517,35.04086],[74.30523,35.06763],[74.38198,35.06782],[74.43874,35.13007],[74.49944,35.11559],[74.5398,35.07498]]]}},{"type":"Feature","properties":{"name":"Ladakh"},"geometry":{"type":"Polygon","coordinates":[[[74.69012,37.08814],[74.74942,37.01939],[74.76905,37.04122],[74.8389,37.03584],[74.83479,37.00526],[74.91558,36.92026],[75.01567,36.99072],[75.10915,36.9619],[75.21096,37.05002],[75.34131,37.06076],[75.35443,36.98848],[75.41845,36.9724],[75.40692,36.90803],[75.44982,36.88893],[75.46327,36.83031],[75.61272,36.77527],[75.74442,36.6077],[75.80702,36.56342],[76.07115,36.48424],[76.16395,36.40645],[76.2665,36.35884],[76.35393,36.36945],[76.4375,36.31035],[76.43678,36.25783],[76.48098,36.21973],[76.59409,36.17832],[76.65592,36.19218],[76.71112,36.14013],[76.72009,36.0977],[76.81369,36.04063],[76.73214,35.95464],[76.80748,35.84975],[77.001,35.77556],[77.11566,35.79811],[77.17636,35.76813],[77.17968,35.73022],[77.25834,35.70432],[77.28744,35.72259],[77.32107,35.70105],[77.36587,35.71519],[77.41156,35.65626],[77.43794,35.65614],[77.48276,35.52962],[77.43052,35.51367],[77.38866,35.53944],[77.33204,35.53035],[77.38524,35.47386],[77.44366,35.45946],[77.49614,35.47778],[77.62862,35.46504],[77.6531,35.48118],[77.68516,35.46682],[77.72877,35.47733],[77.73587,35.5211],[77.78632,35.48798],[77.82924,35.5051],[77.91208,35.46109],[77.92932,35.49031],[77.98525,35.4483],[77.93927,35.50691],[77.95781,35.60487],[78.13677,35.53657],[78.16491,35.55174],[78.16983,35.625],[78.19744,35.62284],[78.21205,35.666],[78.26561,35.64742],[78.27695,35.71837],[78.40386,35.73585],[78.44267,35.78364],[78.53416,35.76251],[78.67331,35.8542],[78.83907,35.85612],[78.9692,35.89017],[79.03225,35.84772],[79.16467,35.83819],[79.21276,35.87787],[79.20449,35.9277],[79.2309,35.97216],[79.35803,35.99173],[79.41035,35.98598],[79.4402,35.89408],[79.53623,35.87964],[79.75109,35.79692],[79.89896,35.77511],[79.9677,35.82518],[80.01569,35.82616],[80.1289,35.65673],[80.31171,35.58796],[80.34508,35.46117],[80.29848,35.41699],[80.24266,35.20802],[80.18503,35.13063],[80.1869,35.008],[80.075,34.80542],[80.06531,34.69286],[79.94466,34.6609],[79.87826,34.67486],[79.7766,34.61038],[79.79438,34.58054],[79.76978,34.53778],[79.82104,34.51446],[79.79144,34.46675],[79.59839,34.48676],[79.52215,34.46362],[79.53163,34.40875],[79.56894,34.40059],[79.59214,34.23582],[79.54006,34.19131],[79.49369,34.18468],[79.49595,34.12445],[79.42111,34.07594],[79.43745,34.01265],[79.41551,33.99901],[79.37367,34.02675],[79.17293,34.05829],[79.11265,34.00894],[79.00115,34.03361],[78.95321,34.01313],[78.91832,33.96392],[79.01319,33.78294],[79.06045,33.77583],[79.01611,33.70226],[79.04632,33.67383],[79.078,33.68608],[79.10015,33.61632],[78.90286,33.62201],[78.94377,33.52607],[78.92708,33.45429],[78.97842,33.33641],[79.10769,33.28911],[79.22368,33.29628],[79.44611,33.25773],[79.44304,33.20036],[79.37322,33.10638],[79.38032,33.02767],[79.3249,33.01224],[79.61186,32.73504],[79.42929,32.52353],[79.38453,32.5228],[79.37299,32.56048],[79.30526,32.58582],[79.25975,32.52265],[79.18209,32.47376],[79.12504,32.46502],[79.13517,32.4323],[79.09368,32.37713],[79.00355,32.37488],[78.97119,32.33569],[78.8067,32.44425],[78.75916,32.56779],[78.78236,32.59581],[78.74334,32.65498],[78.7507,32.69276],[78.70871,32.65613],[78.64837,32.64386],[78.60526,32.59109],[78.56551,32.61485],[78.45128,32.5776],[78.31797,32.44448],[78.28469,32.46887],[78.31336,32.56556],[78.40966,32.62313],[78.38142,32.65413],[78.40074,32.6942],[78.388,32.75669],[78.31285,32.73978],[78.30601,32.70712],[78.26054,32.7029],[78.2459,32.6716],[78.14238,32.68183],[78.14719,32.65396],[78.11049,32.66277],[78.08753,32.62465],[78.04702,32.64531],[78.01678,32.61941],[77.91914,32.68991],[77.92572,32.772],[77.88419,32.78755],[77.86919,32.82703],[77.78529,32.86082],[77.81124,32.9063],[77.71315,32.98246],[77.68249,32.9888],[77.67413,32.96119],[77.60311,32.94293],[77.4692,32.85868],[77.40611,32.88351],[77.34956,32.81551],[77.32149,32.85182],[77.25427,32.86394],[77.18797,32.92874],[77.17044,32.91067],[77.15574,32.91158],[77.15052,32.97817],[76.97135,33.00028],[76.92869,33.03165],[76.8851,33.12138],[76.85507,33.11438],[76.818,33.15709],[76.84317,33.24674],[76.82006,33.23584],[76.73705,33.2611],[76.71775,33.32897],[76.67102,33.34185],[76.62638,33.43688],[76.58185,33.42579],[76.56949,33.46617],[76.45916,33.53389],[76.44995,33.563],[76.4264,33.53728],[76.38028,33.55253],[76.35723,33.60445],[76.30651,33.60956],[76.30978,33.57146],[76.24574,33.54554],[76.20549,33.56771],[76.24034,33.60485],[76.2299,33.63068],[76.28452,33.66123],[76.26547,33.74638],[76.16138,33.80185],[76.12296,33.88905],[76.03257,33.91966],[76.04947,33.93386],[76.02436,33.98212],[75.96654,33.95452],[75.8932,33.96909],[75.83824,33.95496],[75.81963,33.97221],[75.84306,34.00478],[75.73703,34.05891],[75.66795,34.14429],[75.68529,34.19956],[75.59336,34.19769],[75.49536,34.2324],[75.47485,34.27759],[75.4035,34.28469],[75.37234,34.4126],[75.32754,34.43977],[75.36557,34.5381],[75.25337,34.60413],[75.2415,34.63778],[75.20603,34.64378],[75.25827,34.69757],[75.25625,34.77389],[75.22324,34.81752],[75.14423,34.85028],[75.1013,34.9191],[75.06412,34.90524],[75.06403,34.84711],[75.01634,34.84825],[74.9186,34.78511],[74.87215,34.83019],[74.75017,34.84499],[74.66253,34.90677],[74.57701,34.91392],[74.58509,35.01812],[74.53073,35.04618],[74.5398,35.07498],[74.49944,35.11559],[74.43874,35.13007],[74.38198,35.06782],[74.30523,35.06763],[74.26517,35.04086],[74.21514,35.09372],[74.15611,35.09088],[74.10586,35.12572],[74.11227,35.14853],[74.03381,35.14686],[74.00283,35.18365],[73.95684,35.16804],[73.92455,35.2039],[73.86119,35.20714],[73.80833,35.2395],[73.72939,35.2097],[73.70798,35.22248],[73.72498,35.27305],[73.6939,35.35939],[73.72702,35.41899],[73.79204,35.45422],[73.7785,35.52289],[73.62839,35.56905],[73.5616,35.54639],[73.47736,35.5719],[73.39812,35.55708],[73.36348,35.59722],[73.26868,35.62439],[73.13292,35.71078],[73.14866,35.83118],[73.08388,35.87746],[73.02882,35.84706],[72.98708,35.85981],[72.91844,35.83906],[72.89245,35.84454],[72.89113,35.87374],[72.81916,35.88172],[72.78429,35.84145],[72.72658,35.85305],[72.68438,35.82253],[72.51847,35.90548],[72.53867,35.98512],[72.5846,36.02508],[72.51668,36.06733],[72.5617,36.13989],[72.53592,36.1733],[72.54731,36.20541],[72.61168,36.26949],[72.68483,36.24388],[72.68056,36.27103],[72.85367,36.36635],[72.87554,36.39456],[72.85967,36.43556],[72.90815,36.46092],[72.97936,36.45732],[72.97791,36.51153],[73.05195,36.53297],[73.09717,36.60599],[73.06765,36.70062],[73.11644,36.6842],[73.17067,36.72403],[73.2014,36.69553],[73.29412,36.70423],[73.42144,36.74298],[73.49763,36.71314],[73.5793,36.72238],[73.59271,36.69284],[73.68311,36.68657],[73.70985,36.71233],[73.77478,36.70209],[73.79555,36.71884],[73.87178,36.7014],[73.86799,36.76632],[73.83699,36.79513],[73.80151,36.79422],[73.79757,36.8182],[73.70551,36.83781],[73.66701,36.88088],[73.67109,36.9117],[73.9149,36.88298],[73.9615,36.83927],[74.04652,36.81082],[74.13346,36.8479],[74.15575,36.91051],[74.24897,36.89361],[74.42642,36.99569],[74.52296,36.99513],[74.5641,36.9579],[74.56812,37.05176],[74.69012,37.08814]]]}},{"type":"Feature","properties":{"name":"Himachal Pradesh"},"geometry":{"type":"MultiPolygon","coordinates":[[[[76.91769,30.88646],[76.92424,30.87645],[76.92351,30.87629],[76.91769,30.88646]]],[[[76.77174,33.25102],[76.84461,33.24227],[76.818,33.15709],[76.85507,33.11438],[76.88892,33.11722],[76.92869,33.03165],[77.00949,32.98866],[77.15052,32.97817],[77.15574,32.91158],[77.18797,32.92874],[77.25427,32.86394],[77.3219,32.85154],[77.33896,32.81678],[77.37287,32.8232],[77.4045,32.88274],[77.4692,32.85868],[77.60311,32.94293],[77.67413,32.96119],[77.68249,32.9888],[77.74101,32.96903],[77.81063,32.90703],[77.78096,32.86579],[77.86919,32.82703],[77.88419,32.78755],[77.92572,32.772],[77.91862,32.69054],[78.01589,32.61961],[78.04702,32.64531],[78.08753,32.62465],[78.11049,32.66277],[78.14719,32.65396],[78.14238,32.68183],[78.2459,32.6716],[78.26054,32.7029],[78.30601,32.70712],[78.31285,32.73978],[78.388,32.75669],[78.40074,32.6942],[78.38142,32.65413],[78.40966,32.62313],[78.31355,32.56591],[78.28737,32.46299],[78.32982,32.44351],[78.39952,32.5246],[78.46125,32.5038],[78.46555,32.45466],[78.53351,32.41546],[78.48479,32.34914],[78.46084,32.24171],[78.58795,32.2361],[78.61469,32.20881],[78.59623,32.15777],[78.61767,32.11522],[78.6566,32.11148],[78.71891,32.03572],[78.78855,31.99323],[78.70985,31.78662],[78.74119,31.75761],[78.75402,31.68565],[78.79822,31.68181],[78.85334,31.60743],[78.73595,31.52854],[78.73428,31.48498],[78.76663,31.48642],[78.81278,31.44974],[78.79201,31.39554],[78.85877,31.36637],[78.85465,31.32346],[78.98591,31.17383],[79.00892,31.10992],[78.88543,31.09872],[78.83121,31.1406],[78.80991,31.19828],[78.65801,31.18504],[78.60934,31.22926],[78.55162,31.19991],[78.48375,31.19894],[78.45571,31.24102],[78.40695,31.24219],[78.37032,31.28633],[78.31116,31.28314],[78.30633,31.25989],[78.28287,31.26621],[78.21244,31.21957],[78.16023,31.22548],[78.10362,31.18538],[78.04264,31.1785],[78.03034,31.15097],[77.96732,31.17337],[77.90131,31.15182],[77.85124,31.07337],[77.81136,31.0591],[77.82982,31.02876],[77.80751,31.01621],[77.83182,30.99399],[77.81438,30.96178],[77.83759,30.95317],[77.77238,30.97435],[77.74901,30.95348],[77.7628,30.91818],[77.8133,30.92187],[77.80568,30.85321],[77.75822,30.8768],[77.74402,30.84659],[77.76128,30.82607],[77.70378,30.76516],[77.75582,30.70692],[77.74741,30.67985],[77.79253,30.65869],[77.79626,30.61365],[77.74315,30.59311],[77.77403,30.55784],[77.81785,30.56102],[77.82682,30.52775],[77.69025,30.44802],[77.58619,30.42158],[77.5805,30.37734],[77.5198,30.44539],[77.49871,30.40582],[77.44532,30.396],[77.42382,30.41075],[77.46156,30.43461],[77.45901,30.4581],[77.40954,30.40979],[77.35358,30.46075],[77.30872,30.44916],[77.22809,30.48545],[77.21351,30.46841],[77.19504,30.52257],[77.12173,30.56294],[77.17377,30.60056],[77.16121,30.69093],[77.09353,30.74233],[77.01751,30.74342],[77.01252,30.80919],[76.94264,30.81743],[76.95125,30.85052],[76.91687,30.90077],[76.86958,30.87312],[76.82311,30.92818],[76.77187,30.90684],[76.7085,30.97029],[76.62501,30.99864],[76.61097,31.04583],[76.63858,31.108],[76.602,31.12354],[76.59682,31.17799],[76.64167,31.22302],[76.59257,31.21126],[76.6119,31.24912],[76.58775,31.2742],[76.54921,31.25275],[76.54293,31.28243],[76.5238,31.25814],[76.52743,31.27717],[76.49757,31.26986],[76.47913,31.30867],[76.43999,31.27872],[76.46349,31.30195],[76.37621,31.43748],[76.36726,31.40437],[76.33109,31.40163],[76.35354,31.34786],[76.30765,31.34235],[76.32238,31.32161],[76.27555,31.3004],[76.17982,31.30653],[76.17882,31.34047],[76.14689,31.35898],[76.16831,31.41044],[76.05585,31.6055],[76.01794,31.63313],[75.93668,31.81541],[75.98649,31.81792],[75.91041,31.95011],[75.66292,32.07573],[75.59482,32.06947],[75.67268,32.15922],[75.66192,32.19291],[75.62377,32.19004],[75.63732,32.22272],[75.61846,32.23757],[75.77232,32.28936],[75.8736,32.39568],[75.93799,32.39754],[75.83033,32.51324],[75.93415,32.64476],[75.88583,32.65218],[75.92175,32.74717],[75.79625,32.88426],[75.83264,32.92403],[75.90385,32.91279],[75.95011,32.87283],[76.08302,32.95525],[76.1072,33.00606],[76.27291,33.03705],[76.28595,33.10239],[76.4039,33.18579],[76.48064,33.17887],[76.56165,33.20954],[76.59589,33.20591],[76.63941,33.16166],[76.74682,33.17841],[76.77174,33.25102]]]]}},{"type":"Feature","properties":{"name":"Arunachal Pradesh"},"geometry":{"type":"Polygon","coordinates":[[[96.06732,29.46595],[96.23548,29.24189],[96.28957,29.24463],[96.3543,29.29205],[96.38083,29.25461],[96.34201,29.17838],[96.24495,29.16576],[96.17359,29.09922],[96.10206,29.07899],[96.14093,29.05828],[96.17147,28.99919],[96.1349,28.93523],[96.16087,28.89783],[96.32691,29.02802],[96.51358,29.07396],[96.46467,28.98314],[96.48122,28.95852],[96.50938,28.96637],[96.52609,28.88246],[96.60899,28.77983],[96.57931,28.71159],[96.4669,28.67518],[96.47447,28.62178],[96.40203,28.58095],[96.40001,28.55928],[96.34475,28.55401],[96.31858,28.52596],[96.36208,28.48034],[96.25341,28.40705],[96.31668,28.37757],[96.36258,28.38636],[96.39548,28.33592],[96.45713,28.41382],[96.50538,28.41098],[96.57075,28.45232],[96.64114,28.45779],[96.74085,28.41381],[96.77029,28.36703],[96.88967,28.37849],[96.98761,28.30333],[97.10569,28.34696],[97.1711,28.28567],[97.29526,28.26188],[97.40104,28.19225],[97.36385,28.18909],[97.3279,28.15021],[97.34724,28.11049],[97.31043,28.07452],[97.32578,28.0527],[97.38095,28.05927],[97.37568,28.04016],[97.4129,28.01484],[97.37298,27.96803],[97.37359,27.88018],[97.309,27.91499],[97.24902,27.8993],[97.09385,27.74009],[97.03616,27.74239],[96.98306,27.66428],[96.94172,27.66074],[96.89675,27.60926],[96.92982,27.52418],[96.90324,27.45273],[97.16385,27.14224],[97.13852,27.09105],[97.10035,27.10836],[97.06344,27.09145],[96.98483,27.1543],[96.85748,27.19232],[96.88491,27.25944],[96.84705,27.2711],[96.79647,27.34574],[96.7045,27.3721],[96.69749,27.35766],[96.60612,27.36581],[96.59572,27.33387],[96.52385,27.28655],[96.45745,27.30658],[96.38684,27.28463],[96.3063,27.29415],[96.09061,27.22333],[96.02296,27.18008],[95.94596,27.05165],[95.87008,27.0127],[95.80203,27.0145],[95.755,26.95384],[95.74476,26.89621],[95.71618,26.87846],[95.667,26.90286],[95.60849,26.81286],[95.54313,26.83538],[95.5074,26.8088],[95.48276,26.74705],[95.43138,26.7007],[95.30396,26.65101],[95.25866,26.65575],[95.20948,26.72909],[95.24225,26.78342],[95.20846,26.79496],[95.20304,26.84656],[95.18106,26.85649],[95.2323,26.90287],[95.19173,26.98524],[95.19589,27.03628],[95.2321,27.04333],[95.24686,27.02416],[95.35476,27.10391],[95.37467,27.09268],[95.45327,27.12943],[95.45758,27.20878],[95.50917,27.26204],[95.54512,27.25999],[95.58757,27.22294],[95.80089,27.28427],[95.85931,27.28722],[95.89243,27.25528],[95.89721,27.28216],[96.01794,27.36298],[95.94116,27.43756],[95.90696,27.4311],[95.88389,27.39706],[95.8833,27.43533],[95.86245,27.41013],[95.85103,27.41093],[95.85304,27.45759],[95.88671,27.49735],[95.87664,27.54503],[95.79062,27.60021],[95.77817,27.62482],[95.79613,27.64055],[95.77105,27.65855],[95.78798,27.68196],[95.75133,27.72145],[95.83749,27.82396],[95.92484,27.88186],[95.97076,27.96302],[95.60511,27.95488],[95.51997,27.88149],[95.37941,27.83943],[95.3086,27.86826],[94.92352,27.75064],[94.75415,27.66078],[94.68754,27.66568],[94.6826,27.64664],[94.46158,27.55546],[94.43153,27.60055],[94.36385,27.57456],[94.2981,27.60215],[94.27724,27.58965],[94.26154,27.63608],[94.23807,27.6331],[94.20931,27.60516],[94.26826,27.52084],[94.15667,27.47486],[94.05967,27.36174],[93.98429,27.32305],[93.80608,27.15183],[93.79715,27.12891],[93.83737,27.10799],[93.83073,27.06613],[93.77312,27.05931],[93.66506,26.96851],[93.4891,26.93618],[93.3241,26.96008],[93.02186,26.91342],[92.91715,26.96293],[92.88661,26.99975],[92.6604,27.03854],[92.64462,26.98677],[92.58334,26.95954],[92.44747,26.95881],[92.39833,26.92469],[92.36319,26.93454],[92.27609,26.902],[92.12002,26.88898],[92.11811,26.97437],[92.08175,27.04082],[92.04412,27.05136],[92.02313,27.10955],[92.02672,27.16828],[92.07257,27.23311],[92.038,27.25842],[92.12498,27.28202],[92.06458,27.32698],[92.01937,27.47805],[91.94364,27.45974],[91.8486,27.48646],[91.76697,27.46476],[91.71462,27.47454],[91.69506,27.50533],[91.65245,27.48304],[91.56631,27.58306],[91.58437,27.60822],[91.56407,27.6414],[91.62855,27.69943],[91.6454,27.76338],[91.61464,27.82185],[91.56598,27.81861],[91.55359,27.85136],[91.57554,27.86429],[91.66318,27.85295],[91.70983,27.80797],[91.82068,27.81596],[91.86219,27.73969],[91.9277,27.72259],[91.99353,27.77118],[92.05143,27.76393],[92.21866,27.86951],[92.27754,27.86909],[92.31277,27.78849],[92.3851,27.80063],[92.4163,27.83055],[92.45627,27.81412],[92.50336,27.85395],[92.55621,27.82436],[92.74243,27.99259],[92.66654,28.06375],[92.68795,28.1274],[92.81477,28.21104],[92.8361,28.1791],[92.96271,28.25856],[92.9973,28.22943],[93.02827,28.26869],[93.02234,28.31039],[93.21796,28.32608],[93.22422,28.4055],[93.18045,28.43488],[93.27774,28.50131],[93.33336,28.63908],[93.44597,28.67472],[93.4705,28.65265],[93.49615,28.68597],[93.52241,28.65907],[93.61945,28.65339],[93.73988,28.68455],[93.78414,28.66336],[93.8506,28.70704],[93.93563,28.66611],[94.0103,28.77279],[93.9867,28.80376],[94.00724,28.8407],[94.16446,28.95746],[94.2241,29.08783],[94.29365,29.14535],[94.36249,29.1526],[94.37488,29.18495],[94.43812,29.22319],[94.55071,29.22075],[94.63098,29.34124],[94.7413,29.27474],[94.79301,29.2153],[94.80413,29.16241],[94.87867,29.17503],[95.02245,29.13394],[94.97528,29.15654],[94.99277,29.17076],[95.09505,29.13959],[95.10638,29.11891],[95.24172,29.11062],[95.26007,29.05408],[95.41065,29.03052],[95.46645,29.06646],[95.48099,29.14307],[95.53072,29.13049],[95.52693,29.21566],[95.5722,29.22281],[95.58303,29.26061],[95.61926,29.2497],[95.65983,29.27157],[95.77688,29.36165],[95.78213,29.34139],[95.86175,29.39512],[95.94181,29.38765],[96.06732,29.46595]]]}},{"type":"Feature","properties":{"name":"Assam"},"geometry":{"type":"MultiPolygon","coordinates":[[[[89.71079,26.16117],[89.71082,26.16096],[89.71077,26.16117],[89.71079,26.16117]]],[[[95.97076,27.96302],[95.92484,27.88186],[95.83749,27.82396],[95.75133,27.72145],[95.78798,27.68196],[95.77105,27.65855],[95.79613,27.64055],[95.77817,27.62482],[95.79062,27.60021],[95.87664,27.54503],[95.88671,27.49735],[95.85304,27.45759],[95.85103,27.41093],[95.8833,27.43533],[95.88389,27.39706],[95.90696,27.4311],[95.94116,27.43756],[96.01771,27.36267],[95.89721,27.28216],[95.89243,27.25528],[95.85931,27.28722],[95.80089,27.28427],[95.58757,27.22294],[95.54512,27.25999],[95.50881,27.26187],[95.45758,27.20878],[95.45327,27.12943],[95.37467,27.09268],[95.35476,27.10391],[95.24686,27.02416],[95.2321,27.04333],[95.19242,27.03562],[95.01476,26.92203],[94.98262,26.913],[94.92349,26.94637],[94.87359,26.91752],[94.75833,26.76601],[94.74018,26.77598],[94.69235,26.73193],[94.6203,26.71212],[94.59707,26.73455],[94.59388,26.6972],[94.56649,26.68356],[94.53926,26.70618],[94.46028,26.66163],[94.46549,26.63306],[94.40306,26.61073],[94.39607,26.52687],[94.34597,26.50357],[94.31662,26.45832],[94.28975,26.47971],[94.28479,26.56107],[94.25634,26.54122],[94.17173,26.42978],[94.17456,26.34046],[94.10505,26.31995],[94.00108,26.17227],[93.98739,26.06679],[93.953,26.00297],[93.9787,25.91673],[93.8818,25.84335],[93.8397,25.85661],[93.79547,25.80893],[93.77754,25.84981],[93.79517,25.90667],[93.77659,25.96876],[93.76545,25.96975],[93.75131,25.93281],[93.68153,25.90439],[93.71432,25.84451],[93.64614,25.82238],[93.61742,25.77599],[93.54233,25.73218],[93.54054,25.69945],[93.497,25.65512],[93.42738,25.63253],[93.35872,25.55463],[93.32697,25.54696],[93.39023,25.4604],[93.45819,25.43098],[93.47361,25.37928],[93.44843,25.34064],[93.4705,25.30506],[93.38112,25.23963],[93.33237,25.09352],[93.29996,25.04604],[93.2642,25.04936],[93.24388,25.01829],[93.26176,24.96273],[93.22644,24.87283],[93.19483,24.85385],[93.19681,24.81114],[93.14946,24.78737],[93.10943,24.81148],[93.10776,24.74144],[93.07355,24.70781],[93.10415,24.67416],[93.07115,24.60064],[93.10436,24.58238],[93.05818,24.57384],[93.07081,24.55805],[93.03256,24.4953],[93.04164,24.41301],[92.95926,24.39207],[92.90932,24.41307],[92.90286,24.39123],[92.86092,24.39866],[92.82958,24.37376],[92.763,24.52113],[92.68484,24.34654],[92.62477,24.33408],[92.6123,24.25347],[92.5509,24.24722],[92.53421,24.18015],[92.46548,24.13627],[92.41917,24.19194],[92.42254,24.25499],[92.21287,24.24993],[92.27409,24.38832],[92.21271,24.50372],[92.25442,24.67803],[92.29603,24.73646],[92.23287,24.90015],[92.29943,24.91572],[92.4001,24.84865],[92.48792,24.87131],[92.48762,24.94677],[92.44927,24.93876],[92.46817,24.96303],[92.42033,24.96595],[92.41635,24.98992],[92.43828,25.04387],[92.46429,25.03744],[92.48063,25.10831],[92.53942,25.09905],[92.52178,25.13938],[92.62143,25.11503],[92.66348,25.17667],[92.80291,25.21617],[92.76189,25.24653],[92.7923,25.28281],[92.78213,25.33275],[92.7499,25.3441],[92.73802,25.37933],[92.66164,25.40635],[92.65362,25.43352],[92.60663,25.41323],[92.59685,25.46984],[92.56449,25.46512],[92.64284,25.53481],[92.65264,25.59144],[92.59482,25.55159],[92.57249,25.55735],[92.55417,25.6148],[92.50563,25.61631],[92.43804,25.69486],[92.44429,25.7197],[92.38462,25.75488],[92.33361,25.72439],[92.22536,25.71635],[92.15615,25.67218],[92.1511,25.81664],[92.17724,25.87275],[92.22556,25.90917],[92.15474,25.91099],[92.15244,25.94432],[92.26347,26.03313],[92.27489,26.06565],[92.1694,26.07764],[92.13262,26.04424],[91.98906,26.03853],[91.91713,25.99642],[91.91469,26.0205],[91.8673,26.04202],[91.87917,26.09798],[91.8254,26.11941],[91.73124,26.05922],[91.72011,25.9536],[91.6706,25.90415],[91.60916,25.9393],[91.6406,25.9633],[91.63238,26.0198],[91.57984,26.03325],[91.50467,25.91139],[91.53695,25.93121],[91.47481,25.87402],[91.51314,25.86571],[91.52659,25.89107],[91.53043,25.87125],[91.44515,25.83974],[91.42247,25.85447],[91.33535,25.84054],[91.27367,25.7459],[91.22093,25.72187],[91.19198,25.73036],[91.17826,25.77735],[91.19583,25.86139],[91.06213,25.82078],[91.04888,25.82927],[91.0785,25.85274],[91.04822,25.8492],[91.00601,25.82038],[91.03055,25.8858],[90.96885,25.88522],[90.94743,25.94809],[90.91734,25.94441],[90.91684,25.91406],[90.88453,25.95031],[90.83547,25.93661],[90.80905,25.95244],[90.76379,25.9078],[90.73857,25.91586],[90.748,25.9568],[90.71767,25.95512],[90.61792,25.89784],[90.62642,25.93652],[90.58354,25.95872],[90.51505,25.8964],[90.53411,25.95981],[90.47873,26.01361],[90.42906,25.98881],[90.36849,26.01069],[90.32689,25.97407],[90.18463,25.94379],[90.15192,25.9658],[90.11952,25.95822],[90.04291,25.88854],[90.01075,25.88438],[90.02366,25.86701],[89.99724,25.83707],[89.94885,25.82643],[89.95967,25.78153],[89.93728,25.74512],[89.89474,25.74497],[89.95045,25.6556],[90.02887,25.6054],[89.87836,25.55033],[89.88594,25.50792],[89.85225,25.46588],[89.88179,25.62586],[89.82837,25.72825],[89.84033,25.76673],[89.81654,25.8143],[89.88708,25.9452],[89.82539,25.9455],[89.87103,25.9807],[89.83584,26.0126],[89.83594,25.98242],[89.82027,25.98764],[89.80742,26.044],[89.79772,26.02452],[89.79159,26.01815],[89.78804,26.01921],[89.80183,26.04025],[89.77365,26.03764],[89.79485,26.08751],[89.75617,26.10936],[89.74766,26.15737],[89.72049,26.1563],[89.73293,26.17753],[89.71014,26.17242],[89.6986,26.19118],[89.73323,26.21199],[89.7075,26.21228],[89.70039,26.21845],[89.73216,26.23783],[89.70262,26.25786],[89.73557,26.26149],[89.71783,26.29582],[89.72028,26.30788],[89.75812,26.28779],[89.75152,26.32086],[89.81421,26.37049],[89.82277,26.35086],[89.83317,26.38347],[89.85941,26.3835],[89.83033,26.39645],[89.87324,26.45132],[89.85518,26.48851],[89.8826,26.58339],[89.85825,26.62338],[89.87693,26.64851],[89.86292,26.73707],[89.96706,26.72347],[90.13988,26.75362],[90.19452,26.77327],[90.18767,26.80681],[90.2305,26.85891],[90.3003,26.84822],[90.35663,26.90066],[90.41661,26.90453],[90.54661,26.81664],[90.71728,26.76827],[91.05406,26.78099],[91.09756,26.82199],[91.33725,26.78086],[91.40765,26.8396],[91.49511,26.79121],[91.62552,26.82087],[91.6898,26.80645],[91.82415,26.86404],[91.85911,26.91334],[91.89174,26.91906],[91.9835,26.85819],[92.05672,26.84739],[92.11438,26.89358],[92.39833,26.92469],[92.44747,26.95881],[92.58334,26.95954],[92.64462,26.98677],[92.6604,27.03854],[92.88661,26.99975],[92.91715,26.96293],[93.02186,26.91342],[93.32272,26.96001],[93.47065,26.9366],[93.58667,26.95047],[93.67077,26.97149],[93.77312,27.05931],[93.83073,27.06613],[93.83737,27.10799],[93.79715,27.12891],[93.80608,27.15183],[93.98429,27.32305],[94.05967,27.36174],[94.15667,27.47486],[94.26826,27.52084],[94.20931,27.60516],[94.23807,27.6331],[94.26154,27.63608],[94.27724,27.58965],[94.2981,27.60215],[94.36385,27.57456],[94.43153,27.60055],[94.46158,27.55546],[94.6826,27.64664],[94.68754,27.66568],[94.75415,27.66078],[94.92352,27.75064],[95.3086,27.86826],[95.37941,27.83943],[95.51997,27.88149],[95.60511,27.95488],[95.97076,27.96302]],[[89.81338,26.3447],[89.79981,26.32918],[89.82143,26.31921],[89.81338,26.3447]]]]}},{"type":"Feature","properties":{"name":"Manipur"},"geometry":{"type":"MultiPolygon","coordinates":[[[[94.67862,25.45179],[94.67856,25.45167],[94.67898,25.45234],[94.67862,25.45179]]],[[[94.68024,25.45397],[94.68016,25.45386],[94.68028,25.45401],[94.68024,25.45397]]],[[[94.58443,25.68489],[94.57287,25.63803],[94.58901,25.64059],[94.59358,25.63523],[94.55121,25.58],[94.55388,25.50388],[94.67537,25.44582],[94.6346,25.39501],[94.57564,25.21412],[94.60583,25.18129],[94.73661,25.13478],[94.74416,25.03727],[94.69659,24.96847],[94.7134,24.93437],[94.68795,24.88806],[94.63186,24.83946],[94.60512,24.71231],[94.54966,24.71277],[94.52921,24.61802],[94.40308,24.47529],[94.39763,24.40729],[94.36713,24.39462],[94.38011,24.37464],[94.354,24.33447],[94.32716,24.32766],[94.31532,24.25268],[94.25987,24.16226],[94.25154,24.08191],[94.16535,23.92964],[94.15397,23.85315],[94.12067,23.83285],[94.0843,23.88143],[93.93046,23.95025],[93.80738,23.92708],[93.7542,24.00542],[93.62335,24.01092],[93.59166,23.96059],[93.55977,23.98207],[93.50476,23.94219],[93.4635,23.97337],[93.41695,24.07141],[93.34882,24.10474],[93.33212,24.05313],[93.2872,24.05266],[93.25365,24.02123],[93.24942,24.08076],[93.22044,24.08358],[93.20996,24.04837],[93.16729,24.05171],[93.14049,24.08809],[93.09945,24.04337],[93.07855,24.10185],[93.0466,24.09013],[92.97289,24.11249],[93.00603,24.16196],[93.02392,24.23361],[93.00706,24.28276],[93.04054,24.34198],[93.01806,24.34976],[93.00886,24.4124],[93.04309,24.4165],[93.03256,24.4953],[93.07081,24.55805],[93.05828,24.57406],[93.10436,24.58238],[93.07115,24.60064],[93.10415,24.67416],[93.07355,24.70781],[93.10776,24.74144],[93.10943,24.81148],[93.14946,24.78737],[93.19695,24.81136],[93.19483,24.85385],[93.22644,24.87283],[93.26176,24.96273],[93.24388,25.01829],[93.2642,25.04936],[93.29996,25.04604],[93.33237,25.09352],[93.39366,25.25474],[93.47065,25.30508],[93.47145,25.27185],[93.50642,25.26932],[93.50105,25.24253],[93.55597,25.24598],[93.60535,25.19917],[93.6869,25.36039],[93.70996,25.35753],[93.80514,25.46397],[93.80029,25.49689],[93.76123,25.4959],[93.76564,25.53821],[93.88794,25.56536],[93.96026,25.55055],[94.00747,25.56716],[94.01288,25.59224],[94.08497,25.55433],[94.08481,25.53021],[94.13727,25.51805],[94.15676,25.55153],[94.19209,25.54841],[94.2085,25.49618],[94.28473,25.508],[94.29769,25.48471],[94.41654,25.53648],[94.42523,25.58679],[94.50514,25.61364],[94.56372,25.68715],[94.58443,25.68489]]]]}},{"type":"Feature","properties":{"name":"Meghalaya"},"geometry":{"type":"Polygon","coordinates":[[[91.83382,26.11576],[91.87917,26.09798],[91.8673,26.04202],[91.91469,26.0205],[91.91713,25.99642],[91.98906,26.03853],[92.13262,26.04424],[92.1694,26.07764],[92.27489,26.06565],[92.26347,26.03313],[92.15244,25.94432],[92.15474,25.91099],[92.22556,25.90917],[92.17724,25.87275],[92.1511,25.81664],[92.15615,25.67218],[92.22536,25.71635],[92.33361,25.72439],[92.38462,25.75488],[92.44429,25.7197],[92.43804,25.69486],[92.50563,25.61631],[92.55417,25.6148],[92.57249,25.55735],[92.59482,25.55159],[92.65264,25.59144],[92.64284,25.53481],[92.56449,25.46512],[92.59685,25.46984],[92.60663,25.41323],[92.65362,25.43352],[92.66164,25.40635],[92.73802,25.37933],[92.7499,25.3441],[92.7818,25.33318],[92.79223,25.28241],[92.76189,25.24653],[92.80085,25.21396],[92.66348,25.17667],[92.62143,25.11503],[92.52178,25.13938],[92.53942,25.09905],[92.48097,25.10858],[92.46429,25.03744],[92.42149,25.0278],[92.34148,25.04853],[92.33491,25.07845],[92.22755,25.09371],[92.18933,25.13629],[92.18393,25.11792],[92.15959,25.1266],[92.07385,25.18495],[91.97167,25.16758],[91.75603,25.1775],[91.74764,25.14015],[91.70378,25.16002],[91.63791,25.12254],[91.60209,25.14272],[91.60973,25.17705],[91.47102,25.13359],[91.46863,25.15179],[91.28657,25.18535],[91.26801,25.20724],[91.06964,25.19841],[90.86202,25.15763],[90.78036,25.18612],[90.73328,25.15491],[90.66601,25.1658],[90.66342,25.19785],[90.64094,25.17453],[90.50864,25.17535],[90.44108,25.14451],[90.33024,25.19382],[90.11811,25.22346],[89.96665,25.30369],[89.83118,25.29603],[89.82543,25.41335],[89.88594,25.50792],[89.87717,25.54899],[90.02887,25.6054],[89.95045,25.6556],[89.89474,25.74497],[89.93728,25.74512],[89.95967,25.78153],[89.94885,25.82643],[90.01488,25.85079],[90.00735,25.88097],[90.11598,25.95702],[90.15192,25.9658],[90.18463,25.94379],[90.32689,25.97407],[90.36849,26.01069],[90.42906,25.98881],[90.47873,26.01361],[90.53411,25.95981],[90.51505,25.8964],[90.58354,25.95872],[90.62642,25.93652],[90.61792,25.89784],[90.71767,25.95512],[90.748,25.9568],[90.73857,25.91586],[90.76379,25.9078],[90.80905,25.95244],[90.83547,25.93661],[90.88453,25.95031],[90.91684,25.91406],[90.91734,25.94441],[90.94743,25.94809],[90.96885,25.88522],[91.03055,25.8858],[91.00601,25.82038],[91.04822,25.8492],[91.0785,25.85274],[91.04888,25.82927],[91.06213,25.82078],[91.19583,25.86139],[91.17826,25.77735],[91.19198,25.73036],[91.22093,25.72187],[91.27367,25.7459],[91.33535,25.84054],[91.42247,25.85447],[91.44515,25.83974],[91.53043,25.87125],[91.52659,25.89107],[91.51314,25.86571],[91.47481,25.87402],[91.53695,25.93121],[91.50467,25.91139],[91.57984,26.03325],[91.63238,26.0198],[91.6406,25.9633],[91.60916,25.9393],[91.6706,25.90415],[91.72011,25.9536],[91.73181,26.05997],[91.83382,26.11576]]]}},{"type":"Feature","properties":{"name":"Mizoram"},"geometry":{"type":"Polygon","coordinates":[[[92.7636,24.52112],[92.82935,24.37385],[92.86092,24.39866],[92.90286,24.39123],[92.90932,24.41307],[92.9579,24.39207],[93.00883,24.41184],[93.02503,24.39203],[93.01781,24.3505],[93.04054,24.34198],[93.00427,24.25972],[93.02194,24.21778],[92.97289,24.11249],[93.0466,24.09013],[93.07855,24.10185],[93.09945,24.04337],[93.14056,24.0881],[93.16729,24.05171],[93.20996,24.04837],[93.22044,24.08358],[93.25055,24.08035],[93.25365,24.02123],[93.2872,24.05266],[93.33751,24.04117],[93.32889,23.9848],[93.35076,23.94165],[93.39428,23.92428],[93.39155,23.75669],[93.43691,23.68704],[93.38801,23.44638],[93.40165,23.38375],[93.35577,23.35189],[93.38861,23.21692],[93.36823,23.1441],[93.38561,23.13384],[93.29354,23.00644],[93.22946,23.01165],[93.18461,23.05954],[93.15609,23.04318],[93.13627,23.06065],[93.12581,23.04072],[93.12017,23.00244],[93.16454,22.91049],[93.13117,22.90609],[93.09472,22.80619],[93.09546,22.67249],[93.14031,22.59227],[93.10655,22.52703],[93.12821,22.52365],[93.1387,22.45452],[93.18529,22.42815],[93.20179,22.26257],[93.1421,22.24546],[93.15083,22.17626],[93.12356,22.17355],[93.11104,22.20403],[93.03822,22.19503],[93.05958,22.10125],[93.00453,22.10359],[93.00741,21.98233],[92.98056,21.98006],[92.95225,22.02971],[92.92725,22.01564],[92.90385,21.94004],[92.8634,22.06267],[92.69976,22.15507],[92.67975,22.01155],[92.65161,22.01591],[92.63494,21.98322],[92.60322,21.97763],[92.60266,22.0611],[92.56262,22.12802],[92.5785,22.14341],[92.60575,22.12339],[92.60923,22.16402],[92.55208,22.40897],[92.55128,22.5133],[92.52167,22.55988],[92.53937,22.58915],[92.5167,22.72217],[92.47384,22.74621],[92.44924,22.89501],[92.43373,22.88579],[92.42027,22.91835],[92.37178,22.93617],[92.39238,23.05645],[92.35801,23.10327],[92.34678,23.23567],[92.40419,23.24066],[92.36436,23.32292],[92.37906,23.36183],[92.31713,23.47165],[92.29604,23.62108],[92.27303,23.64166],[92.29094,23.69083],[92.26549,23.72501],[92.26053,23.80858],[92.28584,23.8158],[92.28954,23.86872],[92.32481,23.86884],[92.33208,23.90931],[92.31128,23.9581],[92.33071,23.99006],[92.31422,24.04751],[92.3366,24.14818],[92.29302,24.24841],[92.42254,24.25499],[92.43642,24.15303],[92.47868,24.14202],[92.48371,24.16303],[92.53421,24.18015],[92.5509,24.24722],[92.6123,24.25347],[92.62477,24.33408],[92.68484,24.34654],[92.7636,24.52112]]]}},{"type":"Feature","properties":{"name":"Nagaland"},"geometry":{"type":"Polygon","coordinates":[[[95.19318,27.03222],[95.2323,26.90287],[95.18106,26.85649],[95.20304,26.84656],[95.20846,26.79496],[95.24225,26.78342],[95.20948,26.72909],[95.23376,26.68208],[95.14893,26.61587],[95.15419,26.58314],[95.06198,26.45018],[95.13214,26.37784],[95.1146,26.23289],[95.14268,26.21163],[95.11787,26.10108],[95.18589,26.0731],[95.12611,25.98575],[95.03135,25.93115],[95.01177,25.89778],[95.04897,25.75936],[94.93598,25.66761],[94.91509,25.60768],[94.88171,25.59105],[94.8985,25.56533],[94.84592,25.56194],[94.78345,25.4804],[94.75142,25.49389],[94.67537,25.44582],[94.61656,25.46237],[94.55377,25.5042],[94.55121,25.58],[94.59383,25.6371],[94.57233,25.64129],[94.59653,25.68307],[94.57126,25.69195],[94.50514,25.61364],[94.42492,25.58652],[94.41654,25.53648],[94.29769,25.48471],[94.28473,25.508],[94.2085,25.49618],[94.19209,25.54841],[94.15676,25.55153],[94.13727,25.51805],[94.08481,25.53021],[94.08497,25.55433],[94.01288,25.59224],[94.00747,25.56716],[93.96026,25.55055],[93.83519,25.56168],[93.8165,25.54033],[93.76536,25.53807],[93.76123,25.4959],[93.80029,25.49689],[93.80514,25.46397],[93.70996,25.35753],[93.6869,25.36039],[93.61035,25.20357],[93.58819,25.20106],[93.5526,25.24738],[93.50105,25.24253],[93.50642,25.26932],[93.47145,25.27185],[93.44851,25.34025],[93.47361,25.37928],[93.45819,25.43098],[93.39023,25.4604],[93.32697,25.54696],[93.35872,25.55463],[93.42738,25.63253],[93.497,25.65512],[93.54054,25.69945],[93.54233,25.73218],[93.61742,25.77599],[93.64614,25.82238],[93.71432,25.84451],[93.68153,25.90439],[93.75131,25.93281],[93.76545,25.96975],[93.79517,25.90667],[93.77754,25.84981],[93.79547,25.80893],[93.8397,25.85661],[93.8818,25.84335],[93.9787,25.91673],[93.953,26.00297],[93.98739,26.06679],[94.00108,26.17227],[94.10505,26.31995],[94.17456,26.34046],[94.17173,26.42978],[94.25634,26.54122],[94.28479,26.56107],[94.28975,26.47971],[94.31662,26.45832],[94.34597,26.50357],[94.39607,26.52687],[94.40306,26.61073],[94.46549,26.63306],[94.46028,26.66163],[94.53926,26.70618],[94.56649,26.68356],[94.59388,26.6972],[94.59707,26.73455],[94.6203,26.71212],[94.69235,26.73193],[94.74018,26.77598],[94.75833,26.76601],[94.87359,26.91752],[94.92222,26.94573],[94.98262,26.913],[95.01476,26.92203],[95.19318,27.03222]]]}},{"type":"Feature","properties":{"name":"Sikkim"},"geometry":{"type":"Polygon","coordinates":[[[88.60996,28.12869],[88.67206,28.07234],[88.75629,28.07597],[88.83628,28.01481],[88.83694,27.92878],[88.88263,27.89077],[88.88269,27.83427],[88.85578,27.81508],[88.86514,27.74225],[88.83798,27.70629],[88.84839,27.66801],[88.81526,27.64609],[88.79129,27.5751],[88.76375,27.56507],[88.79282,27.5289],[88.78255,27.44965],[88.82331,27.39058],[88.86095,27.38654],[88.88402,27.34252],[88.9192,27.32797],[88.90774,27.27704],[88.8031,27.24784],[88.78676,27.18199],[88.73862,27.1354],[88.69153,27.17839],[88.66026,27.16055],[88.59223,27.19126],[88.52106,27.17345],[88.53235,27.15006],[88.43295,27.07926],[88.32154,27.10475],[88.30229,27.12929],[88.23002,27.11898],[88.19463,27.13485],[88.13636,27.11475],[88.08885,27.14326],[88.06466,27.21431],[88.01233,27.21593],[88.06693,27.33577],[88.04157,27.37293],[88.07506,27.43322],[88.04408,27.49581],[88.19717,27.79117],[88.17359,27.8206],[88.2019,27.8425],[88.13501,27.88162],[88.12939,27.94937],[88.14521,27.96408],[88.2064,27.94167],[88.23717,27.97085],[88.25108,27.94235],[88.35227,27.98995],[88.39907,27.97804],[88.49562,28.05393],[88.5508,28.03757],[88.55255,28.08142],[88.61934,28.09808],[88.60996,28.12869]]]}},{"type":"Feature","properties":{"name":"Lakshadweep"},"geometry":{"type":"MultiPolygon","coordinates":[[[[73.01056,8.27623],[73.01189,8.27672],[73.01161,8.27596],[73.01056,8.27623]]],[[[73.01389,8.30198],[73.0135,8.30181],[73.01357,8.30205],[73.01389,8.30198]]],[[[73.05402,8.27301],[73.04263,8.26367],[73.02135,8.26816],[73.01762,8.2751],[73.04763,8.27514],[73.0635,8.29354],[73.06852,8.3088],[73.0748,8.32032],[73.07829,8.32397],[73.05402,8.27301]]],[[[73.6312,10.06797],[73.6303,10.0683],[73.63164,10.06836],[73.6312,10.06797]]],[[[73.63165,10.06892],[73.63162,10.06866],[73.63128,10.06873],[73.63165,10.06892]]],[[[73.63291,10.06967],[73.63282,10.06849],[73.63225,10.0687],[73.63291,10.06967]]],[[[73.63457,10.072],[73.63378,10.07109],[73.63351,10.07185],[73.63457,10.072]]],[[[73.63112,10.0732],[73.63046,10.07304],[73.63113,10.07353],[73.63112,10.0732]]],[[[73.62844,10.07385],[73.62781,10.07221],[73.62615,10.07217],[73.62759,10.07394],[73.62844,10.07385]]],[[[73.64771,10.081],[73.64109,10.05691],[73.6511,10.10165],[73.64771,10.081]]],[[[73.65252,10.10889],[73.65197,10.10842],[73.65202,10.10922],[73.65252,10.10889]]],[[[72.28852,10.04528],[72.28534,10.04602],[72.29037,10.05286],[72.28852,10.04528]]],[[[73.66025,10.1539],[73.6641,10.14084],[73.66128,10.12958],[73.65991,10.12893],[73.66025,10.1539]]],[[[72.33824,10.10206],[72.33485,10.10417],[72.3374,10.10487],[72.33824,10.10206]]],[[[72.33158,10.13268],[72.32718,10.12954],[72.32792,10.13841],[72.33158,10.13268]]],[[[72.64045,10.57897],[72.64953,10.56326],[72.61704,10.54189],[72.64045,10.57897]]],[[[73.66796,10.81727],[73.69933,10.8161],[73.70164,10.81403],[73.67163,10.8037],[73.66796,10.81727]]],[[[72.53711,10.78317],[72.53117,10.78095],[72.53587,10.78537],[72.53711,10.78317]]],[[[72.16646,10.81443],[72.16868,10.81256],[72.16466,10.81267],[72.16646,10.81443]]],[[[72.16992,10.81791],[72.20263,10.86908],[72.17953,10.82855],[72.16992,10.81791]]],[[[72.28452,10.93728],[72.29331,10.94581],[72.28936,10.93542],[72.28452,10.93728]]],[[[72.31687,10.94938],[72.32036,10.94575],[72.31522,10.94333],[72.31687,10.94938]]],[[[72.33292,10.95258],[72.33128,10.9503],[72.33016,10.95122],[72.33292,10.95258]]],[[[72.33281,10.95466],[72.33424,10.95315],[72.3337,10.95279],[72.33281,10.95466]]],[[[72.33522,10.95756],[72.33418,10.95613],[72.33396,10.95899],[72.33522,10.95756]]],[[[72.73108,11.12541],[72.71841,11.12702],[72.73353,11.13611],[72.73108,11.12541]]],[[[72.76195,11.18259],[72.77933,11.24235],[72.79008,11.26015],[72.77695,11.21715],[72.76195,11.18259]]],[[[73.00828,11.46952],[72.99805,11.49697],[72.99943,11.49819],[73.00982,11.48735],[73.00828,11.46952]]],[[[72.18815,11.60095],[72.18651,11.59844],[72.18505,11.60139],[72.18815,11.60095]]],[[[72.71723,11.69446],[72.70541,11.68249],[72.71636,11.70366],[72.71723,11.69446]]]]}},{"type":"Feature","properties":{"name":"Andaman & Nicobar"},"geometry":{"type":"MultiPolygon","coordinates":[[[[93.84781,6.78187],[93.84777,6.78165],[93.84743,6.78204],[93.84781,6.78187]]],[[[93.9505,6.93524],[93.94931,6.93502],[93.94948,6.93581],[93.9505,6.93524]]],[[[93.95329,6.93785],[93.95294,6.9379],[93.95323,6.93834],[93.95329,6.93785]]],[[[93.94626,6.95395],[93.94621,6.95384],[93.94618,6.95397],[93.94626,6.95395]]],[[[93.94766,6.95425],[93.94734,6.95409],[93.94748,6.95442],[93.94766,6.95425]]],[[[93.94596,6.95645],[93.94585,6.95635],[93.9459,6.95649],[93.94596,6.95645]]],[[[93.94444,6.98704],[93.94421,6.98685],[93.94425,6.98708],[93.94444,6.98704]]],[[[93.94533,6.99194],[93.94519,6.9918],[93.9452,6.99198],[93.94533,6.99194]]],[[[93.94469,6.9923],[93.9444,6.99165],[93.94421,6.9922],[93.94469,6.9923]]],[[[93.94689,7.01157],[93.94665,7.01144],[93.94668,7.01174],[93.94689,7.01157]]],[[[93.94542,7.01295],[93.94526,7.01289],[93.94537,7.01299],[93.94542,7.01295]]],[[[93.92694,7.02835],[93.92688,7.02825],[93.92686,7.02835],[93.92694,7.02835]]],[[[93.90329,7.07823],[93.9045,7.07714],[93.90293,7.07836],[93.90329,7.07823]]],[[[93.70969,7.23001],[93.72073,7.21298],[93.71877,7.2061],[93.70969,7.23001]]],[[[93.83742,7.24045],[93.83708,7.21808],[93.86995,7.20471],[93.88104,7.08969],[93.94463,7.0014],[93.90988,6.99932],[93.94135,6.95434],[93.91538,6.94728],[93.89147,6.9012],[93.89772,6.81346],[93.87599,6.79323],[93.84702,6.81134],[93.85494,6.81999],[93.85525,6.8262],[93.8551,6.82784],[93.85054,6.83332],[93.84721,6.83496],[93.82248,6.75278],[93.79915,6.76619],[93.80987,6.81197],[93.76263,6.86289],[93.77686,6.88048],[93.73171,6.92188],[93.74101,6.95626],[93.71561,6.98955],[93.71981,6.99084],[93.72207,6.98671],[93.72509,6.98219],[93.7312,6.9754],[93.73276,6.97472],[93.73382,6.97505],[93.73695,6.97692],[93.7357,6.98991],[93.73845,6.98903],[93.73895,6.9898],[93.73815,6.99425],[93.73311,6.99552],[93.73734,6.99787],[93.73764,7.0],[93.73285,6.99577],[93.73307,6.97503],[93.7175,6.99499],[93.69599,6.992],[93.6931,7.00964],[93.69868,7.00973],[93.70127,7.0104],[93.70322,7.01184],[93.70148,7.01541],[93.69818,7.01853],[93.70072,7.02314],[93.70073,7.02443],[93.70008,7.02536],[93.69779,7.02491],[93.69534,7.02291],[93.70179,7.011],[93.65503,7.00549],[93.66697,7.02257],[93.64439,7.10069],[93.65434,7.10913],[93.66199,7.10944],[93.66177,7.11058],[93.66583,7.11078],[93.66727,7.11261],[93.64318,7.12728],[93.67633,7.19304],[93.79207,7.20826],[93.79623,7.23543],[93.83742,7.24045]]],[[[93.79785,7.24883],[93.79049,7.241],[93.78745,7.24315],[93.79785,7.24883]]],[[[93.84767,7.28858],[93.84422,7.28748],[93.84783,7.28965],[93.84767,7.28858]]],[[[93.61692,7.33062],[93.62295,7.32785],[93.61947,7.32518],[93.61692,7.33062]]],[[[93.68041,7.4116],[93.67375,7.39761],[93.67037,7.40941],[93.68041,7.4116]]],[[[93.76502,7.40284],[93.77061,7.39585],[93.76255,7.39631],[93.76502,7.40284]]],[[[93.69947,7.44738],[93.74383,7.36145],[93.63581,7.24281],[93.60709,7.31051],[93.62332,7.3228],[93.62411,7.33327],[93.61833,7.35446],[93.61944,7.37426],[93.65492,7.38518],[93.65631,7.36596],[93.67029,7.39115],[93.7018,7.39364],[93.69947,7.44738]]],[[[93.63085,7.47264],[93.63066,7.47204],[93.63057,7.47264],[93.63085,7.47264]]],[[[93.64811,7.47685],[93.64364,7.47186],[93.64334,7.475],[93.64811,7.47685]]],[[[93.62243,7.48252],[93.62177,7.47787],[93.61866,7.48321],[93.62243,7.48252]]],[[[93.54057,7.52422],[93.54704,7.51383],[93.54145,7.51188],[93.54057,7.52422]]],[[[93.44224,7.87667],[93.44124,7.87672],[93.4416,7.87757],[93.44224,7.87667]]],[[[93.38774,7.89105],[93.38629,7.89131],[93.38725,7.89201],[93.38774,7.89105]]],[[[93.39097,7.89648],[93.38705,7.89592],[93.38914,7.90034],[93.39097,7.89648]]],[[[93.39037,7.90174],[93.39254,7.89943],[93.39108,7.89953],[93.39037,7.90174]]],[[[93.39507,7.89863],[93.39974,7.90192],[93.39872,7.89849],[93.39507,7.89863]]],[[[93.32623,7.93098],[93.32343,7.93019],[93.32261,7.93157],[93.32623,7.93098]]],[[[93.3402,7.94044],[93.33479,7.93871],[93.33883,7.94274],[93.3402,7.94044]]],[[[93.56881,7.92699],[93.5685,7.92688],[93.56852,7.92705],[93.56881,7.92699]]],[[[93.47747,8.00934],[93.47662,8.00923],[93.47688,8.00992],[93.47747,8.00934]]],[[[93.4787,8.01074],[93.47743,8.00977],[93.47785,8.01103],[93.4787,8.01074]]],[[[93.36945,8.02353],[93.40137,8.00878],[93.40362,7.96156],[93.42091,7.96861],[93.4519,7.93929],[93.45446,7.87244],[93.41198,7.90693],[93.3881,7.90158],[93.36796,7.87767],[93.33499,7.90014],[93.34183,7.94686],[93.33189,7.94951],[93.33855,7.9461],[93.33149,7.93829],[93.33786,7.93523],[93.32359,7.93586],[93.32108,7.92935],[93.32448,7.92519],[93.32195,7.92293],[93.30787,7.93386],[93.31998,8.00738],[93.36945,8.02353]]],[[[93.47558,8.01435],[93.47473,8.01404],[93.4752,8.01459],[93.47558,8.01435]]],[[[93.47507,8.01575],[93.47434,8.0151],[93.47467,8.01588],[93.47507,8.01575]]],[[[93.47561,8.01698],[93.47483,8.01704],[93.47557,8.01723],[93.47561,8.01698]]],[[[93.54084,8.02845],[93.57331,7.99423],[93.56942,7.92827],[93.49472,7.99324],[93.52208,8.02618],[93.53245,8.016],[93.53197,8.00839],[93.53802,8.0025],[93.5381,7.99871],[93.541,7.99659],[93.54271,7.99188],[93.54377,7.99136],[93.54084,8.02845]]],[[[93.4747,8.0357],[93.47358,8.03494],[93.4736,8.03591],[93.4747,8.0357]]],[[[93.49325,8.04838],[93.49514,8.04809],[93.49366,8.04686],[93.49325,8.04838]]],[[[93.51409,8.06484],[93.51364,8.06455],[93.51377,8.06493],[93.51409,8.06484]]],[[[93.51487,8.06927],[93.51447,8.06909],[93.51453,8.06948],[93.51487,8.06927]]],[[[93.5142,8.07506],[93.51313,8.07522],[93.51379,8.07566],[93.5142,8.07506]]],[[[93.57595,8.11916],[93.59155,8.04986],[93.58476,8.03807],[93.56259,8.06748],[93.57821,8.07424],[93.56767,8.11958],[93.55287,8.12039],[93.57595,8.11916]]],[[[93.19407,8.18655],[93.19373,8.18639],[93.19381,8.18663],[93.19407,8.18655]]],[[[93.18828,8.19061],[93.18794,8.19034],[93.18792,8.19069],[93.18828,8.19061]]],[[[93.19744,8.19042],[93.19707,8.19036],[93.1972,8.19056],[93.19744,8.19042]]],[[[93.17533,8.19415],[93.17522,8.19373],[93.17487,8.19412],[93.17533,8.19415]]],[[[93.18657,8.19384],[93.18605,8.19369],[93.18625,8.19416],[93.18657,8.19384]]],[[[93.18813,8.19538],[93.18782,8.19515],[93.18779,8.19538],[93.18813,8.19538]]],[[[93.21146,8.19709],[93.21107,8.1968],[93.21117,8.19713],[93.21146,8.19709]]],[[[93.12708,8.21637],[93.12656,8.21599],[93.12653,8.21631],[93.12708,8.21637]]],[[[93.11767,8.21901],[93.11717,8.21893],[93.11757,8.21918],[93.11767,8.21901]]],[[[93.11731,8.22029],[93.11705,8.22016],[93.11709,8.22035],[93.11731,8.22029]]],[[[93.23865,8.22238],[93.23847,8.22141],[93.23786,8.22238],[93.23865,8.22238]]],[[[93.22657,8.22487],[93.2273,8.22455],[93.22625,8.22438],[93.22657,8.22487]]],[[[93.23415,8.22433],[93.23394,8.22391],[93.23378,8.22412],[93.23415,8.22433]]],[[[93.24238,8.23296],[93.24212,8.23282],[93.24225,8.23305],[93.24238,8.23296]]],[[[93.24199,8.23386],[93.24178,8.23382],[93.24183,8.23392],[93.24199,8.23386]]],[[[93.24214,8.23423],[93.24203,8.2341],[93.24201,8.23426],[93.24214,8.23423]]],[[[93.51331,8.23506],[93.53463,8.229],[93.53653,8.2024],[93.49279,8.14617],[93.53776,8.08999],[93.5408,8.03614],[93.52126,8.05059],[93.49845,8.03592],[93.49109,7.99845],[93.47585,8.0461],[93.49911,8.03805],[93.49378,8.05752],[93.51569,8.05325],[93.52116,8.08038],[93.47575,8.0529],[93.46972,8.08861],[93.48391,8.08764],[93.48784,8.09076],[93.48786,8.09507],[93.45878,8.10211],[93.43747,8.17038],[93.51331,8.23506]]],[[[93.22662,8.26571],[93.24115,8.23564],[93.2295,8.2218],[93.20969,8.2514],[93.22662,8.26571]]],[[[93.22673,8.26694],[93.22642,8.2668],[93.22663,8.267],[93.22673,8.26694]]],[[[93.08963,8.34583],[93.08887,8.34553],[93.08917,8.34599],[93.08963,8.34583]]],[[[93.08493,8.3408],[93.13351,8.34654],[93.11972,8.2728],[93.19283,8.2186],[93.1909,8.19612],[93.11162,8.22364],[93.07584,8.27346],[93.08493,8.3408]]],[[[93.0497,8.44271],[93.04942,8.44246],[93.04958,8.44275],[93.0497,8.44271]]],[[[93.04957,8.44321],[93.0496,8.44297],[93.04945,8.44303],[93.04957,8.44321]]],[[[93.05022,8.44389],[93.05039,8.44341],[93.05015,8.44334],[93.05022,8.44389]]],[[[93.05005,8.4447],[93.04972,8.44458],[93.04972,8.44483],[93.05005,8.4447]]],[[[93.05033,8.44496],[93.04989,8.44488],[93.05009,8.44511],[93.05033,8.44496]]],[[[93.04983,8.44527],[93.04968,8.44505],[93.04966,8.44534],[93.04983,8.44527]]],[[[93.04972,8.44572],[93.04958,8.44549],[93.04954,8.44576],[93.04972,8.44572]]],[[[93.63589,8.39263],[93.63549,8.39265],[93.63588,8.39279],[93.63589,8.39263]]],[[[93.62599,8.39432],[93.62542,8.39421],[93.62588,8.39453],[93.62599,8.39432]]],[[[93.62756,8.39493],[93.62722,8.39493],[93.62751,8.39502],[93.62756,8.39493]]],[[[93.62726,8.39531],[93.62708,8.39526],[93.62712,8.39535],[93.62726,8.39531]]],[[[93.63121,8.39484],[93.63251,8.39473],[93.63302,8.39414],[93.63121,8.39484]]],[[[93.62625,8.39573],[93.62602,8.39577],[93.62616,8.39596],[93.62625,8.39573]]],[[[93.63455,8.39546],[93.64357,8.38921],[93.6338,8.39455],[93.63455,8.39546]]],[[[93.62456,8.39776],[93.62555,8.39715],[93.62486,8.39653],[93.62456,8.39776]]],[[[93.6233,8.3981],[93.6231,8.39809],[93.62315,8.39819],[93.6233,8.3981]]],[[[93.62318,8.39857],[93.62298,8.39842],[93.62309,8.39865],[93.62318,8.39857]]],[[[93.62444,8.39786],[93.62372,8.39769],[93.62388,8.39859],[93.62444,8.39786]]],[[[93.62358,8.39862],[93.62334,8.3985],[93.62347,8.3987],[93.62358,8.39862]]],[[[93.634,8.39748],[93.63362,8.39675],[93.63372,8.39784],[93.634,8.39748]]],[[[93.62329,8.39904],[93.62312,8.3989],[93.6231,8.39903],[93.62329,8.39904]]],[[[93.6234,8.39934],[93.62325,8.39919],[93.62318,8.39937],[93.6234,8.39934]]],[[[93.62259,8.4005],[93.62237,8.40034],[93.62237,8.40045],[93.62259,8.4005]]],[[[93.63247,8.39959],[93.63233,8.39942],[93.63228,8.39948],[93.63247,8.39959]]],[[[93.62315,8.40048],[93.62288,8.40035],[93.62304,8.40055],[93.62315,8.40048]]],[[[93.62286,8.40083],[93.62264,8.40081],[93.6227,8.401],[93.62286,8.40083]]],[[[93.62233,8.40111],[93.62213,8.40097],[93.6222,8.40115],[93.62233,8.40111]]],[[[93.62266,8.40203],[93.62235,8.40192],[93.62246,8.40208],[93.62266,8.40203]]],[[[93.62373,8.41746],[93.62338,8.41717],[93.62342,8.41765],[93.62373,8.41746]]],[[[93.02887,8.46796],[93.04917,8.44238],[93.03341,8.44158],[93.02887,8.46796]]],[[[93.61423,8.41854],[93.61361,8.41791],[93.61345,8.41891],[93.61423,8.41854]]],[[[93.62275,8.41885],[93.62251,8.41884],[93.62263,8.419],[93.62275,8.41885]]],[[[93.6133,8.4197],[93.6129,8.41964],[93.613,8.42003],[93.6133,8.4197]]],[[[93.6126,8.42102],[93.6128,8.42021],[93.61242,8.42099],[93.6126,8.42102]]],[[[93.62275,8.41964],[93.62242,8.41944],[93.62241,8.42013],[93.62275,8.41964]]],[[[93.61376,8.42096],[93.61346,8.42082],[93.61348,8.42103],[93.61376,8.42096]]],[[[93.62225,8.42094],[93.62204,8.42078],[93.62212,8.42101],[93.62225,8.42094]]],[[[93.62211,8.42179],[93.62195,8.42169],[93.62199,8.42189],[93.62211,8.42179]]],[[[93.61271,8.4229],[93.61242,8.42286],[93.61257,8.42302],[93.61271,8.4229]]],[[[93.62041,8.42591],[93.62035,8.42582],[93.62031,8.42589],[93.62041,8.42591]]],[[[93.62003,8.42772],[93.61997,8.4276],[93.61997,8.42767],[93.62003,8.42772]]],[[[93.62628,8.429],[93.62648,8.42876],[93.62603,8.42892],[93.62628,8.429]]],[[[93.60652,8.43253],[93.60625,8.43232],[93.60617,8.4325],[93.60652,8.43253]]],[[[93.60708,8.43633],[93.60648,8.43588],[93.6064,8.43604],[93.60708,8.43633]]],[[[93.61633,8.4545],[93.61613,8.45441],[93.61622,8.45455],[93.61633,8.4545]]],[[[93.61793,8.45503],[93.61773,8.45506],[93.61785,8.45534],[93.61793,8.45503]]],[[[93.6173,8.45547],[93.61708,8.45543],[93.61708,8.45553],[93.6173,8.45547]]],[[[93.61759,8.45626],[93.61738,8.45616],[93.61751,8.45631],[93.61759,8.45626]]],[[[93.61659,8.4565],[93.61642,8.45578],[93.61611,8.45602],[93.61659,8.4565]]],[[[93.60629,8.45785],[93.60714,8.45672],[93.60579,8.4575],[93.60629,8.45785]]],[[[93.61139,8.45937],[93.6104,8.45936],[93.61135,8.4596],[93.61139,8.45937]]],[[[93.62044,8.45893],[93.62041,8.45866],[93.61994,8.45885],[93.62044,8.45893]]],[[[93.62593,8.47069],[93.62541,8.47033],[93.625,8.47113],[93.62593,8.47069]]],[[[93.61247,8.48627],[93.61168,8.48502],[93.6115,8.48528],[93.61247,8.48627]]],[[[93.60309,8.48748],[93.60391,8.48671],[93.60269,8.4862],[93.60309,8.48748]]],[[[93.62897,8.48771],[93.62905,8.48701],[93.62873,8.48764],[93.62897,8.48771]]],[[[93.62866,8.48809],[93.62835,8.488],[93.62835,8.48814],[93.62866,8.48809]]],[[[93.60611,8.49852],[93.60558,8.49849],[93.60607,8.49875],[93.60611,8.49852]]],[[[93.61393,8.50167],[93.61449,8.50199],[93.6145,8.50161],[93.61393,8.50167]]],[[[93.6147,8.50254],[93.61426,8.50272],[93.61474,8.50268],[93.6147,8.50254]]],[[[93.62447,8.50303],[93.6243,8.50304],[93.62445,8.50316],[93.62447,8.50303]]],[[[93.62413,8.50337],[93.62413,8.50313],[93.62399,8.50331],[93.62413,8.50337]]],[[[93.61457,8.50452],[93.61443,8.50447],[93.61447,8.50461],[93.61457,8.50452]]],[[[93.61497,8.50485],[93.6147,8.50475],[93.61469,8.50496],[93.61497,8.50485]]],[[[93.61446,8.50497],[93.61421,8.50497],[93.61426,8.50511],[93.61446,8.50497]]],[[[93.61463,8.50557],[93.61434,8.50543],[93.6145,8.50565],[93.61463,8.50557]]],[[[93.61416,8.50566],[93.61391,8.50556],[93.61394,8.50579],[93.61416,8.50566]]],[[[93.6229,8.50509],[93.62305,8.50479],[93.62282,8.50504],[93.6229,8.50509]]],[[[93.62194,8.50791],[93.622,8.50771],[93.62183,8.50782],[93.62194,8.50791]]],[[[93.60838,8.52257],[93.60789,8.52263],[93.60794,8.52286],[93.60838,8.52257]]],[[[93.60999,8.5233],[93.60979,8.52307],[93.60988,8.52337],[93.60999,8.5233]]],[[[93.61095,8.52643],[93.61073,8.52638],[93.61059,8.52685],[93.61095,8.52643]]],[[[93.60872,8.52799],[93.60915,8.52802],[93.60922,8.52794],[93.60872,8.52799]]],[[[93.6197,8.52757],[93.61941,8.52749],[93.61969,8.52768],[93.6197,8.52757]]],[[[93.61522,8.52956],[93.61541,8.52926],[93.61512,8.52936],[93.61522,8.52956]]],[[[93.61389,8.53065],[93.61356,8.53057],[93.61373,8.53077],[93.61389,8.53065]]],[[[93.61314,8.53279],[93.61285,8.53278],[93.6131,8.53293],[93.61314,8.53279]]],[[[93.61224,8.53696],[93.61196,8.53717],[93.61205,8.53728],[93.61224,8.53696]]],[[[93.60295,8.53903],[93.60226,8.53911],[93.60238,8.53934],[93.60295,8.53903]]],[[[93.61251,8.53873],[93.61248,8.53832],[93.61231,8.53871],[93.61251,8.53873]]],[[[93.60061,8.54989],[93.60033,8.54971],[93.60044,8.54995],[93.60061,8.54989]]],[[[93.61049,8.5497],[93.6099,8.54965],[93.61005,8.55003],[93.61049,8.5497]]],[[[93.60956,8.55082],[93.60919,8.55064],[93.60934,8.55115],[93.60956,8.55082]]],[[[93.59989,8.55804],[93.59978,8.55796],[93.59979,8.55805],[93.59989,8.55804]]],[[[93.59984,8.55845],[93.59972,8.55827],[93.59967,8.55839],[93.59984,8.55845]]],[[[93.60001,8.55865],[93.59993,8.55856],[93.59991,8.55864],[93.60001,8.55865]]],[[[93.59959,8.55865],[93.59942,8.55857],[93.59951,8.55873],[93.59959,8.55865]]],[[[93.6112,8.55821],[93.61092,8.55815],[93.61118,8.55838],[93.6112,8.55821]]],[[[93.61044,8.55861],[93.61019,8.55851],[93.61026,8.55871],[93.61044,8.55861]]],[[[93.61107,8.55865],[93.61083,8.55855],[93.6109,8.55876],[93.61107,8.55865]]],[[[93.60087,8.56157],[93.60063,8.56153],[93.60085,8.56172],[93.60087,8.56157]]],[[[93.60059,8.56186],[93.60045,8.56181],[93.60046,8.56194],[93.60059,8.56186]]],[[[93.61065,8.56098],[93.61076,8.56066],[93.61057,8.56079],[93.61065,8.56098]]],[[[93.60142,8.56334],[93.601,8.56329],[93.60143,8.56345],[93.60142,8.56334]]],[[[93.60039,8.56397],[93.60099,8.56352],[93.60041,8.5633],[93.60039,8.56397]]],[[[93.60308,8.5637],[93.603,8.56334],[93.60277,8.56409],[93.60308,8.5637]]],[[[93.60298,8.56486],[93.60284,8.5647],[93.60279,8.56482],[93.60298,8.56486]]],[[[93.61042,8.56423],[93.61036,8.56372],[93.61017,8.56424],[93.61042,8.56423]]],[[[93.60323,8.56584],[93.60305,8.56569],[93.60308,8.56585],[93.60323,8.56584]]],[[[93.61111,8.56628],[93.61108,8.56601],[93.61097,8.56614],[93.61111,8.56628]]],[[[93.60346,8.56702],[93.6033,8.56677],[93.60317,8.56689],[93.60346,8.56702]]],[[[93.60299,8.56731],[93.60287,8.56712],[93.6028,8.56732],[93.60299,8.56731]]],[[[93.60734,8.5701],[93.60714,8.57005],[93.60722,8.57024],[93.60734,8.5701]]],[[[93.60767,8.5704],[93.60739,8.57038],[93.60745,8.57051],[93.60767,8.5704]]],[[[93.60775,8.57084],[93.6075,8.57088],[93.60766,8.57094],[93.60775,8.57084]]],[[[93.60718,8.57344],[93.60698,8.5733],[93.60701,8.5735],[93.60718,8.57344]]],[[[93.60246,8.57418],[93.60233,8.57386],[93.60226,8.5739],[93.60246,8.57418]]],[[[93.60657,8.57387],[93.60637,8.5738],[93.60645,8.57394],[93.60657,8.57387]]],[[[93.60203,8.57435],[93.60184,8.57415],[93.60175,8.57434],[93.60203,8.57435]]],[[[93.60306,8.57473],[93.60284,8.57458],[93.60293,8.57477],[93.60306,8.57473]]],[[[93.60565,8.57451],[93.60575,8.57429],[93.60563,8.57429],[93.60565,8.57451]]],[[[93.60549,8.5748],[93.60556,8.57459],[93.6054,8.57461],[93.60549,8.5748]]],[[[93.60297,8.5751],[93.6028,8.57507],[93.60282,8.57519],[93.60297,8.5751]]],[[[93.60525,8.57505],[93.60508,8.57503],[93.60511,8.57515],[93.60525,8.57505]]],[[[93.6029,8.57553],[93.60279,8.57548],[93.60284,8.57557],[93.6029,8.57553]]],[[[93.60282,8.57628],[93.60267,8.57625],[93.60268,8.57645],[93.60282,8.57628]]],[[[93.60266,8.57656],[93.6025,8.57653],[93.60252,8.57673],[93.60266,8.57656]]],[[[93.60592,8.57372],[93.61167,8.53254],[93.6147,8.52863],[93.62554,8.52369],[93.62147,8.50762],[93.63235,8.46772],[93.62643,8.47145],[93.62117,8.47088],[93.61719,8.46808],[93.61301,8.42323],[93.60692,8.4446],[93.61377,8.46233],[93.60944,8.48147],[93.61921,8.48661],[93.61207,8.52632],[93.60021,8.54497],[93.60592,8.57372]]],[[[93.60645,8.58102],[93.60864,8.5799],[93.60799,8.57866],[93.60645,8.58102]]],[[[93.59617,8.58255],[93.59825,8.58004],[93.59788,8.57996],[93.59617,8.58255]]],[[[92.8634,8.83436],[92.86309,8.83419],[92.86313,8.83438],[92.8634,8.83436]]],[[[92.84837,8.83411],[92.86194,8.82373],[92.84767,8.81655],[92.84837,8.83411]]],[[[92.77143,9.25882],[92.81767,9.21199],[92.8273,9.13884],[92.79907,9.12059],[92.72732,9.1249],[92.71775,9.21456],[92.76372,9.21583],[92.77143,9.25882]]],[[[92.51836,10.90084],[92.52954,10.86708],[92.54223,10.85916],[92.53377,10.88997],[92.56248,10.86217],[92.56743,10.81027],[92.54855,10.80963],[92.5516,10.80352],[92.57922,10.78544],[92.57124,10.81056],[92.58715,10.78811],[92.5981,10.67918],[92.58026,10.68081],[92.58235,10.65803],[92.5537,10.64004],[92.54069,10.62216],[92.53852,10.61491],[92.56989,10.57879],[92.51326,10.51084],[92.43505,10.54891],[92.38765,10.53153],[92.41912,10.61579],[92.38136,10.67028],[92.37307,10.78274],[92.39503,10.78559],[92.3924,10.77521],[92.39521,10.74895],[92.39876,10.74394],[92.41933,10.77258],[92.39687,10.76314],[92.4106,10.77829],[92.39566,10.77485],[92.39563,10.78631],[92.45729,10.84174],[92.45451,10.86686],[92.49653,10.89705],[92.51104,10.87181],[92.50242,10.8738],[92.49145,10.87147],[92.49014,10.85997],[92.48614,10.86215],[92.47682,10.86181],[92.49061,10.85964],[92.49586,10.87071],[92.50034,10.86315],[92.50384,10.86254],[92.50637,10.86366],[92.50798,10.86282],[92.51788,10.87741],[92.50296,10.89772],[92.51836,10.90084]]],[[[92.62076,10.92469],[92.62454,10.92329],[92.6238,10.9222],[92.62076,10.92469]]],[[[92.60848,10.93961],[92.61348,10.92597],[92.60201,10.93628],[92.60848,10.93961]]],[[[92.60107,10.94112],[92.60619,10.94062],[92.60605,10.94018],[92.60107,10.94112]]],[[[92.60797,10.94262],[92.60781,10.94176],[92.60721,10.9422],[92.60797,10.94262]]],[[[92.60591,10.94318],[92.60607,10.94232],[92.6058,10.94284],[92.60591,10.94318]]],[[[92.59932,10.94202],[92.59598,10.94421],[92.59628,10.94504],[92.59932,10.94202]]],[[[92.60325,10.9455],[92.60561,10.9456],[92.60562,10.94514],[92.60325,10.9455]]],[[[92.60076,10.95155],[92.60007,10.95095],[92.59977,10.95149],[92.60076,10.95155]]],[[[92.20819,10.97983],[92.22467,10.9781],[92.21335,10.9728],[92.20819,10.97983]]],[[[92.66654,10.99269],[92.65953,10.98079],[92.65817,10.9908],[92.66654,10.99269]]],[[[92.72422,11.14831],[92.73037,11.14179],[92.72203,11.14074],[92.72422,11.14831]]],[[[92.67394,11.19023],[92.68008,11.18121],[92.67586,11.17679],[92.67394,11.19023]]],[[[92.67257,11.19532],[92.67199,11.19497],[92.67208,11.19548],[92.67257,11.19532]]],[[[92.69381,11.28458],[92.70478,11.26379],[92.68623,11.2418],[92.69381,11.28458]]],[[[92.7223,11.33303],[92.72231,11.31666],[92.70678,11.29964],[92.69551,11.30984],[92.7223,11.33303]]],[[[92.55061,11.39813],[92.54093,11.39121],[92.54193,11.39818],[92.55061,11.39813]]],[[[92.55468,11.39705],[92.55904,11.39099],[92.55165,11.3921],[92.55468,11.39705]]],[[[92.23978,11.51633],[92.24056,11.51535],[92.23891,11.51574],[92.23978,11.51633]]],[[[92.2554,11.51506],[92.25918,11.51439],[92.25472,11.51413],[92.2554,11.51506]]],[[[92.23984,11.51759],[92.23931,11.51725],[92.23933,11.51765],[92.23984,11.51759]]],[[[92.26693,11.51744],[92.27189,11.51675],[92.26686,11.51619],[92.26693,11.51744]]],[[[92.20691,11.53327],[92.20704,11.53223],[92.20663,11.53316],[92.20691,11.53327]]],[[[92.20582,11.53416],[92.2053,11.53386],[92.20501,11.53438],[92.20582,11.53416]]],[[[92.20712,11.5359],[92.2068,11.53554],[92.20674,11.53571],[92.20712,11.5359]]],[[[92.56088,11.51436],[92.56051,11.51409],[92.56051,11.51456],[92.56088,11.51436]]],[[[92.61503,11.51107],[92.60964,11.50237],[92.60307,11.50312],[92.61503,11.51107]]],[[[92.64462,11.51425],[92.64324,11.51432],[92.64454,11.51512],[92.64462,11.51425]]],[[[92.63621,11.51591],[92.67426,11.4904],[92.68459,11.43607],[92.67102,11.41549],[92.63626,11.41688],[92.63372,11.40372],[92.6748,11.39977],[92.69066,11.37453],[92.59765,11.34502],[92.58573,11.39999],[92.62179,11.40445],[92.61066,11.47231],[92.63621,11.51591]]],[[[92.58825,11.53045],[92.58666,11.53036],[92.58661,11.53084],[92.58825,11.53045]]],[[[92.61626,11.52841],[92.61581,11.52772],[92.61527,11.52845],[92.61626,11.52841]]],[[[92.59322,11.53214],[92.59161,11.52989],[92.58951,11.53077],[92.59322,11.53214]]],[[[92.61586,11.53199],[92.61521,11.53131],[92.61477,11.53175],[92.61586,11.53199]]],[[[92.63079,11.53356],[92.63047,11.53294],[92.63054,11.53356],[92.63079,11.53356]]],[[[92.55517,11.5404],[92.55492,11.53928],[92.55457,11.53953],[92.55517,11.5404]]],[[[92.55122,11.52885],[92.56849,11.52971],[92.56544,11.51663],[92.55122,11.52885]]],[[[92.59659,11.52887],[92.60541,11.53272],[92.60591,11.51878],[92.59659,11.52887]]],[[[92.58523,11.54071],[92.58194,11.53536],[92.58328,11.54193],[92.58523,11.54071]]],[[[92.19701,11.57813],[92.19663,11.5773],[92.19653,11.57828],[92.19701,11.57813]]],[[[92.26795,11.57174],[92.26914,11.57226],[92.26835,11.57118],[92.26795,11.57174]]],[[[92.19865,11.57991],[92.19804,11.57902],[92.19783,11.57991],[92.19865,11.57991]]],[[[92.19718,11.58198],[92.19589,11.58209],[92.19656,11.58326],[92.19718,11.58198]]],[[[92.54153,11.5558],[92.5408,11.55369],[92.54024,11.55469],[92.54153,11.5558]]],[[[92.62854,11.54783],[92.62577,11.54368],[92.62729,11.54897],[92.62854,11.54783]]],[[[92.54141,11.55779],[92.54415,11.5568],[92.54128,11.55646],[92.53897,11.55445],[92.54141,11.55779]]],[[[92.19748,11.5879],[92.19723,11.58424],[92.19658,11.58427],[92.19748,11.5879]]],[[[92.56238,11.55757],[92.56208,11.55767],[92.56221,11.55772],[92.56238,11.55757]]],[[[92.19906,11.58877],[92.20218,11.58976],[92.20198,11.58857],[92.19906,11.58877]]],[[[92.5631,11.55979],[92.56273,11.55984],[92.5633,11.56013],[92.5631,11.55979]]],[[[92.56711,11.55997],[92.56666,11.55923],[92.56669,11.55977],[92.56711,11.55997]]],[[[92.57057,11.55982],[92.56998,11.55984],[92.57057,11.56013],[92.57057,11.55982]]],[[[92.57394,11.56053],[92.57354,11.55923],[92.57337,11.55938],[92.57394,11.56053]]],[[[92.63112,11.55758],[92.63166,11.55675],[92.6311,11.55607],[92.63112,11.55758]]],[[[92.26428,11.58916],[92.2655,11.58912],[92.2661,11.58883],[92.26428,11.58916]]],[[[92.5989,11.56062],[92.59842,11.5603],[92.59862,11.56089],[92.5989,11.56062]]],[[[92.22176,11.59444],[92.22237,11.59262],[92.22013,11.59358],[92.22176,11.59444]]],[[[92.6013,11.55468],[92.61825,11.54481],[92.60964,11.53141],[92.6013,11.55468]]],[[[92.20283,11.58744],[92.21898,11.59369],[92.22063,11.59172],[92.22712,11.58835],[92.26931,11.58521],[92.26012,11.51725],[92.21035,11.53081],[92.20283,11.58744]]],[[[92.2296,11.59479],[92.22803,11.59468],[92.22945,11.5957],[92.2296,11.59479]]],[[[92.60799,11.56059],[92.60485,11.56056],[92.60643,11.56327],[92.60799,11.56059]]],[[[92.53019,11.57002],[92.52892,11.57077],[92.52972,11.57107],[92.53019,11.57002]]],[[[92.56692,11.5701],[92.56362,11.56853],[92.56606,11.57086],[92.56692,11.5701]]],[[[92.57662,11.56897],[92.57182,11.56443],[92.57636,11.57106],[92.57662,11.56897]]],[[[92.56936,11.57357],[92.56881,11.5726],[92.56876,11.57304],[92.56936,11.57357]]],[[[92.52608,11.58012],[92.52981,11.57742],[92.52836,11.57646],[92.52608,11.58012]]],[[[92.56941,11.57823],[92.57015,11.57836],[92.57,11.57792],[92.56941,11.57823]]],[[[92.56899,11.57958],[92.56822,11.57943],[92.56819,11.57965],[92.56899,11.57958]]],[[[92.59304,11.57456],[92.59665,11.54602],[92.58779,11.5326],[92.58281,11.54904],[92.59304,11.57456]]],[[[92.57872,11.58429],[92.57618,11.58594],[92.57742,11.58764],[92.57872,11.58429]]],[[[92.59975,11.58723],[92.59934,11.58658],[92.59908,11.58757],[92.59975,11.58723]]],[[[92.59922,11.56906],[92.61822,11.57653],[92.61395,11.56304],[92.59922,11.56906]]],[[[92.59264,11.58944],[92.59387,11.59012],[92.59453,11.58914],[92.59264,11.58944]]],[[[92.55259,11.59475],[92.55147,11.5941],[92.55126,11.59532],[92.55259,11.59475]]],[[[92.54017,11.60503],[92.54394,11.59141],[92.57158,11.58779],[92.52683,11.5537],[92.54017,11.60503]]],[[[92.69076,11.60938],[92.68891,11.61042],[92.69044,11.61181],[92.69076,11.60938]]],[[[92.68715,11.6304],[92.68619,11.63091],[92.68723,11.63158],[92.68715,11.6304]]],[[[92.6887,11.63541],[92.68553,11.63469],[92.68614,11.64049],[92.6887,11.63541]]],[[[92.75584,11.63673],[92.75559,11.63677],[92.75579,11.63685],[92.75584,11.63673]]],[[[92.75508,11.63707],[92.75434,11.63661],[92.75448,11.63719],[92.75508,11.63707]]],[[[92.75461,11.63765],[92.75306,11.63782],[92.75427,11.63849],[92.75461,11.63765]]],[[[92.68045,11.64836],[92.68004,11.64833],[92.68041,11.6485],[92.68045,11.64836]]],[[[92.69488,11.66327],[92.69987,11.65924],[92.69221,11.66069],[92.69488,11.66327]]],[[[92.73288,11.68182],[92.7327,11.68185],[92.73288,11.68196],[92.73288,11.68182]]],[[[92.73319,11.68263],[92.73323,11.68248],[92.73308,11.68257],[92.73319,11.68263]]],[[[92.76515,11.67916],[92.75812,11.67819],[92.76491,11.68211],[92.76515,11.67916]]],[[[92.72298,11.68614],[92.72502,11.68801],[92.72505,11.6871],[92.72298,11.68614]]],[[[92.58579,11.70067],[92.58676,11.70006],[92.58594,11.69983],[92.58579,11.70067]]],[[[92.58637,11.70418],[92.58597,11.70467],[92.58638,11.70492],[92.58637,11.70418]]],[[[92.58536,11.70471],[92.58481,11.70435],[92.58509,11.70504],[92.58536,11.70471]]],[[[92.58268,11.70839],[92.58299,11.70776],[92.58281,11.7077],[92.58268,11.70839]]],[[[92.58395,11.70838],[92.58429,11.70811],[92.58412,11.70804],[92.58395,11.70838]]],[[[93.08156,11.78971],[93.0805,11.77796],[93.07599,11.78109],[93.08156,11.78971]]],[[[93.07225,11.83434],[93.07186,11.83358],[93.07166,11.83387],[93.07225,11.83434]]],[[[93.07121,11.83915],[93.07165,11.83751],[93.07088,11.83903],[93.07121,11.83915]]],[[[93.01223,11.85164],[93.03122,11.83739],[93.07153,11.83411],[93.04231,11.80987],[93.01223,11.85164]]],[[[92.60483,11.93468],[92.60161,11.93536],[92.60333,11.93605],[92.60483,11.93468]]],[[[92.72437,11.95302],[92.72284,11.95445],[92.72466,11.95397],[92.72437,11.95302]]],[[[92.60433,11.963],[92.60862,11.96121],[92.60665,11.95953],[92.60433,11.963]]],[[[92.73216,11.95993],[92.72452,11.94168],[92.72539,11.95591],[92.73216,11.95993]]],[[[92.73826,11.96446],[92.73767,11.96414],[92.73767,11.96446],[92.73826,11.96446]]],[[[92.59646,11.97683],[92.60806,11.94323],[92.60154,11.93618],[92.59789,11.92497],[92.59646,11.97683]]],[[[92.74414,11.96677],[92.74041,11.96523],[92.74327,11.96768],[92.74414,11.96677]]],[[[92.58133,11.98274],[92.58428,11.97656],[92.57981,11.97726],[92.58133,11.98274]]],[[[92.99549,11.94586],[92.99462,11.9463],[92.99555,11.94683],[92.99549,11.94586]]],[[[92.60042,11.98225],[92.5999,11.98198],[92.60014,11.98252],[92.60042,11.98225]]],[[[92.76606,11.96774],[92.7582,11.9447],[92.73492,11.95182],[92.74841,11.96896],[92.76606,11.96774]]],[[[92.73365,11.97723],[92.74165,11.9883],[92.76063,11.98295],[92.73365,11.97723]]],[[[92.76993,12.01265],[92.77643,12.01618],[92.77412,12.012],[92.76993,12.01265]]],[[[92.97215,12.03608],[92.97116,12.03596],[92.97191,12.03663],[92.97215,12.03608]]],[[[92.98961,12.038],[92.98965,12.03689],[92.98877,12.03729],[92.98961,12.038]]],[[[92.97757,12.04201],[92.97748,12.04195],[92.97743,12.04198],[92.97757,12.04201]]],[[[92.97727,12.04243],[92.97727,12.04223],[92.97715,12.04236],[92.97727,12.04243]]],[[[92.97685,12.04246],[92.9768,12.04237],[92.9768,12.04245],[92.97685,12.04246]]],[[[92.97433,12.04292],[92.97432,12.0428],[92.97425,12.04286],[92.97433,12.04292]]],[[[92.97624,12.04275],[92.97625,12.04261],[92.97614,12.04271],[92.97624,12.04275]]],[[[92.97525,12.04292],[92.97526,12.04286],[92.97514,12.04295],[92.97525,12.04292]]],[[[92.97588,12.04288],[92.9757,12.04283],[92.9757,12.04289],[92.97588,12.04288]]],[[[92.97489,12.04311],[92.97493,12.04301],[92.97484,12.04305],[92.97489,12.04311]]],[[[92.97868,12.04318],[92.97851,12.04319],[92.97872,12.04331],[92.97868,12.04318]]],[[[92.97781,12.04342],[92.97772,12.04248],[92.97708,12.04291],[92.97781,12.04342]]],[[[92.97886,12.04377],[92.97886,12.0436],[92.9788,12.04373],[92.97886,12.04377]]],[[[92.97817,12.04373],[92.97835,12.04308],[92.97815,12.04316],[92.97817,12.04373]]],[[[92.9783,12.04406],[92.97825,12.04396],[92.97825,12.04406],[92.9783,12.04406]]],[[[92.74665,12.05487],[92.78219,12.04854],[92.77769,12.02413],[92.76057,12.01932],[92.74062,12.0415],[92.7293,12.0369],[92.73074,12.0391],[92.73021,12.04428],[92.72693,12.05831],[92.73693,12.05393],[92.73907,12.05649],[92.73628,12.06601],[92.74118,12.06298],[92.74375,12.05701],[92.74665,12.05487]]],[[[92.97875,12.04428],[92.97862,12.04403],[92.97869,12.04429],[92.97875,12.04428]]],[[[92.96401,12.05009],[92.97482,12.01625],[92.97296,12.04316],[93.01478,12.0273],[93.0441,11.88372],[92.99233,11.93452],[93.01538,11.93827],[93.0016,11.94751],[93.0084,11.95511],[93.00852,11.95588],[93.00694,11.95822],[92.97509,11.94555],[92.92295,11.99844],[92.96401,12.05009]]],[[[92.74468,12.05647],[92.75518,12.06676],[92.7538,12.05786],[92.74468,12.05647]]],[[[92.79838,12.07569],[92.79938,12.07597],[92.79908,12.07505],[92.79838,12.07569]]],[[[92.78733,12.07697],[92.78414,12.07263],[92.78735,12.07785],[92.78733,12.07697]]],[[[92.79197,12.0789],[92.79191,12.0787],[92.7919,12.07888],[92.79197,12.0789]]],[[[92.7912,12.07918],[92.79105,12.07908],[92.79114,12.07919],[92.7912,12.07918]]],[[[92.79171,12.07908],[92.79168,12.07873],[92.79159,12.07913],[92.79171,12.07908]]],[[[92.96716,12.065],[92.97072,12.06354],[92.96814,12.06253],[92.96716,12.065]]],[[[92.96297,12.0662],[92.9646,12.06464],[92.96152,12.06627],[92.96297,12.0662]]],[[[93.01217,12.06744],[93.00954,12.0661],[93.00947,12.06801],[93.01217,12.06744]]],[[[93.00824,12.07014],[93.00965,12.07036],[93.00981,12.06944],[93.00824,12.07014]]],[[[92.79998,12.08975],[92.79902,12.08923],[92.79928,12.09018],[92.79998,12.08975]]],[[[93.00451,12.07168],[93.00703,12.0692],[93.0049,12.06895],[93.00451,12.07168]]],[[[93.05258,12.07282],[93.05345,12.07291],[93.05354,12.07252],[93.05258,12.07282]]],[[[93.05404,12.07406],[93.05441,12.07328],[93.05368,12.07358],[93.05404,12.07406]]],[[[93.07666,12.07674],[93.07731,12.07638],[93.07698,12.07627],[93.07666,12.07674]]],[[[93.07837,12.07653],[93.07894,12.0771],[93.07905,12.07659],[93.07837,12.07653]]],[[[93.08012,12.07729],[93.07995,12.07647],[93.07952,12.07719],[93.08012,12.07729]]],[[[93.08237,12.07827],[93.08284,12.07887],[93.08283,12.07827],[93.08237,12.07827]]],[[[92.95582,12.09119],[92.9576,12.09118],[92.95688,12.08981],[92.95582,12.09119]]],[[[92.74079,12.11172],[92.73873,12.11092],[92.74051,12.11312],[92.74079,12.11172]]],[[[93.03385,12.10476],[93.03387,12.1029],[93.03319,12.10495],[93.03385,12.10476]]],[[[92.99865,12.10873],[93.00481,12.10611],[92.99812,12.10789],[92.99865,12.10873]]],[[[92.97172,12.10384],[93.00503,12.10064],[92.99414,12.04368],[92.97492,12.06722],[92.95644,12.07307],[92.97177,12.08659],[92.95789,12.10855],[92.97172,12.10384]]],[[[92.9777,12.11086],[92.97599,12.11003],[92.9761,12.11213],[92.9777,12.11086]]],[[[92.99272,12.11058],[92.99084,12.11043],[92.9916,12.11154],[92.99272,12.11058]]],[[[92.97258,12.11654],[92.97307,12.11534],[92.97195,12.11581],[92.97258,12.11654]]],[[[92.94568,12.11988],[92.9573,12.09923],[92.95013,12.07924],[92.94568,12.11988]]],[[[92.95946,12.11929],[92.96283,12.1168],[92.96259,12.11397],[92.95946,12.11929]]],[[[92.96098,12.1198],[92.96011,12.12017],[92.96028,12.12077],[92.96098,12.1198]]],[[[92.95593,12.12573],[92.95824,12.12592],[92.95674,12.12328],[92.95593,12.12573]]],[[[92.75772,12.14613],[92.75438,12.14749],[92.7567,12.14898],[92.75772,12.14613]]],[[[92.95578,12.1302],[92.95737,12.13104],[92.95754,12.13053],[92.95578,12.1302]]],[[[92.85154,12.14145],[92.85114,12.14134],[92.85138,12.14164],[92.85154,12.14145]]],[[[92.85206,12.1419],[92.85145,12.1418],[92.85186,12.14208],[92.85206,12.1419]]],[[[92.71275,12.1705],[92.71335,12.16968],[92.71253,12.16954],[92.71275,12.1705]]],[[[92.75985,12.16825],[92.75875,12.16809],[92.7597,12.16857],[92.75985,12.16825]]],[[[93.00595,12.14953],[93.00454,12.14836],[93.0044,12.15018],[93.00595,12.14953]]],[[[92.98811,12.15096],[92.98739,12.15092],[92.98769,12.15196],[92.98811,12.15096]]],[[[92.75938,12.17255],[92.75989,12.17047],[92.75906,12.16966],[92.75938,12.17255]]],[[[93.00692,12.15069],[93.00732,12.1525],[93.00759,12.15066],[93.00692,12.15069]]],[[[92.9858,12.15614],[92.98386,12.15575],[92.98541,12.15692],[92.9858,12.15614]]],[[[92.72084,12.18087],[92.71994,12.18156],[92.7208,12.18184],[92.72084,12.18087]]],[[[93.01224,12.15616],[93.01435,12.15659],[93.01335,12.15414],[93.01224,12.15616]]],[[[92.98755,12.14655],[92.99784,12.14595],[92.99317,12.13612],[93.00097,12.11097],[92.95425,12.13574],[92.9566,12.14996],[92.98755,12.14655]]],[[[92.75555,12.18085],[92.7613,12.17981],[92.76076,12.17347],[92.75555,12.18085]]],[[[93.01316,12.15827],[93.01217,12.15792],[93.01217,12.15874],[93.01316,12.15827]]],[[[93.10856,12.14495],[93.12288,12.13838],[93.11242,12.12925],[93.10856,12.14495]]],[[[92.73034,12.18796],[92.72431,12.18503],[92.72938,12.18933],[92.73034,12.18796]]],[[[93.01575,12.16441],[93.01495,12.16447],[93.01553,12.16485],[93.01575,12.16441]]],[[[93.02843,12.16659],[93.03216,12.10531],[93.03581,12.09687],[93.054,12.07658],[93.05056,12.07471],[93.0532,12.05378],[93.04344,12.04264],[93.00507,12.07676],[93.00719,12.10499],[92.99535,12.13167],[93.02843,12.16659]]],[[[92.86577,12.18276],[92.86507,12.18208],[92.86499,12.18295],[92.86577,12.18276]]],[[[92.70734,12.19714],[92.70629,12.19732],[92.70718,12.19756],[92.70734,12.19714]]],[[[92.848,12.19683],[92.84731,12.19609],[92.8476,12.19693],[92.848,12.19683]]],[[[92.6825,12.21664],[92.67887,12.21928],[92.68166,12.2239],[92.6825,12.21664]]],[[[92.69627,12.23893],[92.70892,12.21616],[92.70103,12.18695],[92.70924,12.14781],[92.71937,12.17972],[92.7567,12.17567],[92.72541,12.0959],[92.73816,12.05723],[92.72746,12.05953],[92.7253,12.05739],[92.72507,12.04965],[92.72063,12.05251],[92.71813,12.04939],[92.71381,12.05278],[92.71244,12.05152],[92.71336,12.04902],[92.71097,12.05073],[92.70983,12.04977],[92.70931,12.04639],[92.70714,12.04711],[92.70067,12.04072],[92.69869,12.04247],[92.69729,12.04067],[92.6966,12.0425],[92.69681,12.04021],[92.70074,12.04008],[92.71317,12.04793],[92.71505,12.05168],[92.70958,12.03392],[92.70945,12.03205],[92.71044,12.03104],[92.71609,12.04982],[92.7196,12.04851],[92.72111,12.05159],[92.72545,12.04885],[92.72734,12.05433],[92.72807,12.03549],[92.74001,12.02861],[92.73857,12.02426],[92.72602,12.02543],[92.72494,12.0246],[92.72514,12.02326],[92.77051,11.99861],[92.76394,11.98656],[92.74395,11.99973],[92.74357,11.9943],[92.7305,11.99971],[92.72206,11.99346],[92.71049,11.93308],[92.72507,11.89726],[92.71819,11.8921],[92.71335,11.89787],[92.71162,11.89818],[92.70987,11.89652],[92.70716,11.90087],[92.7039,11.90076],[92.71367,11.88906],[92.72421,11.89118],[92.72222,11.87893],[92.70981,11.87283],[92.70638,11.86444],[92.72333,11.87683],[92.72422,11.85655],[92.7017,11.81433],[92.70075,11.82961],[92.6952,11.81291],[92.65474,11.83385],[92.69192,11.81367],[92.67008,11.7982],[92.67238,11.78277],[92.6975,11.81251],[92.7058,11.79269],[92.69961,11.80963],[92.72965,11.85478],[92.74426,11.9321],[92.78299,11.93692],[92.78998,11.88545],[92.75445,11.70065],[92.71095,11.69325],[92.69645,11.71888],[92.68997,11.69774],[92.68903,11.70726],[92.6852,11.70921],[92.68529,11.71272],[92.68222,11.7141],[92.68627,11.69221],[92.70568,11.70006],[92.70772,11.67051],[92.66014,11.65223],[92.6912,11.62247],[92.68852,11.62422],[92.6872,11.62331],[92.68837,11.61814],[92.68489,11.62025],[92.68337,11.6203],[92.68174,11.61934],[92.67203,11.6092],[92.67295,11.60737],[92.68882,11.6174],[92.69219,11.62269],[92.68779,11.62743],[92.69065,11.62743],[92.69495,11.61643],[92.68929,11.61451],[92.6864,11.60299],[92.70163,11.61773],[92.69407,11.65287],[92.72821,11.65822],[92.71438,11.67844],[92.75599,11.66505],[92.71023,11.47738],[92.69691,11.50578],[92.6452,11.52253],[92.64625,11.5724],[92.61648,11.56344],[92.61939,11.57184],[92.61879,11.58259],[92.60184,11.60865],[92.63491,11.61547],[92.6447,11.63527],[92.5977,11.64909],[92.59129,11.73828],[92.55805,11.6923],[92.55865,11.77265],[92.54958,11.80223],[92.54072,11.78554],[92.52941,11.795],[92.54284,11.80135],[92.54956,11.80975],[92.53165,11.80593],[92.54674,11.82944],[92.54691,11.83618],[92.54502,11.84334],[92.52382,11.80737],[92.50567,11.82452],[92.52024,11.89862],[92.56407,11.95081],[92.58287,11.87701],[92.59897,11.89964],[92.5991,11.86609],[92.60478,11.85286],[92.61026,11.84731],[92.62035,11.93108],[92.59867,11.90449],[92.59263,11.91849],[92.60762,11.9298],[92.62816,12.043],[92.62205,12.10139],[92.66039,12.21494],[92.65531,12.18011],[92.67395,12.21779],[92.67517,12.18685],[92.68117,12.19178],[92.69627,12.23893]]],[[[92.87037,12.22834],[92.87152,12.22834],[92.87127,12.22764],[92.87037,12.22834]]],[[[92.73483,12.23959],[92.72954,12.21442],[92.74236,12.20476],[92.73891,12.23619],[92.74411,12.22787],[92.76186,12.22953],[92.76296,12.18177],[92.72851,12.19768],[92.72247,12.18833],[92.73483,12.23959]]],[[[93.08231,12.07883],[93.04839,12.11179],[93.06845,12.12148],[93.03527,12.13209],[93.06913,12.21223],[93.08793,12.19514],[93.07626,12.17973],[93.09191,12.18188],[93.08453,12.11934],[93.10159,12.12877],[93.08231,12.07883]]],[[[92.92346,12.21289],[92.9407,12.21596],[92.93232,12.19544],[92.92346,12.21289]]],[[[92.69836,12.24794],[92.69483,12.24646],[92.69657,12.25019],[92.69836,12.24794]]],[[[93.02074,12.22419],[93.0187,12.22438],[93.02006,12.22527],[93.02074,12.22419]]],[[[92.73183,12.25203],[92.73138,12.25223],[92.73143,12.25267],[92.73183,12.25203]]],[[[92.88225,12.24063],[92.88059,12.23976],[92.8817,12.24171],[92.88225,12.24063]]],[[[92.724,12.25611],[92.72112,12.25537],[92.72141,12.25635],[92.724,12.25611]]],[[[92.71708,12.2569],[92.71569,12.25833],[92.71677,12.25903],[92.71708,12.2569]]],[[[92.91217,12.24514],[92.91108,12.24408],[92.91146,12.24563],[92.91217,12.24514]]],[[[92.86085,12.24558],[92.86877,12.24844],[92.86505,12.23603],[92.86085,12.24558]]],[[[92.88092,12.2486],[92.87844,12.2485],[92.87922,12.24994],[92.88092,12.2486]]],[[[92.91158,12.24903],[92.91031,12.24793],[92.9104,12.24937],[92.91158,12.24903]]],[[[92.90787,12.24938],[92.90576,12.24931],[92.90684,12.25084],[92.90787,12.24938]]],[[[92.91182,12.25037],[92.91072,12.25029],[92.91144,12.25137],[92.91182,12.25037]]],[[[92.90616,12.25268],[92.90785,12.25117],[92.90625,12.25118],[92.90616,12.25268]]],[[[92.90522,12.25457],[92.9047,12.25445],[92.90493,12.25475],[92.90522,12.25457]]],[[[92.90774,12.2538],[92.90592,12.25419],[92.90859,12.25528],[92.90774,12.2538]]],[[[92.86417,12.25931],[92.86286,12.2592],[92.86305,12.26001],[92.86417,12.25931]]],[[[92.9188,12.25438],[92.91752,12.25475],[92.91835,12.2552],[92.9188,12.25438]]],[[[92.9007,12.25773],[92.89984,12.2578],[92.90082,12.25819],[92.9007,12.25773]]],[[[92.91905,12.25631],[92.91777,12.25659],[92.91914,12.2568],[92.91905,12.25631]]],[[[92.92047,12.25559],[92.91923,12.25548],[92.9203,12.25684],[92.92047,12.25559]]],[[[92.90768,12.25827],[92.90851,12.25658],[92.9069,12.25627],[92.90768,12.25827]]],[[[92.90297,12.26005],[92.9013,12.25796],[92.90219,12.26084],[92.90297,12.26005]]],[[[92.91446,12.26135],[92.91253,12.26186],[92.91308,12.26253],[92.91446,12.26135]]],[[[92.91734,12.26142],[92.91567,12.26145],[92.91638,12.26235],[92.91734,12.26142]]],[[[92.90209,12.26389],[92.90205,12.26364],[92.90194,12.26416],[92.90209,12.26389]]],[[[92.91567,12.26354],[92.91411,12.26321],[92.91449,12.26388],[92.91567,12.26354]]],[[[92.88465,12.23857],[92.89719,12.25621],[92.90515,12.25202],[92.90446,12.24761],[92.9137,12.23215],[92.91351,12.22109],[92.89104,12.23132],[92.87749,12.20931],[92.86969,12.24484],[92.87732,12.24896],[92.87912,12.23825],[92.88465,12.23857]]],[[[92.74862,12.28788],[92.74172,12.25547],[92.73458,12.24813],[92.73427,12.27013],[92.74862,12.28788]]],[[[92.73727,12.29099],[92.73435,12.28746],[92.7366,12.29277],[92.73727,12.29099]]],[[[92.75126,12.29172],[92.75092,12.29063],[92.75051,12.29099],[92.75126,12.29172]]],[[[92.88813,12.28072],[92.88972,12.27234],[92.88398,12.27422],[92.88813,12.28072]]],[[[92.75258,12.29311],[92.75219,12.29423],[92.75316,12.29411],[92.75258,12.29311]]],[[[92.76725,12.28537],[92.75221,12.27787],[92.76125,12.29391],[92.76725,12.28537]]],[[[92.71044,12.29706],[92.72308,12.29102],[92.71878,12.28319],[92.70993,12.22966],[92.71044,12.29706]]],[[[93.10434,12.26401],[93.10744,12.24514],[93.10012,12.20042],[93.06181,12.23345],[93.07253,12.26226],[93.08548,12.23839],[93.10434,12.26401]]],[[[92.77107,12.29357],[92.76595,12.28957],[92.76988,12.29509],[92.77107,12.29357]]],[[[92.76509,12.29763],[92.76273,12.29746],[92.76491,12.29947],[92.76509,12.29763]]],[[[92.87688,12.28433],[92.88791,12.28567],[92.88452,12.27976],[92.88136,12.28032],[92.87844,12.28407],[92.87688,12.28433]]],[[[93.02639,12.28007],[93.02532,12.27344],[93.02038,12.27471],[93.02639,12.28007]]],[[[92.88838,12.29658],[92.89091,12.29368],[92.88722,12.29346],[92.88838,12.29658]]],[[[92.87924,12.30044],[92.88473,12.29701],[92.87603,12.29479],[92.87924,12.30044]]],[[[92.86322,12.30433],[92.86545,12.30379],[92.86351,12.30297],[92.86322,12.30433]]],[[[92.795,12.30359],[92.83212,12.29202],[92.847,12.30366],[92.85038,12.28327],[92.85485,12.28792],[92.8541,12.2867],[92.85418,12.28451],[92.85601,12.28353],[92.85375,12.28122],[92.85472,12.28133],[92.85607,12.28316],[92.85614,12.28378],[92.85473,12.28839],[92.85224,12.2856],[92.849,12.30205],[92.87223,12.30171],[92.87152,12.29539],[92.86905,12.29531],[92.866,12.29317],[92.86344,12.28678],[92.89126,12.26644],[92.87525,12.25061],[92.86963,12.25097],[92.86812,12.25726],[92.86425,12.25831],[92.86566,12.26111],[92.86374,12.26142],[92.8646,12.26252],[92.86297,12.26357],[92.86187,12.26254],[92.86196,12.26357],[92.85787,12.2445],[92.88286,12.19768],[92.87456,12.1923],[92.85316,12.20433],[92.82756,12.203],[92.83324,12.20589],[92.83491,12.21146],[92.83318,12.21438],[92.83569,12.21307],[92.83842,12.21303],[92.83985,12.21215],[92.84053,12.21233],[92.84059,12.21939],[92.81739,12.23296],[92.81114,12.23408],[92.80698,12.23226],[92.80592,12.23107],[92.80506,12.232],[92.80262,12.23264],[92.80572,12.23076],[92.81703,12.23245],[92.84047,12.21909],[92.84027,12.21245],[92.83352,12.21479],[92.8328,12.21453],[92.82677,12.203],[92.85414,12.19103],[92.85484,12.16179],[92.84446,12.14745],[92.82239,12.17814],[92.82077,12.15976],[92.81723,12.16372],[92.80757,12.16007],[92.80677,12.17116],[92.80109,12.17059],[92.80713,12.15994],[92.82693,12.15614],[92.81642,12.12461],[92.80149,12.13199],[92.81811,12.11318],[92.78363,12.10603],[92.80079,12.09354],[92.76344,12.06322],[92.75205,12.0744],[92.75463,12.07604],[92.75817,12.08139],[92.76036,12.08907],[92.75906,12.09107],[92.76162,12.08975],[92.76376,12.09014],[92.75882,12.09157],[92.76068,12.0929],[92.76033,12.09535],[92.76222,12.09521],[92.76378,12.09662],[92.76336,12.09962],[92.76357,12.09679],[92.76,12.09543],[92.75777,12.09094],[92.75784,12.0815],[92.74721,12.07413],[92.73777,12.09754],[92.75825,12.14567],[92.75855,12.15939],[92.76346,12.16524],[92.77081,12.24157],[92.74114,12.24538],[92.74939,12.27409],[92.76324,12.26248],[92.78768,12.28024],[92.77078,12.31301],[92.795,12.30359]]],[[[92.85841,12.31184],[92.85783,12.31121],[92.85714,12.31239],[92.85841,12.31184]]],[[[92.93349,12.31101],[92.94302,12.2748],[92.92215,12.22928],[92.91987,12.26914],[92.90091,12.28824],[92.91339,12.3041],[92.92754,12.27809],[92.93349,12.31101]]],[[[93.0706,12.31965],[93.06191,12.31478],[93.06125,12.31528],[93.0706,12.31965]]],[[[92.85791,12.33483],[92.87094,12.32869],[92.88523,12.33195],[92.90008,12.3235],[92.85823,12.31406],[92.86184,12.32113],[92.86028,12.32011],[92.86111,12.32373],[92.85719,12.32831],[92.85845,12.3298],[92.85504,12.33205],[92.85645,12.33328],[92.8572,12.34009],[92.85853,12.33869],[92.85728,12.3372],[92.85791,12.33483]]],[[[92.90596,12.34008],[92.90426,12.33808],[92.90392,12.34111],[92.90596,12.34008]]],[[[92.91393,12.35637],[92.91273,12.33063],[92.90674,12.34167],[92.91393,12.35637]]],[[[92.84291,12.39567],[92.84233,12.39531],[92.84222,12.39585],[92.84291,12.39567]]],[[[93.85312,12.30022],[93.867,12.27538],[93.84536,12.26917],[93.83405,12.27816],[93.85312,12.30022]]],[[[92.89436,12.39568],[92.89726,12.39331],[92.89659,12.39201],[92.89436,12.39568]]],[[[92.8421,12.40381],[92.8415,12.40372],[92.84184,12.40437],[92.8421,12.40381]]],[[[92.86413,12.40854],[92.86477,12.40772],[92.86393,12.40794],[92.86413,12.40854]]],[[[92.88097,12.39838],[92.88226,12.3737],[92.84391,12.3953],[92.85101,12.40855],[92.88097,12.39838]]],[[[92.8774,12.40882],[92.87384,12.40917],[92.88059,12.41069],[92.8774,12.40882]]],[[[92.88823,12.41281],[92.88865,12.41289],[92.88843,12.41268],[92.88823,12.41281]]],[[[92.89851,12.41193],[92.89707,12.40833],[92.89752,12.41219],[92.89851,12.41193]]],[[[92.888,12.41414],[92.88944,12.41405],[92.88828,12.41323],[92.888,12.41414]]],[[[92.90137,12.4125],[92.90241,12.41252],[92.90153,12.41189],[92.90137,12.4125]]],[[[92.88787,12.41471],[92.88818,12.41446],[92.88797,12.41442],[92.88787,12.41471]]],[[[92.86838,12.41415],[92.85787,12.41709],[92.86762,12.42036],[92.86838,12.41415]]],[[[92.83246,12.42692],[92.84199,12.41601],[92.85843,12.41331],[92.83828,12.41131],[92.83246,12.42692]]],[[[92.90083,12.42612],[92.8983,12.42165],[92.8986,12.42563],[92.90083,12.42612]]],[[[92.95618,12.43462],[92.96073,12.42121],[92.93019,12.35677],[92.92485,12.40408],[92.95618,12.43462]]],[[[92.91592,12.44183],[92.91485,12.44157],[92.9153,12.44214],[92.91592,12.44183]]],[[[92.6618,12.53288],[92.68807,12.55006],[92.67814,12.50556],[92.6618,12.53288]]],[[[92.69919,12.63714],[92.7023,12.63766],[92.7022,12.63618],[92.69919,12.63714]]],[[[92.70153,12.64119],[92.70173,12.63799],[92.69888,12.63895],[92.70153,12.64119]]],[[[92.70089,12.64106],[92.70016,12.64069],[92.70099,12.64146],[92.70089,12.64106]]],[[[92.70094,12.64175],[92.70275,12.64311],[92.70284,12.64116],[92.70094,12.64175]]],[[[92.72686,12.65537],[92.72921,12.65341],[92.73014,12.65312],[92.7289,12.65308],[92.727,12.65425],[92.72719,12.65454],[92.72687,12.65515],[92.72632,12.65518],[92.72686,12.65537]]],[[[92.72494,12.65275],[92.72595,12.65514],[92.72699,12.65459],[92.72494,12.65275]]],[[[92.7818,12.64761],[92.77942,12.64856],[92.78099,12.65584],[92.7818,12.64761]]],[[[92.72489,12.68356],[92.72437,12.68335],[92.7248,12.68372],[92.72489,12.68356]]],[[[92.71469,12.68958],[92.71342,12.68909],[92.71365,12.69009],[92.71469,12.68958]]],[[[92.72421,12.69213],[92.72297,12.69192],[92.72338,12.69248],[92.72421,12.69213]]],[[[92.72273,12.69259],[92.72219,12.6921],[92.72239,12.69274],[92.72273,12.69259]]],[[[92.77633,12.67612],[92.7726,12.67397],[92.78199,12.68824],[92.77633,12.67612]]],[[[92.73194,12.70377],[92.72979,12.70155],[92.73027,12.70579],[92.73194,12.70377]]],[[[92.777,12.71791],[92.782,12.71536],[92.78389,12.71339],[92.78099,12.71155],[92.777,12.71791]]],[[[92.78197,12.71869],[92.78076,12.71874],[92.78191,12.71903],[92.78197,12.71869]]],[[[92.73758,12.73412],[92.73847,12.73288],[92.73845,12.73263],[92.73741,12.73309],[92.73758,12.73412]]],[[[92.72197,12.73763],[92.72895,12.73061],[92.72733,12.7266],[92.72197,12.73763]]],[[[92.72602,12.75361],[92.72474,12.75286],[92.72525,12.75388],[92.72602,12.75361]]],[[[92.96895,12.74125],[92.96819,12.7407],[92.96842,12.74156],[92.96895,12.74125]]],[[[92.96712,12.74313],[92.96845,12.74213],[92.96818,12.74178],[92.96712,12.74313]]],[[[92.65629,12.77403],[92.65365,12.77253],[92.65571,12.77487],[92.65629,12.77403]]],[[[92.71758,12.77452],[92.71594,12.774],[92.71632,12.7748],[92.71758,12.77452]]],[[[92.71686,12.77679],[92.71526,12.77546],[92.71477,12.77703],[92.71686,12.77679]]],[[[92.9604,12.75535],[92.9606,12.75589],[92.96077,12.75529],[92.9604,12.75535]]],[[[92.95411,12.75744],[92.956,12.75736],[92.95598,12.75665],[92.95411,12.75744]]],[[[92.95851,12.75688],[92.95885,12.75723],[92.95993,12.75642],[92.95851,12.75688]]],[[[92.71585,12.78336],[92.71494,12.78366],[92.71572,12.78404],[92.71585,12.78336]]],[[[92.71657,12.78819],[92.72347,12.76742],[92.724,12.76207],[92.71657,12.78819]]],[[[92.93931,12.7694],[92.94104,12.76927],[92.93929,12.76904],[92.93931,12.7694]]],[[[92.71751,12.79018],[92.71663,12.79007],[92.71661,12.7907],[92.71751,12.79018]]],[[[92.94474,12.77114],[92.9467,12.77052],[92.94299,12.76967],[92.94474,12.77114]]],[[[92.71642,12.79505],[92.7186,12.79398],[92.71886,12.79109],[92.71642,12.79505]]],[[[92.72184,12.79559],[92.72034,12.7959],[92.72251,12.79657],[92.72184,12.79559]]],[[[92.71542,12.79614],[92.71426,12.7965],[92.71506,12.79755],[92.71542,12.79614]]],[[[92.7164,12.79894],[92.71481,12.79919],[92.71533,12.80119],[92.7164,12.79894]]],[[[92.71658,12.80424],[92.71507,12.80307],[92.71596,12.8048],[92.71658,12.80424]]],[[[92.70751,12.83005],[92.71125,12.77719],[92.7248,12.74835],[92.71656,12.71917],[92.6937,12.79764],[92.70751,12.83005]]],[[[92.72603,12.83407],[92.72407,12.83559],[92.72651,12.83884],[92.72603,12.83407]]],[[[92.72873,12.85646],[92.72947,12.85482],[92.72857,12.85504],[92.72873,12.85646]]],[[[92.76318,12.85137],[92.76563,12.84942],[92.76506,12.84756],[92.76539,12.83607],[92.76318,12.85137]]],[[[92.72627,12.86541],[92.71997,12.84032],[92.71131,12.83208],[92.71354,12.85557],[92.72627,12.86541]]],[[[92.76803,12.86208],[92.78079,12.84007],[92.78507,12.83257],[92.78364,12.82465],[92.76803,12.86208]]],[[[92.76025,12.86834],[92.7658,12.8566],[92.7628,12.85547],[92.76025,12.86834]]],[[[92.75592,12.87882],[92.75968,12.87787],[92.75595,12.8762],[92.75592,12.87882]]],[[[92.83103,12.88573],[92.83057,12.88548],[92.83047,12.88572],[92.83103,12.88573]]],[[[92.83197,12.88581],[92.83141,12.88521],[92.83127,12.88555],[92.83197,12.88581]]],[[[92.83497,12.88696],[92.83393,12.88692],[92.83543,12.88767],[92.83497,12.88696]]],[[[92.78145,12.89207],[92.78948,12.88521],[92.78396,12.88249],[92.78145,12.89207]]],[[[92.8927,12.89925],[92.89078,12.8985],[92.89121,12.89977],[92.8927,12.89925]]],[[[92.74805,12.8946],[92.75699,12.90639],[92.75267,12.88959],[92.74805,12.8946]]],[[[92.87921,12.90575],[92.88044,12.90358],[92.87873,12.90222],[92.87921,12.90575]]],[[[92.76743,12.91777],[92.76819,12.91616],[92.76705,12.91714],[92.76743,12.91777]]],[[[92.79032,12.91712],[92.79199,12.89223],[92.77351,12.90628],[92.79032,12.91712]]],[[[92.87946,12.91205],[92.87739,12.91035],[92.87866,12.91292],[92.87946,12.91205]]],[[[92.86396,12.91443],[92.8624,12.91397],[92.86262,12.91475],[92.86396,12.91443]]],[[[92.67351,12.93312],[92.67292,12.93309],[92.67344,12.93339],[92.67351,12.93312]]],[[[92.67255,12.93323],[92.67206,12.93322],[92.67249,12.93367],[92.67255,12.93323]]],[[[92.76124,12.92212],[92.76636,12.92089],[92.76385,12.91774],[92.76124,12.92212]]],[[[92.76872,12.9286],[92.77515,12.9269],[92.77183,12.91759],[92.76872,12.9286]]],[[[92.92906,12.91695],[92.93779,12.91737],[92.93347,12.91147],[92.92906,12.91695]]],[[[92.75921,12.93156],[92.76574,12.92821],[92.76248,12.92548],[92.75921,12.93156]]],[[[92.89749,12.92681],[92.92232,12.91539],[92.90589,12.88702],[92.94116,12.85599],[92.94026,12.83758],[92.9356,12.8398],[92.93041,12.8384],[92.92743,12.8327],[92.92901,12.83163],[92.9267,12.8318],[92.92413,12.82996],[92.92256,12.82608],[92.92264,12.82195],[92.92544,12.81724],[92.92748,12.81576],[92.92976,12.81654],[92.92622,12.81305],[92.92442,12.80108],[92.93058,12.81632],[92.92429,12.82954],[92.94911,12.83819],[92.95112,12.79521],[92.92642,12.77439],[92.93894,12.76753],[92.94988,12.77007],[92.96444,12.72581],[92.98005,12.7094],[92.96386,12.7044],[92.9567,12.62421],[92.94554,12.63135],[92.92973,12.61692],[92.9588,12.61961],[92.96883,12.49666],[92.92721,12.49038],[92.92178,12.46571],[92.92027,12.47289],[92.91617,12.47376],[92.91971,12.47616],[92.91841,12.47817],[92.92088,12.47988],[92.92031,12.48328],[92.91124,12.48926],[92.91315,12.49281],[92.91217,12.49436],[92.91397,12.49676],[92.91457,12.50003],[92.91429,12.50003],[92.91182,12.49438],[92.91292,12.49255],[92.91086,12.48933],[92.92053,12.47998],[92.91825,12.4786],[92.91913,12.47611],[92.91516,12.47811],[92.91311,12.47698],[92.91264,12.4784],[92.91203,12.4787],[92.90922,12.47745],[92.90848,12.4767],[92.90828,12.47537],[92.90823,12.47627],[92.90736,12.47693],[92.9069,12.47679],[92.90727,12.4775],[92.90693,12.47763],[92.90665,12.47741],[92.90715,12.47747],[92.90672,12.47675],[92.90828,12.47516],[92.91237,12.47833],[92.91261,12.47702],[92.91388,12.47581],[92.9057,12.47065],[92.90779,12.46722],[92.90717,12.46924],[92.91181,12.47104],[92.91487,12.47765],[92.91547,12.473],[92.91945,12.47275],[92.92156,12.46484],[92.94991,12.4762],[92.95784,12.47271],[92.91239,12.45057],[92.91078,12.40539],[92.89704,12.43849],[92.88445,12.44176],[92.88992,12.44787],[92.89566,12.44786],[92.89896,12.45109],[92.88884,12.46375],[92.88361,12.44246],[92.87701,12.44509],[92.88622,12.45648],[92.88379,12.45853],[92.87869,12.45806],[92.88314,12.46653],[92.87892,12.46691],[92.87895,12.46754],[92.88135,12.46815],[92.88185,12.46873],[92.88158,12.46978],[92.88041,12.47133],[92.86878,12.44616],[92.84319,12.47077],[92.84326,12.48034],[92.83549,12.50064],[92.83817,12.49738],[92.84218,12.49711],[92.85114,12.50213],[92.85515,12.50976],[92.82253,12.50002],[92.83687,12.49125],[92.83559,12.48659],[92.83414,12.48876],[92.83287,12.48926],[92.82462,12.48289],[92.82261,12.48531],[92.8158,12.48681],[92.82447,12.48217],[92.83398,12.48847],[92.83487,12.4858],[92.84239,12.47931],[92.84051,12.47139],[92.84084,12.47639],[92.83342,12.48152],[92.83177,12.48105],[92.83157,12.48013],[92.83357,12.47539],[92.82945,12.47471],[92.82873,12.47168],[92.82556,12.47329],[92.82517,12.47294],[92.8256,12.47199],[92.82908,12.47162],[92.83063,12.47454],[92.82994,12.47207],[92.83031,12.47056],[92.83155,12.4693],[92.83326,12.46948],[92.8348,12.48016],[92.83939,12.46446],[92.88453,12.43611],[92.89926,12.4168],[92.8215,12.43408],[92.82015,12.43706],[92.81076,12.44286],[92.8168,12.44466],[92.81211,12.44832],[92.81612,12.4468],[92.81821,12.44905],[92.81824,12.4513],[92.81766,12.45199],[92.81709,12.4519],[92.816,12.45072],[92.81603,12.45433],[92.81525,12.45472],[92.81149,12.44877],[92.81633,12.44481],[92.81022,12.44268],[92.81949,12.43496],[92.80416,12.44108],[92.79585,12.43788],[92.79954,12.46466],[92.78576,12.47471],[92.78954,12.47711],[92.79073,12.48078],[92.79064,12.48265],[92.79,12.48358],[92.78661,12.4839],[92.78542,12.47468],[92.79097,12.4691],[92.77187,12.47104],[92.7982,12.46407],[92.78724,12.43709],[92.82963,12.42826],[92.81497,12.4249],[92.83394,12.41048],[92.81575,12.41699],[92.80416,12.41174],[92.80331,12.40456],[92.80245,12.40475],[92.80177,12.40594],[92.80134,12.40591],[92.79966,12.40432],[92.79913,12.4008],[92.8384,12.40863],[92.82308,12.37422],[92.84233,12.3918],[92.86106,12.36944],[92.85082,12.36762],[92.84626,12.36545],[92.84666,12.36388],[92.84539,12.36311],[92.84463,12.36368],[92.84577,12.36371],[92.84592,12.36453],[92.84358,12.36486],[92.84461,12.36317],[92.88333,12.35703],[92.89897,12.33376],[92.87953,12.34485],[92.87144,12.32997],[92.85706,12.34521],[92.84789,12.34348],[92.85421,12.32684],[92.84547,12.32926],[92.84255,12.3268],[92.84188,12.32791],[92.84292,12.3279],[92.8431,12.33004],[92.84186,12.32972],[92.84109,12.33158],[92.83931,12.33131],[92.8394,12.33277],[92.83716,12.33264],[92.83571,12.33434],[92.83195,12.3357],[92.83186,12.33554],[92.84282,12.32646],[92.84553,12.32886],[92.84744,12.3258],[92.84837,12.32808],[92.85136,12.32596],[92.85469,12.32661],[92.85676,12.32821],[92.86012,12.31916],[92.83145,12.30268],[92.77867,12.31307],[92.76949,12.32068],[92.77198,12.32735],[92.7716,12.32776],[92.77051,12.32788],[92.77078,12.3293],[92.76952,12.33031],[92.77105,12.3306],[92.77211,12.33214],[92.77206,12.33291],[92.77043,12.33376],[92.75281,12.29609],[92.73413,12.30243],[92.7436,12.32653],[92.74774,12.34442],[92.74745,12.34981],[92.74372,12.35344],[92.74645,12.35239],[92.74987,12.3559],[92.74966,12.35885],[92.74854,12.36016],[92.74293,12.35931],[92.74669,12.36117],[92.74918,12.36562],[92.74261,12.35946],[92.73876,12.31497],[92.71948,12.30034],[92.69513,12.40041],[92.70737,12.59401],[92.68398,12.60905],[92.70259,12.60479],[92.71824,12.64433],[92.71993,12.61841],[92.72244,12.61536],[92.72748,12.63616],[92.7333,12.62407],[92.73492,12.62725],[92.73566,12.62537],[92.74003,12.62237],[92.74032,12.62039],[92.74086,12.6197],[92.74274,12.6192],[92.74411,12.6192],[92.74766,12.62046],[92.73283,12.65711],[92.77315,12.67039],[92.76187,12.62442],[92.77849,12.63789],[92.77882,12.62964],[92.78438,12.62397],[92.77645,12.59047],[92.77893,12.57998],[92.78599,12.62452],[92.77908,12.67102],[92.7871,12.70278],[92.78097,12.72537],[92.78369,12.72461],[92.78698,12.72641],[92.7897,12.72547],[92.78125,12.74038],[92.7616,12.72281],[92.78181,12.73369],[92.77578,12.71838],[92.78302,12.69241],[92.76939,12.6731],[92.73196,12.6726],[92.74584,12.72282],[92.72207,12.82523],[92.73053,12.83625],[92.73531,12.80725],[92.73774,12.80439],[92.73912,12.83702],[92.74032,12.83648],[92.74183,12.82186],[92.74258,12.82066],[92.7561,12.84679],[92.75344,12.81894],[92.76554,12.81884],[92.7727,12.84256],[92.78383,12.76215],[92.78042,12.80505],[92.79467,12.79367],[92.80063,12.81283],[92.78921,12.82886],[92.78207,12.80918],[92.78567,12.83292],[92.7818,12.85998],[92.79301,12.84451],[92.8044,12.86107],[92.79079,12.88994],[92.80884,12.89749],[92.82975,12.88462],[92.83413,12.88568],[92.84069,12.89161],[92.8396,12.87668],[92.8477,12.87607],[92.8444,12.87513],[92.8424,12.87195],[92.8432,12.87051],[92.84145,12.86805],[92.83989,12.86812],[92.84069,12.86982],[92.83933,12.87225],[92.83886,12.87152],[92.83635,12.86586],[92.83974,12.86139],[92.83838,12.86418],[92.84256,12.8685],[92.84371,12.87091],[92.84278,12.87193],[92.84451,12.87483],[92.85388,12.87711],[92.85268,12.87354],[92.84971,12.87399],[92.84671,12.86933],[92.84814,12.86707],[92.85108,12.86632],[92.84506,12.86222],[92.84956,12.8451],[92.84864,12.84496],[92.84878,12.84697],[92.8475,12.84773],[92.84554,12.84596],[92.84138,12.84638],[92.83819,12.84445],[92.83625,12.84711],[92.82594,12.83099],[92.82344,12.8231],[92.82886,12.81889],[92.8291,12.81723],[92.82806,12.81704],[92.82703,12.81627],[92.8267,12.81403],[92.82764,12.81033],[92.82841,12.81006],[92.85007,12.845],[92.84547,12.86199],[92.85189,12.86634],[92.84976,12.87314],[92.86243,12.86359],[92.90011,12.90284],[92.89749,12.92681]]],[[[92.67757,12.94718],[92.6768,12.94653],[92.6766,12.94748],[92.67757,12.94718]]],[[[92.67006,12.9478],[92.67217,12.9496],[92.67198,12.94839],[92.67006,12.9478]]],[[[92.67461,12.94976],[92.67486,12.94836],[92.67217,12.94885],[92.67461,12.94976]]],[[[92.66629,12.95022],[92.66836,12.95105],[92.66842,12.94946],[92.66629,12.95022]]],[[[92.667,12.95182],[92.66817,12.95182],[92.66816,12.95149],[92.667,12.95182]]],[[[92.66942,12.95187],[92.67092,12.95011],[92.66893,12.95047],[92.66942,12.95187]]],[[[92.88914,12.93261],[92.89181,12.93243],[92.88919,12.93172],[92.88914,12.93261]]],[[[92.66998,12.9528],[92.66885,12.95266],[92.66948,12.95321],[92.66998,12.9528]]],[[[92.85848,12.93199],[92.88553,12.92355],[92.86268,12.91805],[92.85848,12.93199]]],[[[92.66866,12.95603],[92.66829,12.95256],[92.66673,12.95315],[92.66866,12.95603]]],[[[92.88754,12.93305],[92.89327,12.93752],[92.89328,12.93646],[92.88754,12.93305]]],[[[92.89933,12.94051],[92.89909,12.94036],[92.8984,12.94154],[92.89933,12.94051]]],[[[92.90281,12.93737],[92.89887,12.94169],[92.90231,12.94051],[92.90281,12.93737]]],[[[92.89907,12.9423],[92.90146,12.94183],[92.90193,12.94078],[92.89907,12.9423]]],[[[92.89822,12.94236],[92.89906,12.94213],[92.89838,12.94161],[92.89822,12.94236]]],[[[92.87886,12.96196],[92.87784,12.96153],[92.87771,12.9627],[92.87886,12.96196]]],[[[92.88326,12.96545],[92.88302,12.96522],[92.88306,12.9655],[92.88326,12.96545]]],[[[92.88226,12.96645],[92.88197,12.96549],[92.8816,12.96648],[92.88226,12.96645]]],[[[92.69482,12.99135],[92.71925,12.98097],[92.72066,12.8896],[92.71821,12.88132],[92.70732,12.88393],[92.70589,12.88305],[92.70384,12.88004],[92.70402,12.87724],[92.70306,12.87819],[92.70203,12.87787],[92.7016,12.87732],[92.71871,12.87484],[92.6996,12.84023],[92.67108,12.83762],[92.68805,12.81697],[92.66728,12.78259],[92.64686,12.86201],[92.679,12.94219],[92.67949,12.94854],[92.66806,12.9572],[92.66971,12.96611],[92.69482,12.99135]]],[[[92.8871,12.97964],[92.88584,12.9799],[92.88668,12.9804],[92.8871,12.97964]]],[[[92.8881,12.98092],[92.88882,12.98122],[92.88861,12.98072],[92.8881,12.98092]]],[[[92.89305,12.98399],[92.89341,12.98312],[92.89279,12.98313],[92.89305,12.98399]]],[[[92.97814,12.98697],[92.97672,12.98687],[92.97792,12.98772],[92.97814,12.98697]]],[[[92.83308,13.00205],[92.83086,13.00138],[92.83251,13.00279],[92.83308,13.00205]]],[[[92.97394,12.99374],[92.97379,12.9937],[92.97385,12.99383],[92.97394,12.99374]]],[[[92.97335,12.99449],[92.97285,12.99416],[92.97288,12.99442],[92.97335,12.99449]]],[[[92.78748,13.01174],[92.78673,13.01084],[92.78624,13.01153],[92.78748,13.01174]]],[[[92.78446,13.0135],[92.78474,13.01322],[92.78447,13.01314],[92.78446,13.0135]]],[[[92.9704,12.99956],[92.97031,12.99913],[92.97022,12.99952],[92.9704,12.99956]]],[[[93.00736,12.99919],[92.98207,12.93203],[92.9532,12.93428],[92.97259,12.94639],[92.95371,12.95792],[92.95783,12.98949],[92.972,12.97025],[93.00736,12.99919]]],[[[92.98601,13.00105],[92.98821,12.99838],[92.98567,12.99789],[92.98601,13.00105]]],[[[92.94838,13.02468],[92.94796,13.01949],[92.94419,13.02556],[92.94838,13.02468]]],[[[92.93134,13.02844],[92.93025,13.02772],[92.93048,13.02928],[92.93134,13.02844]]],[[[92.91347,13.01098],[92.94234,13.01925],[92.9416,12.99417],[92.91347,13.01098]]],[[[92.78565,13.05545],[92.78528,13.05526],[92.7855,13.05568],[92.78565,13.05545]]],[[[92.78796,13.06091],[92.78782,13.06025],[92.78748,13.06051],[92.78796,13.06091]]],[[[92.93311,13.0515],[92.93023,13.05116],[92.9312,13.05447],[92.93311,13.0515]]],[[[92.79506,13.07602],[92.79451,13.07588],[92.7949,13.07697],[92.79535,13.07638],[92.79506,13.07602]]],[[[92.91577,13.06321],[92.91879,13.05422],[92.91307,13.0673],[92.91577,13.06321]]],[[[92.91435,13.0684],[92.91294,13.06839],[92.91318,13.069],[92.91435,13.0684]]],[[[92.91079,13.07608],[92.90986,13.075],[92.90949,13.07629],[92.91079,13.07608]]],[[[92.73102,13.09383],[92.72813,13.09389],[92.73136,13.09578],[92.73102,13.09383]]],[[[92.71939,13.09869],[92.70601,13.07086],[92.69959,13.07025],[92.69512,13.09722],[92.71939,13.09869]]],[[[92.79288,13.09339],[92.79333,13.0925],[92.79267,13.09266],[92.79288,13.09339]]],[[[92.79279,13.09412],[92.7933,13.09388],[92.79293,13.09364],[92.79279,13.09412]]],[[[92.84076,13.14335],[92.84005,13.14361],[92.84058,13.14395],[92.84076,13.14335]]],[[[92.80871,13.14928],[92.80768,13.14808],[92.80857,13.1499],[92.80871,13.14928]]],[[[92.80722,13.15291],[92.80646,13.15243],[92.80639,13.15284],[92.80722,13.15291]]],[[[92.80336,13.153],[92.80475,13.15251],[92.8042,13.1522],[92.80336,13.153]]],[[[92.8098,13.16326],[92.80928,13.16313],[92.80955,13.164],[92.8098,13.16326]]],[[[92.80954,13.1674],[92.81043,13.16645],[92.80922,13.16701],[92.80954,13.1674]]],[[[92.8099,13.16853],[92.81038,13.16898],[92.81061,13.16873],[92.8099,13.16853]]],[[[92.7961,13.17073],[92.79246,13.16935],[92.79314,13.1714],[92.7961,13.17073]]],[[[92.79154,13.17128],[92.79258,13.17124],[92.79187,13.17091],[92.79154,13.17128]]],[[[92.75535,13.2017],[92.75454,13.20202],[92.75527,13.20271],[92.75535,13.2017]]],[[[92.82273,13.2082],[92.82601,13.20872],[92.82249,13.20694],[92.82273,13.2082]]],[[[92.82662,13.21124],[92.8262,13.20921],[92.82553,13.21129],[92.82662,13.21124]]],[[[92.82868,13.21088],[92.82783,13.21033],[92.82771,13.21165],[92.82868,13.21088]]],[[[93.05832,13.22701],[93.06104,13.21985],[93.05624,13.22691],[93.05832,13.22701]]],[[[93.0619,13.22703],[93.06137,13.22673],[93.06153,13.2274],[93.0619,13.22703]]],[[[93.06096,13.22769],[93.0591,13.22705],[93.05971,13.22833],[93.06096,13.22769]]],[[[92.83938,13.24887],[92.83869,13.2489],[92.83918,13.24916],[92.83938,13.24887]]],[[[92.84041,13.24972],[92.83951,13.2491],[92.83986,13.25],[92.84041,13.24972]]],[[[93.04786,13.26328],[93.04953,13.2629],[93.04874,13.26214],[93.04786,13.26328]]],[[[92.80033,13.28603],[92.79976,13.28578],[92.80009,13.2869],[92.80033,13.28603]]],[[[92.79363,13.28808],[92.793,13.28712],[92.79294,13.28801],[92.79363,13.28808]]],[[[92.81307,13.28714],[92.8192,13.28571],[92.81676,13.28162],[92.81307,13.28714]]],[[[93.06802,13.26682],[93.06757,13.26694],[93.06794,13.26717],[93.06802,13.26682]]],[[[93.06839,13.26759],[93.06804,13.26721],[93.06806,13.26747],[93.06839,13.26759]]],[[[93.06818,13.26815],[93.06783,13.26777],[93.06785,13.26803],[93.06818,13.26815]]],[[[93.06969,13.2669],[93.06949,13.26794],[93.0699,13.26807],[93.06969,13.2669]]],[[[93.0685,13.26889],[93.06818,13.26878],[93.06833,13.26903],[93.0685,13.26889]]],[[[93.071,13.27283],[93.07072,13.27273],[93.07087,13.27294],[93.071,13.27283]]],[[[93.07054,13.273],[93.07027,13.27295],[93.07041,13.27316],[93.07054,13.273]]],[[[93.07011,13.2733],[93.06982,13.27307],[93.06991,13.27336],[93.07011,13.2733]]],[[[93.07114,13.27355],[93.07091,13.27325],[93.07108,13.27362],[93.07114,13.27355]]],[[[93.07069,13.27373],[93.07051,13.27349],[93.07056,13.2738],[93.07069,13.27373]]],[[[93.07171,13.27406],[93.07135,13.27368],[93.07137,13.27393],[93.07171,13.27406]]],[[[93.07041,13.27384],[93.07008,13.27402],[93.07031,13.27424],[93.07041,13.27384]]],[[[93.07118,13.2742],[93.07086,13.27409],[93.07101,13.27434],[93.07118,13.2742]]],[[[93.07083,13.27473],[93.07037,13.27485],[93.07074,13.27508],[93.07083,13.27473]]],[[[92.81722,13.29871],[92.81612,13.2985],[92.81667,13.29912],[92.81722,13.29871]]],[[[93.03258,13.28068],[93.03207,13.27953],[93.03125,13.28045],[93.03258,13.28068]]],[[[93.01341,13.2848],[93.01651,13.28502],[93.01535,13.28306],[93.01341,13.2848]]],[[[93.02139,13.29451],[93.02097,13.29454],[93.02133,13.29474],[93.02139,13.29451]]],[[[93.02191,13.29522],[93.02145,13.29522],[93.0219,13.29531],[93.02191,13.29522]]],[[[92.9851,13.30001],[92.98309,13.29849],[92.98314,13.29937],[92.9851,13.30001]]],[[[93.04918,13.29611],[93.04852,13.29322],[93.04469,13.29417],[93.04918,13.29611]]],[[[93.08016,13.29513],[93.0798,13.29486],[93.07974,13.29498],[93.08016,13.29513]]],[[[93.07586,13.29546],[93.07558,13.29576],[93.07577,13.29581],[93.07586,13.29546]]],[[[93.07607,13.29557],[93.07645,13.29583],[93.0762,13.29556],[93.07607,13.29557]]],[[[93.0776,13.29574],[93.0773,13.29588],[93.07752,13.29602],[93.0776,13.29574]]],[[[93.07819,13.29567],[93.07783,13.29589],[93.07807,13.29604],[93.07819,13.29567]]],[[[93.07696,13.29588],[93.07668,13.29582],[93.07684,13.29616],[93.07696,13.29588]]],[[[93.07587,13.29627],[93.07601,13.29593],[93.07567,13.29593],[93.07587,13.29627]]],[[[93.07863,13.29617],[93.07838,13.29612],[93.07849,13.29634],[93.07863,13.29617]]],[[[93.07611,13.29658],[93.07605,13.29624],[93.07593,13.29654],[93.07611,13.29658]]],[[[93.0777,13.29621],[93.07743,13.29642],[93.07764,13.29649],[93.0777,13.29621]]],[[[93.07877,13.29678],[93.0785,13.29658],[93.07862,13.29687],[93.07877,13.29678]]],[[[93.08213,13.29739],[93.08178,13.29707],[93.08193,13.29752],[93.08213,13.29739]]],[[[93.08003,13.29778],[93.0797,13.29753],[93.07993,13.29793],[93.08003,13.29778]]],[[[93.08056,13.29839],[93.08079,13.29809],[93.08054,13.29815],[93.08056,13.29839]]],[[[93.08144,13.29868],[93.08112,13.29873],[93.08146,13.29892],[93.08144,13.29868]]],[[[93.08212,13.2999],[93.08191,13.29964],[93.08201,13.30001],[93.08212,13.2999]]],[[[93.08259,13.30009],[93.08231,13.2999],[93.08233,13.30024],[93.08259,13.30009]]],[[[93.083,13.3003],[93.08283,13.30015],[93.08283,13.30033],[93.083,13.3003]]],[[[93.02181,13.31523],[93.02156,13.31503],[93.0216,13.31533],[93.02181,13.31523]]],[[[93.02237,13.31586],[93.02208,13.31574],[93.02218,13.31599],[93.02237,13.31586]]],[[[93.0222,13.31644],[93.02188,13.31636],[93.02206,13.3166],[93.0222,13.31644]]],[[[93.02152,13.31841],[93.02127,13.31815],[93.02133,13.31846],[93.02152,13.31841]]],[[[93.00783,13.32089],[93.01283,13.30287],[93.00215,13.3043],[93.00047,13.30304],[93.00022,13.3002],[92.99795,13.30051],[92.99696,13.30018],[92.99487,13.29759],[93.00783,13.32089]]],[[[92.99721,13.32215],[93.00022,13.31624],[92.99434,13.31895],[92.99721,13.32215]]],[[[93.01385,13.30872],[93.0198,13.31646],[93.02314,13.30758],[93.0212,13.3016],[93.01385,13.30872]]],[[[92.96392,13.33542],[92.96751,13.33298],[92.96609,13.3328],[92.96392,13.33542]]],[[[93.00702,13.33682],[93.00829,13.33575],[93.00661,13.33508],[93.00702,13.33682]]],[[[93.01499,13.33821],[93.01294,13.33859],[93.01508,13.3393],[93.01499,13.33821]]],[[[93.01578,13.34325],[93.02014,13.33811],[93.01743,13.33667],[93.01578,13.34325]]],[[[93.03857,13.34337],[93.03531,13.34279],[93.03809,13.34448],[93.03857,13.34337]]],[[[92.82982,13.36894],[92.82891,13.36862],[92.82924,13.36937],[92.82982,13.36894]]],[[[93.03614,13.36133],[93.03528,13.36092],[93.03497,13.36148],[93.03614,13.36133]]],[[[93.04033,13.36652],[93.03613,13.36414],[93.0402,13.36815],[93.04033,13.36652]]],[[[93.08093,13.36642],[93.08067,13.36616],[93.08064,13.36631],[93.08093,13.36642]]],[[[93.07211,13.36557],[93.07734,13.36383],[93.07659,13.36257],[93.07211,13.36557]]],[[[93.0814,13.36649],[93.08108,13.36647],[93.08134,13.36664],[93.0814,13.36649]]],[[[93.08083,13.36689],[93.08064,13.36666],[93.08064,13.36686],[93.08083,13.36689]]],[[[93.08232,13.36747],[93.082,13.3673],[93.08201,13.36743],[93.08232,13.36747]]],[[[93.08287,13.36859],[93.07922,13.36827],[93.0817,13.37027],[93.08287,13.36859]]],[[[93.03602,13.37463],[93.03482,13.37401],[93.03468,13.3746],[93.03602,13.37463]]],[[[93.0473,13.37357],[93.04078,13.36533],[93.04036,13.36907],[93.03634,13.37062],[93.0473,13.37357]]],[[[93.0457,13.37585],[93.04516,13.37552],[93.04513,13.37603],[93.0457,13.37585]]],[[[93.04485,13.37618],[93.04408,13.37611],[93.04438,13.37657],[93.04485,13.37618]]],[[[93.07799,13.37665],[93.07761,13.37652],[93.07778,13.37681],[93.07799,13.37665]]],[[[93.08006,13.37701],[93.07969,13.37677],[93.07993,13.37706],[93.08006,13.37701]]],[[[93.07732,13.37731],[93.07706,13.37713],[93.07701,13.37737],[93.07732,13.37731]]],[[[93.07784,13.37737],[93.07755,13.37721],[93.07758,13.37746],[93.07784,13.37737]]],[[[93.07902,13.37775],[93.07922,13.3761],[93.07803,13.37723],[93.07902,13.37775]]],[[[93.05376,13.38307],[93.08806,13.34604],[93.07806,13.29629],[93.05847,13.32889],[93.03841,13.32222],[93.04477,13.34744],[93.03843,13.36189],[93.04962,13.36522],[93.05376,13.38307]]],[[[93.05941,13.38555],[93.0669,13.38594],[93.06081,13.38249],[93.05941,13.38555]]],[[[93.08328,13.39648],[93.08299,13.39623],[93.08304,13.39659],[93.08328,13.39648]]],[[[93.0826,13.39795],[93.08164,13.39656],[93.08209,13.39836],[93.0826,13.39795]]],[[[92.84723,13.41974],[92.84604,13.41957],[92.84678,13.42038],[92.84723,13.41974]]],[[[92.86298,13.4216],[92.86118,13.42125],[92.86154,13.42245],[92.86298,13.4216]]],[[[92.81079,13.43203],[92.81758,13.40399],[92.80945,13.39996],[92.81079,13.43203]]],[[[93.09207,13.42266],[93.09326,13.41992],[93.09021,13.40678],[93.0858,13.4161],[93.09207,13.42266]]],[[[92.84338,13.43821],[92.83869,13.42074],[92.82081,13.42062],[92.82418,13.43963],[92.84338,13.43821]]],[[[93.06553,13.42264],[93.07134,13.41334],[93.06963,13.41258],[93.06553,13.42264]]],[[[93.07425,13.43314],[93.07307,13.43248],[93.07342,13.43337],[93.07425,13.43314]]],[[[93.07695,13.43379],[93.07649,13.43196],[93.07575,13.43331],[93.07695,13.43379]]],[[[93.08755,13.4321],[93.08659,13.43237],[93.08715,13.43311],[93.08755,13.4321]]],[[[92.86981,13.45389],[92.86931,13.45382],[92.86975,13.45422],[92.86981,13.45389]]],[[[92.87104,13.45506],[92.87049,13.45465],[92.87063,13.45513],[92.87104,13.45506]]],[[[93.09579,13.43141],[93.10433,13.43565],[93.10442,13.42911],[93.09579,13.43141]]],[[[92.86691,13.46266],[92.86437,13.46341],[92.86713,13.46428],[92.86691,13.46266]]],[[[92.86735,13.51277],[92.87251,13.50176],[92.86511,13.50313],[92.86735,13.51277]]],[[[92.90504,13.52106],[92.90666,13.5203],[92.90511,13.51997],[92.90504,13.52106]]],[[[92.98406,13.52969],[92.98521,13.52937],[92.98456,13.5284],[92.98406,13.52969]]],[[[92.87327,13.5383],[92.87772,13.53821],[92.8757,13.53528],[92.87327,13.5383]]],[[[92.90306,13.53515],[92.91198,13.53385],[92.90452,13.52939],[92.90306,13.53515]]],[[[92.97827,13.53664],[92.97793,13.53552],[92.97766,13.53655],[92.97827,13.53664]]],[[[92.91652,13.54283],[92.91303,13.54223],[92.91439,13.5442],[92.91652,13.54283]]],[[[92.98639,13.53413],[92.98543,13.52973],[92.98434,13.53029],[92.98382,13.5298],[92.98383,13.52895],[92.97839,13.53076],[92.98639,13.53413]]],[[[93.05076,13.56547],[93.05564,13.56213],[93.05288,13.55891],[93.05076,13.56547]]],[[[92.99822,13.57068],[93.00231,13.5707],[93.0,13.56861],[92.99822,13.57068]]],[[[92.98357,13.57803],[92.98332,13.57773],[92.98345,13.57812],[92.98357,13.57803]]],[[[92.81604,13.18348],[92.832,13.21544],[92.82248,13.21671],[92.82551,13.23717],[92.85042,13.23863],[92.85224,13.22186],[92.85519,13.21947],[92.84781,13.21273],[92.84832,13.20808],[92.8499,13.20749],[92.85419,13.20905],[92.85848,13.20613],[92.86124,13.20638],[92.85822,13.20077],[92.85913,13.19937],[92.86293,13.19647],[92.85717,13.19622],[92.85608,13.19516],[92.85538,13.19074],[92.85661,13.18824],[92.85828,13.18767],[92.86043,13.19174],[92.86091,13.18552],[92.86167,13.18429],[92.86312,13.18483],[92.86051,13.19203],[92.85573,13.19054],[92.86381,13.19608],[92.86212,13.2066],[92.85461,13.20969],[92.84894,13.20839],[92.85602,13.21964],[92.85484,13.23396],[92.85152,13.23966],[92.8425,13.24082],[92.83902,13.2459],[92.85017,13.26217],[92.85513,13.25059],[92.85467,13.25406],[92.85802,13.25226],[92.85945,13.2565],[92.86047,13.25411],[92.86239,13.25294],[92.86885,13.2546],[92.8704,13.25831],[92.8111,13.27083],[92.84082,13.3012],[92.82046,13.31085],[92.83002,13.36909],[92.84935,13.37781],[92.84788,13.36345],[92.84999,13.35937],[92.85158,13.35873],[92.85436,13.35918],[92.86974,13.39068],[92.84042,13.38845],[92.84206,13.40965],[92.87048,13.41399],[92.87299,13.40239],[92.87893,13.39613],[92.88271,13.39508],[92.88257,13.39387],[92.88013,13.39301],[92.87917,13.39111],[92.8857,13.36722],[92.88576,13.39804],[92.88908,13.3942],[92.89389,13.39478],[92.89495,13.39174],[92.89863,13.39104],[92.89848,13.38854],[92.90291,13.38994],[92.90234,13.38753],[92.90598,13.38238],[92.91598,13.38241],[92.92477,13.39021],[92.90725,13.38267],[92.90396,13.39434],[92.89873,13.38914],[92.89901,13.39111],[92.89313,13.39593],[92.88897,13.39485],[92.89943,13.4028],[92.89679,13.41261],[92.8745,13.40207],[92.87321,13.43636],[92.89001,13.42306],[92.89858,13.42616],[92.89899,13.42876],[92.87083,13.44513],[92.87422,13.45964],[92.86887,13.474],[92.89822,13.46515],[92.90186,13.49629],[92.9249,13.49892],[92.92469,13.48079],[92.93182,13.48074],[92.92106,13.47235],[92.9187,13.46788],[92.92079,13.46305],[92.91958,13.46382],[92.91557,13.46347],[92.92016,13.46281],[92.9185,13.46111],[92.91837,13.4565],[92.92037,13.45502],[92.93222,13.47186],[92.92762,13.47513],[92.93282,13.48102],[92.92748,13.4977],[92.9304,13.4952],[92.93481,13.50002],[92.91326,13.51236],[92.92716,13.51468],[92.92615,13.52162],[92.93291,13.52025],[92.93612,13.52718],[92.93943,13.52467],[92.94133,13.52584],[92.94003,13.52321],[92.94046,13.522],[92.94181,13.52183],[92.94325,13.52316],[92.94387,13.51976],[92.94427,13.51946],[92.94517,13.52008],[92.93803,13.53159],[92.91444,13.52043],[92.91355,13.5351],[92.96521,13.54998],[92.97964,13.52698],[92.98703,13.52769],[92.98621,13.52302],[92.99201,13.52202],[92.99057,13.51788],[92.99541,13.5199],[92.99576,13.52442],[92.99984,13.52339],[93.0,13.52391],[92.98209,13.56944],[93.01052,13.54866],[93.02733,13.5794],[93.04317,13.50491],[93.03372,13.46586],[93.00511,13.46328],[93.0366,13.44129],[92.99652,13.44106],[92.98909,13.42741],[93.03904,13.42791],[93.04633,13.40456],[93.06106,13.42147],[93.0685,13.39663],[93.05112,13.3898],[93.04704,13.37461],[93.04192,13.38196],[93.01288,13.3773],[93.00365,13.39239],[92.99921,13.39595],[92.97963,13.37992],[93.03433,13.3744],[93.03144,13.3439],[92.99919,13.35049],[92.98416,13.32802],[92.97304,13.35934],[92.9454,13.35102],[92.95191,13.32694],[92.96118,13.32308],[92.94947,13.32119],[92.9479,13.31874],[92.94843,13.31738],[92.99697,13.31489],[92.9827,13.29923],[92.98289,13.2984],[92.98466,13.29767],[92.98628,13.29528],[92.99024,13.29288],[92.99055,13.29191],[92.98616,13.2915],[92.98429,13.28721],[92.98167,13.28829],[92.98063,13.28153],[92.97836,13.28381],[92.97386,13.28191],[92.98106,13.28125],[92.99251,13.29211],[92.9944,13.27977],[93.0,13.28085],[92.9972,13.29019],[92.98636,13.29916],[92.99504,13.29712],[93.00084,13.29873],[93.00253,13.30391],[93.02101,13.29677],[93.01202,13.29559],[93.01109,13.27682],[93.02535,13.28257],[93.03355,13.27761],[93.04572,13.28275],[93.03974,13.26977],[93.04371,13.25427],[93.0658,13.27378],[93.03175,13.17858],[93.03433,13.08142],[93.00344,13.02816],[92.95964,13.01423],[92.9332,13.04224],[92.95673,13.06564],[92.93729,13.06545],[92.94559,13.08966],[92.93936,13.08857],[92.94614,13.12351],[92.94445,13.13391],[92.93975,13.14013],[92.94038,13.14074],[92.9421,13.13956],[92.94329,13.13975],[92.94122,13.14553],[92.93927,13.13998],[92.9457,13.12372],[92.93359,13.10929],[92.93455,13.0606],[92.92259,13.05349],[92.91223,13.07998],[92.90087,13.08187],[92.89886,13.09551],[92.88711,13.09334],[92.89242,13.10076],[92.89229,13.10331],[92.87717,13.14991],[92.87299,13.14908],[92.88876,13.10793],[92.88149,13.1084],[92.8732,13.10346],[92.91214,13.06679],[92.89506,13.05866],[92.88578,13.04536],[92.85803,13.0799],[92.84359,13.05089],[92.86028,13.0656],[92.86356,13.04365],[92.87006,13.0548],[92.87258,13.04352],[92.88651,13.0439],[92.8971,13.05815],[92.91458,13.05553],[92.89534,13.01808],[92.91047,13.00752],[92.90159,13.00244],[92.9015,13.00637],[92.89775,13.00805],[92.89981,13.00968],[92.89767,13.01105],[92.89648,13.00951],[92.89658,13.0111],[92.89427,13.01111],[92.90142,13.00201],[92.91281,13.00483],[92.91839,12.98728],[92.93303,12.99129],[92.93938,12.9688],[92.91046,12.94531],[92.90613,12.98357],[92.89621,12.99531],[92.8862,12.98246],[92.89058,12.9973],[92.88305,13.00551],[92.87067,12.93559],[92.85128,12.96102],[92.84001,12.94991],[92.87282,12.88366],[92.84227,12.87692],[92.8426,12.89219],[92.80136,12.89973],[92.78998,12.96093],[92.79937,12.99185],[92.82208,12.97717],[92.80702,12.99901],[92.84198,12.99138],[92.83311,13.00472],[92.82281,13.0074],[92.82596,13.01675],[92.82929,13.01524],[92.83531,13.01874],[92.83714,13.02307],[92.81277,13.02185],[92.81431,13.00685],[92.78796,13.01955],[92.79923,13.04339],[92.79171,13.05335],[92.79676,13.06799],[92.79284,13.09198],[92.80082,13.09135],[92.79765,13.08148],[92.81412,13.07231],[92.80558,13.10092],[92.82058,13.09121],[92.82934,13.10885],[92.80848,13.12728],[92.84722,13.11815],[92.84843,13.15022],[92.80793,13.15379],[92.81416,13.17473],[92.81934,13.16213],[92.82636,13.17502],[92.83716,13.16199],[92.84441,13.16087],[92.84725,13.1618],[92.84834,13.16278],[92.84867,13.16125],[92.84918,13.16112],[92.84829,13.16293],[92.83748,13.1622],[92.8346,13.17529],[92.81604,13.18348]]],[[[93.00422,13.58472],[93.00362,13.5844],[93.00342,13.58495],[93.00422,13.58472]]],[[[94.26511,13.46335],[94.26495,13.44342],[94.2453,13.43286],[94.23945,13.44775],[94.26511,13.46335]]],[[[92.88539,13.59761],[92.90393,13.59447],[92.88333,13.57421],[92.88539,13.59761]]],[[[93.0148,13.63227],[93.0152,13.62977],[93.0144,13.62933],[93.0148,13.63227]]],[[[93.01392,13.63502],[93.01283,13.63309],[93.01348,13.63517],[93.01392,13.63502]]],[[[93.01037,13.63885],[93.01035,13.63849],[93.01008,13.63885],[93.01037,13.63885]]],[[[93.03523,13.64304],[93.03424,13.64205],[93.03484,13.64365],[93.03523,13.64304]]],[[[93.03467,13.64518],[93.03332,13.64545],[93.03474,13.64687],[93.03467,13.64518]]],[[[93.04269,13.64269],[93.06825,13.65071],[93.04613,13.61984],[93.04269,13.64269]]],[[[93.03175,13.6623],[93.03106,13.66228],[93.03111,13.66271],[93.03175,13.6623]]],[[[93.0302,13.66344],[93.02976,13.66334],[93.02975,13.66361],[93.0302,13.66344]]],[[[93.10854,13.65628],[93.10799,13.65578],[93.10804,13.65651],[93.10854,13.65628]]],[[[93.10623,13.6581],[93.10574,13.65773],[93.10592,13.65823],[93.10623,13.6581]]],[[[93.11068,13.65778],[93.11035,13.65745],[93.1105,13.65796],[93.11068,13.65778]]],[[[93.10786,13.6612],[93.10732,13.66074],[93.10735,13.66165],[93.10786,13.6612]]],[[[93.02725,13.67138],[93.02692,13.67097],[93.02686,13.67143],[93.02725,13.67138]]],[[[93.01549,13.67696],[93.03257,13.63122],[93.01931,13.62209],[93.01336,13.64334],[92.97132,13.64966],[93.01549,13.67696]]]]}},{"type":"Feature","properties":{"name":"West Bengal"},"geometry":{"type":"MultiPolygon","coordinates":[[[[88.00997,21.55823],[88.01856,21.55167],[88.01375,21.54684],[88.00997,21.55823]]],[[[88.16702,21.60295],[88.18615,21.58195],[88.19849,21.54165],[88.17567,21.54986],[88.16394,21.5861],[88.16702,21.60295]]],[[[88.50859,21.59216],[88.5372,21.57801],[88.53556,21.52759],[88.48477,21.5522],[88.50859,21.59216]]],[[[88.83401,21.60804],[88.89189,21.5812],[88.90599,21.54756],[88.87609,21.5344],[88.83118,21.55117],[88.83401,21.60804]]],[[[89.13701,21.60141],[89.14453,21.59265],[89.13519,21.59642],[89.13701,21.60141]]],[[[88.53895,21.63893],[88.58698,21.60594],[88.55593,21.56035],[88.53558,21.59251],[88.51202,21.60162],[88.5224,21.65846],[88.53895,21.63893]]],[[[88.04594,21.69739],[88.04441,21.69881],[88.04543,21.6994],[88.04594,21.69739]]],[[[88.05007,21.70001],[88.05133,21.69623],[88.04941,21.69449],[88.05007,21.70001]]],[[[88.0447,21.70229],[88.04232,21.70344],[88.04277,21.70897],[88.0447,21.70229]]],[[[88.05625,21.71014],[88.05371,21.71088],[88.05575,21.71139],[88.05625,21.71014]]],[[[88.64121,21.67963],[88.63158,21.64941],[88.63088,21.67329],[88.64121,21.67963]]],[[[88.30938,21.70486],[88.35142,21.67728],[88.31785,21.60522],[88.30645,21.61495],[88.30938,21.70486]]],[[[88.19387,21.68763],[88.20044,21.67377],[88.22642,21.66878],[88.21284,21.59839],[88.18016,21.68518],[88.20366,21.72584],[88.21357,21.70013],[88.19387,21.68763]]],[[[88.74978,21.64962],[88.76898,21.65595],[88.80005,21.59124],[88.74203,21.56219],[88.70859,21.58472],[88.71884,21.63474],[88.68443,21.68431],[88.69251,21.72016],[88.7018,21.68787],[88.74978,21.64962]]],[[[88.20475,21.73763],[88.19501,21.72438],[88.20648,21.75976],[88.20475,21.73763]]],[[[88.41516,21.72519],[88.41105,21.65583],[88.43195,21.62045],[88.39694,21.58993],[88.38094,21.66289],[88.40424,21.71663],[88.36876,21.72698],[88.38912,21.73575],[88.39583,21.75464],[88.40165,21.73728],[88.41516,21.72519]]],[[[88.38768,21.76279],[88.36328,21.72591],[88.39451,21.71322],[88.35707,21.68646],[88.34367,21.75483],[88.38768,21.76279]]],[[[88.19261,21.77971],[88.19747,21.76484],[88.19265,21.75819],[88.19261,21.77971]]],[[[88.28911,21.77875],[88.30496,21.73246],[88.29189,21.71206],[88.28911,21.77875]]],[[[88.61888,21.73919],[88.57902,21.7271],[88.56929,21.77014],[88.58389,21.77618],[88.58726,21.7533],[88.61888,21.73919]]],[[[88.18569,21.79021],[88.17634,21.7926],[88.17905,21.79933],[88.18569,21.79021]]],[[[88.6084,21.78459],[88.62975,21.75147],[88.62756,21.72931],[88.61092,21.70477],[88.59706,21.71568],[88.62173,21.74005],[88.58739,21.75721],[88.6084,21.78459]]],[[[88.38342,21.77769],[88.42999,21.79927],[88.45557,21.78913],[88.47144,21.79247],[88.4528,21.71841],[88.47151,21.67388],[88.45016,21.61177],[88.43399,21.60371],[88.43249,21.70438],[88.38342,21.77769]]],[[[88.57968,21.71738],[88.60862,21.68148],[88.59101,21.65834],[88.60267,21.61254],[88.52622,21.66287],[88.50629,21.75836],[88.54227,21.81144],[88.57327,21.78849],[88.56007,21.76792],[88.57968,21.71738]]],[[[88.48318,21.83491],[88.4999,21.81133],[88.46393,21.80021],[88.45189,21.81364],[88.48318,21.83491]]],[[[88.19467,21.84038],[88.17814,21.84472],[88.16636,21.86974],[88.19467,21.84038]]],[[[88.13181,21.87357],[88.17125,21.7401],[88.15324,21.68196],[88.13419,21.67848],[88.14508,21.63898],[88.0621,21.6374],[88.04135,21.67556],[88.05101,21.68762],[88.05693,21.70972],[88.05521,21.72095],[88.07649,21.75176],[88.07681,21.77742],[88.13181,21.87357]]],[[[88.08296,21.84223],[88.07236,21.85831],[88.08113,21.87985],[88.09672,21.86134],[88.08296,21.84223]]],[[[88.17407,21.86774],[88.16925,21.86879],[88.16528,21.87916],[88.17407,21.86774]]],[[[88.55405,21.87567],[88.57395,21.85606],[88.55669,21.82769],[88.55997,21.85151],[88.55405,21.87567]]],[[[88.11962,21.89143],[88.0976,21.87402],[88.08562,21.91437],[88.11962,21.89143]]],[[[88.4928,21.90386],[88.4822,21.90088],[88.49337,21.90663],[88.4928,21.90386]]],[[[88.54143,21.90219],[88.57615,21.88306],[88.55298,21.87668],[88.552,21.81662],[88.53089,21.84765],[88.54326,21.8546],[88.55047,21.87938],[88.54878,21.89197],[88.54143,21.90219]]],[[[88.12634,21.94745],[88.14545,21.92471],[88.12672,21.9339],[88.11894,21.92835],[88.11693,21.92398],[88.14502,21.91734],[88.13001,21.89913],[88.08986,21.92655],[88.12634,21.94745]]],[[[88.64859,21.91786],[88.67007,21.91242],[88.64456,21.78794],[88.59197,21.79764],[88.58481,21.84498],[88.64859,21.91786]]],[[[88.91182,21.93088],[89.03134,21.86396],[89.01946,21.76615],[89.09356,21.66368],[89.06072,21.61573],[89.02407,21.65822],[89.02378,21.60291],[88.93872,21.64614],[88.95131,21.69385],[88.92126,21.72152],[88.93171,21.74443],[88.92084,21.76239],[88.91467,21.71618],[88.94013,21.68904],[88.92297,21.63231],[88.89107,21.65239],[88.86965,21.70417],[88.87722,21.76661],[88.83506,21.78279],[88.85451,21.87968],[88.81975,21.93061],[88.8493,21.91272],[88.8919,21.91731],[88.91182,21.93088]]],[[[88.54438,21.97086],[88.60998,21.92471],[88.58362,21.89164],[88.56679,21.91236],[88.5501,21.92238],[88.5508,21.93587],[88.54267,21.96028],[88.54438,21.97086]]],[[[88.08563,22.00621],[88.14261,22.0136],[88.12523,21.99598],[88.08563,22.00621]]],[[[88.60318,21.99118],[88.59861,21.96758],[88.61503,21.93751],[88.61002,21.92927],[88.57649,21.96064],[88.60318,21.99118]]],[[[89.80489,26.34971],[89.8196,26.31835],[89.79269,26.3411],[89.80489,26.34971]]],[[[88.01426,27.21291],[88.07917,27.20109],[88.08885,27.14326],[88.13663,27.11465],[88.19463,27.13485],[88.23002,27.11898],[88.30229,27.12929],[88.32154,27.10475],[88.43295,27.07926],[88.53235,27.15006],[88.52077,27.17289],[88.54298,27.18318],[88.59286,27.19122],[88.66026,27.16055],[88.69153,27.17839],[88.72896,27.13627],[88.80203,27.1395],[88.86771,27.11244],[88.87713,26.94436],[88.92168,26.99393],[88.95248,26.96841],[88.94392,26.93415],[88.98035,26.91719],[89.02157,26.94069],[89.04886,26.89911],[89.0957,26.89167],[89.10069,26.84253],[89.13448,26.80764],[89.2624,26.81378],[89.37898,26.86218],[89.38977,26.84185],[89.43948,26.84034],[89.46953,26.80269],[89.56017,26.81286],[89.65058,26.7763],[89.62378,26.71845],[89.67176,26.73981],[89.72408,26.72229],[89.7528,26.73531],[89.77137,26.701],[89.86333,26.70085],[89.87693,26.64851],[89.85825,26.62338],[89.8826,26.58339],[89.8561,26.51843],[89.87324,26.45132],[89.83033,26.39645],[89.85941,26.3835],[89.75152,26.32086],[89.75812,26.28779],[89.71981,26.30732],[89.73854,26.26994],[89.70262,26.25786],[89.73216,26.23783],[89.70039,26.21845],[89.73323,26.21199],[89.6986,26.19118],[89.73655,26.17279],[89.70138,26.15175],[89.67347,26.20143],[89.68605,26.23066],[89.63444,26.22941],[89.65,26.19021],[89.62781,26.18391],[89.65866,26.17623],[89.60746,26.17914],[89.5966,26.13503],[89.63036,26.11827],[89.59388,26.10216],[89.60862,26.08839],[89.62996,26.10704],[89.6499,26.06248],[89.6054,26.06375],[89.57872,26.02626],[89.58518,25.9759],[89.55601,25.96522],[89.5409,26.0059],[89.42874,26.01227],[89.4328,26.0375],[89.42384,26.04692],[89.39279,26.00719],[89.34906,26.01035],[89.27576,26.04908],[89.28105,26.06562],[89.25441,26.06412],[89.2668,26.09264],[89.22944,26.12385],[89.15538,26.13861],[89.14094,26.23584],[89.1001,26.27947],[89.10471,26.3158],[89.12213,26.28715],[89.13631,26.32011],[89.08349,26.32236],[89.09625,26.39115],[88.99404,26.41282],[88.96514,26.45781],[88.94477,26.42559],[88.92619,26.43205],[88.92656,26.40679],[88.90479,26.40846],[88.91011,26.3698],[88.95843,26.36168],[88.95603,26.32999],[88.96141,26.3523],[88.98722,26.34832],[88.99574,26.29024],[89.02159,26.30902],[89.04512,26.27514],[89.05947,26.29343],[89.05069,26.24165],[88.95732,26.2403],[88.89827,26.28864],[88.86139,26.27266],[88.87786,26.23338],[88.84173,26.23072],[88.79356,26.30997],[88.66623,26.26266],[88.67513,26.32007],[88.74651,26.32239],[88.74587,26.34707],[88.70276,26.33439],[88.68101,26.37941],[88.70227,26.38844],[88.62377,26.43479],[88.62289,26.47108],[88.56093,26.45646],[88.55676,26.4848],[88.48975,26.51036],[88.48501,26.54069],[88.43597,26.54503],[88.40926,26.63485],[88.33187,26.48181],[88.35482,26.44702],[88.37124,26.48821],[88.48525,26.46026],[88.52324,26.36054],[88.48236,26.3497],[88.45772,26.37666],[88.43558,26.33577],[88.40435,26.32983],[88.41494,26.31482],[88.34967,26.28225],[88.35051,26.22042],[88.17728,26.14806],[88.15838,26.07983],[88.18335,26.07289],[88.18321,26.02678],[88.13971,26.01292],[88.12237,25.94837],[88.08628,25.91747],[88.11448,25.79794],[88.15149,25.77555],[88.18377,25.80169],[88.20951,25.78681],[88.26955,25.80818],[88.26651,25.78245],[88.37425,25.71707],[88.40169,25.67256],[88.45382,25.66494],[88.44435,25.59692],[88.49992,25.58395],[88.49351,25.55885],[88.53309,25.5421],[88.53995,25.5083],[88.60909,25.5163],[88.64705,25.47782],[88.6995,25.47119],[88.70752,25.49987],[88.76885,25.49854],[88.75869,25.52524],[88.81053,25.52314],[88.83933,25.45834],[88.8123,25.41054],[88.84086,25.39763],[88.84018,25.36376],[88.88512,25.32562],[88.90629,25.33769],[88.92946,25.30408],[89.00944,25.29903],[89.00763,25.26362],[88.98682,25.27445],[88.95494,25.25333],[88.96177,25.20907],[88.93644,25.21052],[88.94882,25.17658],[88.92308,25.16491],[88.84376,25.21381],[88.80586,25.17045],[88.7694,25.18985],[88.7491,25.17685],[88.71148,25.20766],[88.61272,25.20417],[88.56558,25.17509],[88.49915,25.21039],[88.44369,25.1973],[88.4614,25.14939],[88.43497,25.05596],[88.45266,25.03687],[88.41209,24.99881],[88.39884,24.94532],[88.3409,24.94063],[88.33062,24.87014],[88.27608,24.8978],[88.25827,24.87755],[88.26052,24.91918],[88.22611,24.95971],[88.13804,24.93616],[88.17502,24.86015],[88.13191,24.83601],[88.13628,24.80528],[88.12354,24.82311],[88.1061,24.77957],[88.06831,24.76915],[88.06285,24.7216],[88.00876,24.66783],[88.14076,24.51124],[88.1984,24.4625],[88.27192,24.44058],[88.33398,24.38139],[88.44643,24.37858],[88.52712,24.34438],[88.55513,24.29334],[88.56769,24.32665],[88.62849,24.30509],[88.69659,24.31535],[88.73544,24.2765],[88.74649,24.14706],[88.69319,24.11115],[88.74163,24.05712],[88.72475,24.04161],[88.75749,24.0321],[88.72905,23.99611],[88.76019,24.00606],[88.76895,23.9822],[88.73824,23.98299],[88.7334,23.91098],[88.7064,23.91627],[88.66759,23.86945],[88.57564,23.86155],[88.60213,23.81722],[88.55604,23.78421],[88.58081,23.76054],[88.55821,23.64915],[88.59376,23.64081],[88.58007,23.60297],[88.64553,23.60928],[88.65425,23.55615],[88.74142,23.47968],[88.80079,23.49712],[88.79532,23.44302],[88.76431,23.44821],[88.74926,23.40055],[88.76543,23.36788],[88.73203,23.35199],[88.7453,23.30782],[88.69636,23.30229],[88.71889,23.2548],[88.76954,23.24484],[88.7898,23.21834],[88.81144,23.22155],[88.81146,23.25609],[88.82382,23.23341],[88.90685,23.23596],[88.94263,23.20611],[88.97593,23.22443],[88.99572,23.2147],[88.86845,23.10107],[88.87975,23.00633],[88.84509,23.00986],[88.87097,22.97863],[88.85944,22.94319],[88.89426,22.952],[88.90943,22.87986],[88.94537,22.88067],[88.96846,22.84504],[88.95789,22.79586],[88.911,22.75773],[88.96237,22.69497],[88.92711,22.64965],[88.93495,22.6212],[88.96008,22.61663],[88.9407,22.56135],[88.99612,22.46895],[89.00007,22.42984],[88.97191,22.40989],[88.99425,22.38873],[88.98448,22.3267],[89.0243,22.29843],[88.9951,22.28626],[89.07161,22.19689],[89.07107,22.14728],[89.09871,22.15187],[89.03786,22.09421],[89.07686,22.00841],[89.06799,21.93165],[88.99739,21.95025],[89.0141,21.97672],[89.01182,21.98426],[89.00123,21.9864],[89.02717,21.99751],[89.02906,22.00173],[89.00032,21.98767],[88.98938,21.97426],[88.98629,21.98682],[88.96869,21.99619],[88.98771,21.97164],[89.00975,21.9795],[88.98831,21.95159],[89.0125,21.90327],[88.94548,21.9293],[88.92486,21.96365],[88.94425,21.9871],[88.93817,22.01186],[88.91781,21.98093],[88.90247,22.00385],[88.90436,21.92789],[88.85824,21.92036],[88.81614,21.94177],[88.79987,21.92675],[88.8398,21.88636],[88.82148,21.78144],[88.8647,21.76144],[88.84116,21.71688],[88.86155,21.64094],[88.84559,21.6191],[88.80449,21.63716],[88.81459,21.71073],[88.76271,21.70197],[88.79383,21.73701],[88.75587,21.73532],[88.76721,21.76331],[88.75013,21.77049],[88.76568,21.78636],[88.78115,21.82517],[88.74553,21.77324],[88.75235,21.7333],[88.77757,21.72128],[88.75655,21.70297],[88.7687,21.69369],[88.80993,21.70448],[88.80794,21.66268],[88.74479,21.66083],[88.69376,21.74531],[88.72549,21.97954],[88.75146,22.00623],[88.7102,21.99595],[88.67862,21.94309],[88.63072,21.95436],[88.62351,22.01146],[88.59504,21.98872],[88.58116,22.00004],[88.57124,22.00044],[88.57389,21.96109],[88.55398,21.97636],[88.5349,21.96873],[88.54883,21.92027],[88.56875,21.90408],[88.54103,21.90742],[88.53876,21.86324],[88.52972,21.8725],[88.51863,21.87561],[88.53673,21.85622],[88.49643,21.87714],[88.51113,21.92756],[88.47956,21.90666],[88.47438,21.89366],[88.44959,21.90566],[88.43876,21.90601],[88.4311,21.9012],[88.4212,21.90408],[88.41805,21.90261],[88.43431,21.89897],[88.45066,21.90492],[88.48304,21.87203],[88.48786,21.84038],[88.44737,21.81299],[88.45987,21.79206],[88.41742,21.81316],[88.34281,21.76133],[88.3443,21.72104],[88.3208,21.70874],[88.29996,21.78141],[88.28297,21.78946],[88.27484,21.7274],[88.30378,21.66986],[88.28442,21.60071],[88.3103,21.58164],[88.27648,21.55668],[88.24842,21.56174],[88.21846,21.61593],[88.23749,21.64432],[88.22978,21.67317],[88.19975,21.6827],[88.22043,21.70188],[88.21529,21.77803],[88.19725,21.84102],[88.16344,21.88367],[88.17105,21.92856],[88.14975,21.95688],[88.22316,22.07069],[88.18801,22.18803],[88.07278,22.20948],[88.08768,22.24242],[88.08461,22.25634],[88.06057,22.20577],[87.95593,22.26973],[87.94764,22.25475],[88.00675,22.20263],[88.13668,22.1842],[88.19011,22.11627],[88.18341,22.09445],[88.05569,22.02018],[87.96808,21.85477],[87.80764,21.70519],[87.48479,21.61126],[87.44555,21.76816],[87.36966,21.76543],[87.35552,21.79217],[87.27678,21.8055],[87.23181,21.95704],[87.17041,21.97994],[87.1614,21.93492],[87.0971,21.91394],[87.09793,21.86692],[87.0356,21.86917],[86.99972,21.91325],[87.0267,22.03709],[86.95796,22.08855],[86.83374,22.0987],[86.79385,22.15748],[86.71971,22.14728],[86.72496,22.21802],[86.77641,22.21786],[86.77768,22.23659],[86.79491,22.22779],[86.77907,22.21692],[86.80241,22.21755],[86.79226,22.2663],[86.80399,22.24358],[86.81359,22.26739],[86.88632,22.25724],[86.88779,22.29746],[86.83211,22.32723],[86.84635,22.39908],[86.76187,22.4317],[86.74987,22.48295],[86.79257,22.47776],[86.80239,22.50304],[86.76595,22.57512],[86.65903,22.57507],[86.63312,22.61127],[86.63805,22.66298],[86.5442,22.7216],[86.51133,22.705],[86.41761,22.78368],[86.46714,22.89993],[86.43534,22.92519],[86.47632,22.95118],[86.52598,22.94761],[86.54561,22.99028],[86.52119,22.97071],[86.50115,22.99359],[86.33953,22.98981],[86.30374,23.016],[86.2485,22.99491],[86.18503,23.00538],[86.14626,23.07496],[86.05126,23.10553],[86.04452,23.14424],[85.89454,23.15513],[85.81967,23.26812],[85.88307,23.35078],[85.87081,23.38881],[85.90254,23.39711],[85.86389,23.43136],[85.87,23.47495],[86.05384,23.48706],[86.01628,23.54732],[86.04206,23.58688],[86.15835,23.55998],[86.14882,23.46526],[86.22838,23.44288],[86.24557,23.45932],[86.22987,23.43082],[86.24739,23.41114],[86.26409,23.43077],[86.31055,23.41136],[86.30577,23.43482],[86.35146,23.44209],[86.37946,23.47364],[86.36511,23.53269],[86.38816,23.57395],[86.44708,23.59814],[86.46181,23.6303],[86.5354,23.63124],[86.59757,23.67376],[86.71495,23.69888],[86.74734,23.67879],[86.79904,23.68903],[86.82837,23.7602],[86.80476,23.83685],[86.82654,23.81394],[86.87422,23.84731],[86.8903,23.8205],[86.88024,23.86232],[86.91556,23.88243],[86.94515,23.84688],[86.97324,23.86877],[87.12178,23.79665],[87.15049,23.79756],[87.16702,23.82453],[87.13306,23.87019],[87.1961,23.85781],[87.18858,23.84315],[87.23368,23.85713],[87.21654,23.83171],[87.2387,23.82643],[87.24512,23.9082],[87.26915,23.87458],[87.29503,23.90234],[87.29325,23.95863],[87.26153,23.96758],[87.26416,24.00061],[87.23289,24.02374],[87.2454,24.04506],[87.33712,24.03431],[87.32817,23.99867],[87.36042,24.01309],[87.46039,23.98383],[87.43834,24.01355],[87.51198,24.03584],[87.49061,24.07059],[87.51075,24.08225],[87.48983,24.09011],[87.49762,24.11897],[87.55992,24.08197],[87.61023,24.13253],[87.57615,24.16128],[87.69442,24.15024],[87.69861,24.18781],[87.63861,24.21399],[87.63437,24.24165],[87.70589,24.26144],[87.71367,24.2944],[87.7616,24.30847],[87.8011,24.38222],[87.81128,24.41783],[87.78883,24.41655],[87.82815,24.49862],[87.81168,24.49077],[87.80934,24.51452],[87.80126,24.49372],[87.79414,24.50114],[87.80859,24.54669],[87.77122,24.58302],[87.84941,24.55384],[87.91328,24.59346],[87.87583,24.61523],[87.90603,24.61501],[87.88792,24.63034],[87.91414,24.63771],[87.91661,24.66575],[87.88775,24.67999],[87.90835,24.72162],[87.81639,24.75969],[87.83624,24.79021],[87.8374,24.76579],[87.86923,24.77503],[87.86912,24.82464],[87.90027,24.8241],[87.89133,24.85604],[87.96283,24.93453],[87.94054,24.99085],[87.80579,25.07265],[87.77436,25.12136],[87.79068,25.22165],[87.84006,25.2015],[87.82434,25.23653],[87.86241,25.27411],[87.79596,25.3262],[87.76432,25.41314],[87.78726,25.4504],[87.82268,25.43708],[87.83935,25.46784],[87.86323,25.46411],[87.88437,25.52057],[87.90276,25.50532],[87.92772,25.5372],[87.96333,25.53954],[87.99578,25.49954],[88.01352,25.51121],[88.04926,25.48601],[88.07338,25.48431],[88.07653,25.5081],[88.03728,25.53832],[88.02026,25.59115],[88.05526,25.63782],[88.0368,25.64164],[88.04814,25.6979],[87.9657,25.72562],[87.93797,25.77393],[87.90417,25.77113],[87.91588,25.8164],[87.88804,25.83066],[87.91469,25.85395],[87.82983,25.87065],[87.80737,25.92985],[87.81959,25.93394],[87.83311,25.92791],[87.83843,25.93149],[87.85593,26.03598],[87.92805,26.08307],[87.9455,26.06076],[87.98562,26.07766],[87.96361,26.09463],[87.9868,26.10141],[87.9749,26.14337],[87.99988,26.1384],[88.03723,26.17871],[88.07185,26.1742],[88.1444,26.25224],[88.21063,26.27779],[88.2938,26.35173],[88.27626,26.37944],[88.23222,26.3796],[88.26958,26.42045],[88.20982,26.46923],[88.22436,26.48195],[88.17989,26.48764],[88.22968,26.53504],[88.22549,26.55675],[88.13005,26.51602],[88.10349,26.53852],[88.1603,26.63644],[88.18785,26.77181],[88.17397,26.86532],[88.12013,26.95071],[88.1344,26.98624],[88.07769,27.03542],[88.03785,27.03632],[88.02102,27.08783],[87.99088,27.10561],[88.01426,27.21291]],[[87.82691,24.48297],[87.83165,24.48018],[87.83111,24.48369],[87.82691,24.48297]],[[88.9375,26.3129],[88.92127,26.33544],[88.92403,26.29523],[88.98146,26.28297],[88.9829,26.30109],[88.9375,26.3129]]]]}},{"type":"Feature","properties":{"name":"Kerala"},"geometry":{"type":"Polygon","coordinates":[[[74.98903,12.79546],[75.00945,12.76751],[74.98327,12.7372],[75.0134,12.72795],[75.00099,12.71639],[75.05246,12.72008],[75.04664,12.66757],[75.08517,12.67476],[75.08601,12.70403],[75.152,12.68324],[75.13851,12.64344],[75.16068,12.62213],[75.20174,12.63002],[75.22032,12.5691],[75.27635,12.61851],[75.32701,12.59239],[75.31539,12.57254],[75.27289,12.56897],[75.27056,12.54834],[75.333,12.49833],[75.3366,12.46408],[75.36082,12.46497],[75.38223,12.50202],[75.41613,12.50003],[75.42326,12.46678],[75.36563,12.45675],[75.37261,12.40025],[75.42193,12.37266],[75.4104,12.34719],[75.43215,12.30899],[75.41356,12.2912],[75.4794,12.29541],[75.5772,12.15775],[75.63605,12.14917],[75.66198,12.09918],[75.70326,12.10817],[75.71473,12.07044],[75.80255,12.07856],[75.79396,12.05503],[75.82726,11.98768],[75.87045,11.95258],[76.0032,11.93139],[76.1123,11.97866],[76.11994,11.85047],[76.19039,11.87121],[76.22372,11.8082],[76.28022,11.81161],[76.33974,11.739],[76.41423,11.75885],[76.42744,11.72598],[76.40346,11.70776],[76.44343,11.64362],[76.30238,11.57123],[76.27891,11.60094],[76.23452,11.57215],[76.24757,11.46854],[76.28444,11.48292],[76.32547,11.45333],[76.34223,11.46759],[76.4187,11.44178],[76.41508,11.42263],[76.46208,11.38747],[76.51775,11.37156],[76.50818,11.35412],[76.54786,11.35889],[76.54576,11.30031],[76.45309,11.23937],[76.43862,11.19896],[76.45844,11.18768],[76.50328,11.21161],[76.62972,11.19417],[76.69827,11.2396],[76.73142,11.21559],[76.68956,11.15957],[76.7483,11.13584],[76.74613,11.05482],[76.80086,11.05397],[76.7666,11.02909],[76.71089,11.03872],[76.65909,10.9305],[76.82832,10.87191],[76.84817,10.8188],[76.90068,10.8073],[76.90721,10.78269],[76.86759,10.69478],[76.88248,10.63971],[76.8101,10.62418],[76.83827,10.59667],[76.8431,10.53729],[76.81638,10.42352],[76.84879,10.36823],[76.83017,10.30386],[76.84872,10.28528],[76.87314,10.29848],[76.9116,10.23529],[76.98245,10.22012],[77.05108,10.26211],[77.04288,10.28377],[77.17662,10.35844],[77.23584,10.35201],[77.22775,10.31542],[77.26293,10.26333],[77.25972,10.23027],[77.29496,10.2179],[77.26778,10.12161],[77.23824,10.13008],[77.20126,10.10582],[77.2619,10.02973],[77.27285,9.96419],[77.21825,9.90429],[77.21245,9.87688],[77.23718,9.85138],[77.22178,9.82245],[77.24667,9.79789],[77.22266,9.78779],[77.22391,9.73037],[77.20356,9.72211],[77.16586,9.61286],[77.20896,9.61344],[77.26971,9.57277],[77.31782,9.6025],[77.33949,9.57331],[77.36113,9.60226],[77.36556,9.53509],[77.4124,9.50898],[77.39261,9.45935],[77.34941,9.44118],[77.32529,9.33711],[77.29997,9.33665],[77.28299,9.30133],[77.28171,9.21657],[77.25143,9.18864],[77.26681,9.15246],[77.21241,9.10048],[77.19746,9.04697],[77.14656,9.02182],[77.19629,8.95458],[77.1928,8.9262],[77.25657,8.87757],[77.26276,8.84199],[77.22971,8.78459],[77.17001,8.74179],[77.28385,8.54673],[77.26171,8.50615],[77.20238,8.50119],[77.2281,8.44725],[77.15111,8.38447],[77.17578,8.32029],[77.13979,8.32987],[77.09598,8.29302],[76.9791,8.38185],[76.63143,8.83653],[76.54509,8.90728],[76.49913,9.05822],[76.34029,9.40737],[76.2412,9.96765],[76.10033,10.38147],[75.9101,10.78613],[75.82838,11.11914],[75.69767,11.42488],[75.61678,11.47641],[75.54423,11.70454],[75.53004,11.70357],[75.4537,11.77028],[75.38576,11.85634],[75.35568,11.8598],[75.25033,12.00819],[75.22911,12.02261],[75.20106,12.00609],[74.86434,12.75914],[74.98903,12.79546]],[[75.53771,11.7628],[75.54146,11.73889],[75.52669,11.72663],[75.531,11.70826],[75.55534,11.72147],[75.53771,11.7628]]]}},{"type":"Feature","properties":{"name":"Chhattisgarh"},"geometry":{"type":"Polygon","coordinates":[[[83.32145,24.10602],[83.43225,24.08598],[83.45289,24.04199],[83.51594,24.02696],[83.55344,23.89807],[83.58576,23.8864],[83.57119,23.86214],[83.70535,23.82076],[83.74607,23.71949],[83.72286,23.68586],[83.77248,23.6109],[83.80722,23.58747],[83.93769,23.56899],[83.93191,23.62041],[84.01659,23.63438],[84.02806,23.5456],[83.97394,23.45985],[83.98576,23.42583],[83.967,23.38758],[84.0048,23.35401],[84.05084,23.37477],[84.07482,23.33312],[84.03747,23.13988],[84.13346,23.08309],[84.14925,22.96567],[84.17551,22.97601],[84.1858,23.02709],[84.21918,22.97913],[84.25303,22.97293],[84.27702,22.99339],[84.28109,22.96369],[84.37532,22.97689],[84.39555,22.92873],[84.38051,22.87667],[84.32422,22.85094],[84.2874,22.76401],[84.23127,22.73996],[84.22412,22.66989],[84.15247,22.6368],[84.08402,22.63812],[84.00951,22.57305],[84.01233,22.52753],[83.97466,22.51189],[84.04725,22.46922],[84.01029,22.37158],[83.86426,22.34328],[83.75775,22.24034],[83.69147,22.24412],[83.62725,22.20378],[83.56181,22.09892],[83.60642,22.06659],[83.53672,22.04348],[83.55615,22.00782],[83.53901,21.96599],[83.60592,21.91412],[83.57421,21.87511],[83.59089,21.8511],[83.57691,21.8313],[83.53187,21.83096],[83.54104,21.79931],[83.49291,21.81837],[83.46939,21.78756],[83.48932,21.74539],[83.45948,21.69855],[83.41869,21.68065],[83.48961,21.63146],[83.45611,21.61],[83.44265,21.65541],[83.38268,21.62013],[83.33788,21.5021],[83.35437,21.44807],[83.39893,21.40534],[83.40688,21.35163],[83.26873,21.37859],[83.25734,21.3205],[83.27859,21.28932],[83.22295,21.26577],[83.19255,21.13951],[83.13149,21.10581],[83.07781,21.11195],[83.016,21.14631],[82.99032,21.13986],[83.00376,21.16693],[82.96556,21.17533],[82.96493,21.19327],[82.94768,21.16178],[82.90211,21.16699],[82.88218,21.14843],[82.85088,21.16863],[82.79368,21.14255],[82.75591,21.16643],[82.64061,21.15487],[82.64991,21.10647],[82.61198,21.07469],[82.62879,21.03804],[82.55915,20.94794],[82.48874,20.9094],[82.46449,20.829],[82.41995,20.83156],[82.40545,20.87019],[82.35119,20.88974],[82.34171,20.76776],[82.3765,20.63241],[82.33223,20.56191],[82.3897,20.5176],[82.39606,20.45957],[82.41763,20.48174],[82.43786,20.43439],[82.40038,20.34158],[82.43781,20.29441],[82.41234,20.26704],[82.42062,20.20492],[82.3858,20.14644],[82.39829,20.05818],[82.59573,19.99157],[82.71545,19.99593],[82.71979,19.85685],[82.70392,19.83201],[82.65216,19.83217],[82.59181,19.77586],[82.57579,19.83339],[82.59713,19.87269],[82.44599,19.91019],[82.34395,19.83509],[82.23712,20.00333],[82.18425,19.98419],[82.07047,20.05695],[82.03256,20.01572],[81.94638,20.10513],[81.89528,20.04824],[81.87598,20.05206],[81.84528,19.95953],[81.85316,19.91848],[81.96813,19.85989],[81.98595,19.80109],[82.06555,19.79066],[82.04475,19.70888],[82.05071,19.54882],[82.02908,19.50775],[82.10025,19.51659],[82.12614,19.42909],[82.18944,19.42753],[82.17883,19.37905],[82.14774,19.37182],[82.19412,19.32594],[82.15843,19.26517],[82.18614,19.16635],[82.1661,19.1327],[82.20582,19.12413],[82.21842,19.09727],[82.20225,19.06664],[82.23276,19.01794],[82.24605,18.91911],[82.17615,18.90267],[82.16544,18.79862],[82.13342,18.76536],[82.09158,18.76573],[82.08497,18.71859],[82.03092,18.72379],[81.97098,18.69864],[81.94894,18.64371],[81.89377,18.65746],[81.89459,18.62954],[81.96364,18.59044],[81.95057,18.57002],[81.91069,18.57063],[81.90901,18.53807],[81.86825,18.52492],[81.76887,18.41709],[81.75006,18.35275],[81.65914,18.34656],[81.66223,18.32123],[81.5976,18.30891],[81.52524,18.25771],[81.507,18.1862],[81.52582,18.1534],[81.48041,18.05074],[81.48295,17.97682],[81.44463,17.88575],[81.39927,17.89192],[81.39257,17.79416],[81.26626,17.80952],[81.16613,17.8576],[81.07357,17.78662],[81.03898,17.78415],[81.00822,17.79937],[80.94926,18.08286],[80.97903,18.17541],[80.86667,18.13692],[80.85291,18.202],[80.87261,18.21058],[80.83672,18.23892],[80.79911,18.16817],[80.74497,18.17033],[80.7372,18.22209],[80.79415,18.25963],[80.74872,18.30892],[80.71968,18.3908],[80.73487,18.41284],[80.69895,18.42143],[80.70531,18.43986],[80.65531,18.47586],[80.63757,18.52253],[80.51466,18.61933],[80.45612,18.62936],[80.3463,18.59528],[80.24443,18.7579],[80.35274,18.81898],[80.27088,18.93848],[80.27298,18.99144],[80.32967,19.07011],[80.33308,19.14552],[80.39384,19.1878],[80.39359,19.24501],[80.44603,19.26417],[80.4825,19.33814],[80.52033,19.34777],[80.57307,19.40246],[80.61254,19.30952],[80.6799,19.33033],[80.6897,19.28698],[80.75573,19.28927],[80.85285,19.3639],[80.81733,19.38391],[80.79585,19.43226],[80.87363,19.44499],[80.89768,19.48045],[80.89496,19.51962],[80.85621,19.523],[80.83559,19.56636],[80.77511,19.56251],[80.74085,19.60623],[80.66533,19.61188],[80.67222,19.70072],[80.55261,19.76556],[80.5463,19.81827],[80.48058,19.82751],[80.48903,19.77041],[80.46426,19.79578],[80.4017,19.7962],[80.40162,19.81704],[80.44072,19.81033],[80.50582,19.87065],[80.49143,19.90201],[80.41388,19.90745],[80.41125,19.93849],[80.45216,19.9576],[80.48875,19.93061],[80.52989,19.93947],[80.55681,20.07188],[80.55207,20.11796],[80.50559,20.14444],[80.40182,20.14724],[80.38854,20.1652],[80.42205,20.2068],[80.39526,20.24501],[80.47913,20.2783],[80.51882,20.26617],[80.54958,20.30896],[80.62635,20.33263],[80.59148,20.39307],[80.63186,20.5984],[80.58077,20.60836],[80.52093,20.58048],[80.49415,20.6125],[80.51793,20.65506],[80.58765,20.6847],[80.55166,20.76403],[80.54606,20.93501],[80.4637,20.9292],[80.42426,21.0085],[80.45264,21.03883],[80.44473,21.12203],[80.46426,21.17503],[80.61378,21.22657],[80.67957,21.29884],[80.66005,21.33408],[80.73775,21.47312],[80.74078,21.53923],[80.71536,21.58505],[80.72614,21.71367],[80.75599,21.76206],[80.78543,21.74031],[80.81974,21.74802],[80.85331,21.87257],[80.83205,21.89035],[80.8477,21.93253],[80.82549,21.95842],[80.85267,21.95731],[80.90793,22.10957],[80.94758,22.11827],[80.9694,22.05799],[81.0062,22.06321],[81.01133,22.09557],[80.97814,22.12011],[81.02191,22.13273],[81.01946,22.22118],[81.07955,22.23938],[81.11872,22.29126],[81.11116,22.43757],[81.15512,22.45491],[81.17269,22.48791],[81.19767,22.48957],[81.19946,22.46303],[81.23219,22.45216],[81.28127,22.50295],[81.31373,22.48292],[81.32653,22.52614],[81.38206,22.50982],[81.4067,22.44095],[81.42784,22.47981],[81.44737,22.46588],[81.45893,22.46929],[81.44261,22.49435],[81.48471,22.48783],[81.52223,22.53901],[81.62194,22.53802],[81.62903,22.56336],[81.65993,22.56946],[81.64725,22.61326],[81.68332,22.64691],[81.73953,22.67509],[81.75263,22.64449],[81.77237,22.66821],[81.75359,22.72852],[81.79439,22.76646],[81.76135,22.83029],[81.77568,22.87444],[81.86163,22.88926],[81.86611,22.91581],[81.94631,22.95678],[81.9215,23.04081],[81.94225,23.07896],[82.03419,23.08005],[82.07222,23.11832],[82.12225,23.1038],[82.16136,23.14311],[82.14527,23.22672],[82.19338,23.27797],[82.19396,23.32384],[82.14575,23.36118],[82.11714,23.35546],[82.10341,23.39824],[82.056,23.37678],[82.0219,23.38732],[82.02548,23.42488],[81.98533,23.41449],[81.95791,23.5007],[81.92329,23.53266],[81.83643,23.51091],[81.80907,23.54934],[81.75826,23.54987],[81.74664,23.5698],[81.69964,23.52202],[81.65891,23.529],[81.63728,23.49036],[81.61232,23.51021],[81.61032,23.55508],[81.58402,23.55358],[81.57668,23.58534],[81.61197,23.59525],[81.61457,23.66292],[81.65517,23.66314],[81.69591,23.72132],[81.64466,23.77013],[81.63584,23.83451],[81.60318,23.85371],[81.62221,23.87024],[81.60902,23.9032],[81.66858,23.92496],[81.70749,23.86113],[81.73198,23.85668],[81.72547,23.83982],[81.79112,23.80935],[81.88816,23.83555],[81.92893,23.87072],[81.9578,23.85228],[82.00881,23.86108],[82.05358,23.81838],[82.17146,23.81824],[82.21178,23.852],[82.23181,23.80531],[82.26061,23.82124],[82.33466,23.80255],[82.46926,23.81106],[82.52446,23.78374],[82.55147,23.79064],[82.53307,23.82215],[82.58862,23.82144],[82.66047,23.85514],[82.66159,23.90764],[82.75238,23.91979],[82.801,23.96096],[82.83699,23.9568],[82.94788,23.87142],[83.14148,23.88492],[83.20792,23.92139],[83.22361,23.98665],[83.27911,24.01827],[83.32145,24.10602]]]}},{"type":"Feature","properties":{"name":"Odisha"},"geometry":{"type":"MultiPolygon","coordinates":[[[[84.32927,18.7872],[84.33959,18.7894],[84.33936,18.77869],[84.32927,18.7872]]],[[[84.35327,18.78989],[84.34968,18.7887],[84.34968,18.79192],[84.35327,18.78989]]],[[[86.78379,20.36164],[86.78083,20.36155],[86.78454,20.36396],[86.78379,20.36164]]],[[[86.79272,20.38299],[86.79029,20.38228],[86.79103,20.38639],[86.79272,20.38299]]],[[[86.79648,20.4001],[86.80748,20.37353],[86.79891,20.36452],[86.79648,20.4001]]],[[[86.78787,20.38347],[86.79018,20.43255],[86.80005,20.44312],[86.79322,20.49324],[86.80824,20.45312],[86.78787,20.38347]]],[[[87.01306,20.71723],[87.00865,20.7099],[87.00661,20.71194],[87.01306,20.71723]]],[[[87.0062,20.71505],[87.00243,20.71321],[87.00812,20.71952],[87.0062,20.71505]]],[[[87.05631,20.73286],[87.05421,20.72959],[87.05325,20.73022],[87.05631,20.73286]]],[[[87.05074,20.73794],[87.05252,20.73761],[87.05313,20.73709],[87.05074,20.73794]]],[[[87.07789,20.74393],[87.07351,20.72746],[87.06955,20.73347],[87.07789,20.74393]]],[[[87.04938,20.74403],[87.05885,20.74492],[87.05965,20.74386],[87.04938,20.74403]]],[[[87.0703,20.73838],[87.06878,20.73763],[87.07226,20.74899],[87.0703,20.73838]]],[[[87.09678,20.74794],[87.09842,20.74804],[87.09832,20.74747],[87.09678,20.74794]]],[[[87.10202,20.75068],[87.09941,20.75003],[87.10168,20.75151],[87.10202,20.75068]]],[[[87.08238,20.76391],[87.09752,20.75492],[87.07308,20.7535],[87.08238,20.76391]]],[[[86.98361,20.78039],[86.97845,20.77881],[86.98264,20.78482],[86.98361,20.78039]]],[[[87.07478,20.7674],[87.07475,20.78902],[87.07601,20.77202],[87.07478,20.7674]]],[[[86.98777,20.80396],[86.98658,20.80199],[86.98605,20.80262],[86.98777,20.80396]]],[[[87.419,21.57872],[87.41656,21.57],[87.41371,21.56017],[87.419,21.57872]]],[[[86.04544,22.56751],[86.11663,22.487],[86.2813,22.44866],[86.35755,22.34977],[86.43034,22.30746],[86.49691,22.3472],[86.53276,22.30096],[86.58225,22.30165],[86.59308,22.27856],[86.64438,22.26849],[86.65425,22.23627],[86.72428,22.21862],[86.71971,22.14728],[86.79385,22.15748],[86.83374,22.0987],[86.96471,22.08574],[87.0267,22.03709],[86.99972,21.91325],[87.03346,21.87014],[87.09793,21.86692],[87.0971,21.91394],[87.1614,21.93492],[87.17041,21.97994],[87.23146,21.95728],[87.2639,21.81858],[87.35552,21.79217],[87.36966,21.76543],[87.44555,21.76816],[87.44478,21.73403],[87.47369,21.7142],[87.46048,21.65091],[87.48611,21.6319],[87.48479,21.61126],[87.41075,21.58594],[87.36987,21.5534],[87.25,21.55678],[87.1185,21.5171],[86.8925,21.31843],[86.82935,21.20865],[86.85629,21.2056],[86.8479,21.0955],[86.98088,20.85705],[86.94416,20.76648],[86.99248,20.77023],[87.00004,20.69784],[87.05825,20.71676],[86.77525,20.52075],[86.73427,20.4641],[86.72438,20.39385],[86.73924,20.40081],[86.74645,20.37861],[86.7762,20.40542],[86.78091,20.37862],[86.79727,20.37576],[86.78894,20.37462],[86.78185,20.36586],[86.77879,20.35662],[86.79802,20.3634],[86.74753,20.30697],[86.67984,20.26422],[86.66925,20.27572],[86.68019,20.25994],[86.52044,20.17013],[86.37827,19.96505],[86.40889,19.97039],[86.19384,19.88884],[85.67799,19.74385],[85.34675,19.58455],[84.93021,19.27621],[84.8178,19.1656],[84.76627,19.07814],[84.7028,19.11786],[84.71201,19.15828],[84.67091,19.16604],[84.66732,19.12986],[84.59553,19.13245],[84.62549,19.08491],[84.65897,19.09443],[84.67085,19.07633],[84.61831,19.06587],[84.6009,19.02479],[84.57286,19.07372],[84.49437,19.029],[84.47889,18.98846],[84.42109,19.02199],[84.45243,18.97598],[84.42422,18.94725],[84.43802,18.92046],[84.41802,18.8972],[84.37893,18.90422],[84.39752,18.89028],[84.39213,18.8763],[84.36027,18.89455],[84.37423,18.86139],[84.33053,18.88322],[84.36385,18.83712],[84.32126,18.78649],[84.28866,18.80466],[84.26097,18.78322],[84.22631,18.79877],[84.08946,18.75678],[84.03848,18.81643],[83.89316,18.81447],[83.84601,18.8691],[83.79469,19.01798],[83.74485,18.98798],[83.78446,18.9336],[83.77824,18.91136],[83.70964,19.00216],[83.73002,19.02196],[83.70014,19.02545],[83.62603,19.16267],[83.58446,19.05757],[83.54905,19.08052],[83.53671,19.0095],[83.50094,19.02066],[83.51171,19.07032],[83.46798,19.09312],[83.48335,19.03355],[83.47968,19.00847],[83.44994,19.00966],[83.46183,18.95478],[83.40047,19.0094],[83.34292,19.01814],[83.33878,18.99701],[83.31065,18.99867],[83.33902,18.95278],[83.3265,18.93198],[83.34844,18.92629],[83.35474,18.9673],[83.38738,18.93298],[83.35248,18.94346],[83.41475,18.87496],[83.40588,18.84252],[83.36815,18.84406],[83.33062,18.80635],[83.28434,18.79788],[83.27135,18.76464],[83.22461,18.77509],[83.21245,18.73049],[83.13903,18.78536],[83.05802,18.66531],[83.01313,18.64605],[83.00047,18.60798],[83.02379,18.58965],[83.05279,18.60068],[83.02976,18.57351],[83.04535,18.54418],[83.09504,18.54664],[83.02095,18.45624],[83.04253,18.42423],[83.06731,18.43009],[83.07705,18.40335],[83.05449,18.37999],[83.02192,18.3917],[82.93973,18.36082],[82.89419,18.38157],[82.895,18.4241],[82.85242,18.4192],[82.80314,18.44925],[82.78216,18.43079],[82.79954,18.40675],[82.77409,18.34032],[82.64265,18.30203],[82.63768,18.2367],[82.58779,18.27606],[82.59866,18.30419],[82.58131,18.31517],[82.62123,18.35971],[82.53553,18.40617],[82.5614,18.44849],[82.51942,18.4656],[82.53216,18.51099],[82.50433,18.51387],[82.48275,18.54872],[82.36421,18.42154],[82.38555,18.36751],[82.33822,18.32671],[82.38896,18.32851],[82.39234,18.29795],[82.34466,18.28055],[82.33706,18.2243],[82.31084,18.20409],[82.37232,18.14816],[82.36325,18.13481],[82.33976,18.14983],[82.34074,18.05479],[82.30818,18.04491],[82.29138,18.06891],[82.26161,18.04185],[82.26801,18.0],[82.18781,18.01473],[82.16884,18.05195],[82.03232,18.06932],[81.96297,17.99925],[81.80989,17.95098],[81.72562,17.87886],[81.70917,17.872],[81.69853,17.90135],[81.66973,17.88655],[81.61723,17.8223],[81.57432,17.83717],[81.49005,17.81269],[81.47426,17.83798],[81.39181,17.81542],[81.4002,17.89357],[81.44463,17.88575],[81.48295,17.97682],[81.48041,18.05074],[81.52582,18.1534],[81.507,18.1862],[81.52524,18.25771],[81.5976,18.30891],[81.66223,18.32123],[81.65914,18.34656],[81.75006,18.35275],[81.76887,18.41709],[81.86825,18.52492],[81.90901,18.53807],[81.91069,18.57063],[81.95057,18.57002],[81.96364,18.59044],[81.89459,18.62954],[81.89377,18.65746],[81.94894,18.64371],[81.97098,18.69864],[82.03092,18.72379],[82.08497,18.71859],[82.09158,18.76573],[82.13342,18.76536],[82.16544,18.79862],[82.17615,18.90267],[82.24605,18.91911],[82.23276,19.01794],[82.20225,19.06664],[82.21842,19.09727],[82.20582,19.12413],[82.1661,19.1327],[82.18614,19.16635],[82.15843,19.26517],[82.19412,19.32594],[82.14774,19.37182],[82.17883,19.37905],[82.18944,19.42753],[82.12614,19.42909],[82.10025,19.51659],[82.02908,19.50775],[82.05071,19.54882],[82.04475,19.70888],[82.06555,19.79066],[81.98595,19.80109],[81.96813,19.85989],[81.85316,19.91848],[81.86943,20.04126],[81.94638,20.10513],[82.03256,20.01572],[82.07047,20.05695],[82.18425,19.98419],[82.23712,20.00333],[82.34424,19.83502],[82.44599,19.91019],[82.60343,19.86699],[82.57579,19.83339],[82.59181,19.77586],[82.65216,19.83217],[82.7114,19.84],[82.71545,19.99593],[82.59573,19.99157],[82.39829,20.05818],[82.3858,20.14644],[82.42062,20.20492],[82.41234,20.26704],[82.43781,20.29441],[82.40038,20.34158],[82.43786,20.43439],[82.41763,20.48174],[82.39606,20.45957],[82.3897,20.5176],[82.33223,20.56191],[82.3765,20.63241],[82.34171,20.76776],[82.35119,20.88974],[82.40545,20.87019],[82.41995,20.83156],[82.46449,20.829],[82.48874,20.9094],[82.55915,20.94794],[82.62879,21.03804],[82.61198,21.07469],[82.64991,21.10647],[82.64061,21.15487],[82.75591,21.16643],[82.79368,21.14255],[82.85088,21.16863],[82.88218,21.14843],[82.90211,21.16699],[82.94768,21.16178],[82.96493,21.19327],[82.96556,21.17533],[83.00376,21.16693],[82.99039,21.13981],[83.13149,21.10581],[83.1981,21.14544],[83.22295,21.26577],[83.2713,21.27294],[83.26873,21.37859],[83.40675,21.35142],[83.39893,21.40534],[83.35437,21.44807],[83.33788,21.5021],[83.38268,21.62013],[83.44265,21.65541],[83.45611,21.61],[83.48961,21.63146],[83.41869,21.68065],[83.45948,21.69855],[83.48932,21.74539],[83.46939,21.78756],[83.49291,21.81837],[83.54104,21.79931],[83.53187,21.83096],[83.57691,21.8313],[83.59089,21.8511],[83.57421,21.87511],[83.60592,21.91412],[83.53901,21.96599],[83.55615,22.00782],[83.53672,22.04348],[83.60642,22.06659],[83.56181,22.09892],[83.63037,22.20742],[83.69147,22.24412],[83.75775,22.24034],[83.86426,22.34328],[84.01029,22.37158],[84.04725,22.46922],[83.98007,22.50239],[83.99761,22.53103],[84.14068,22.47392],[84.15613,22.40774],[84.19896,22.37581],[84.25146,22.37808],[84.29533,22.34102],[84.42813,22.35327],[84.48463,22.38885],[84.48244,22.41327],[84.5362,22.42737],[84.74974,22.41899],[84.75932,22.44747],[84.81252,22.45293],[84.83855,22.43093],[84.88239,22.44847],[84.88558,22.42108],[84.91023,22.42328],[84.95667,22.45823],[84.95935,22.44305],[85.05968,22.48645],[85.078,22.47755],[85.06029,22.44956],[85.08653,22.39942],[85.07667,22.35621],[85.116,22.29409],[85.07061,22.27365],[85.03167,22.13309],[84.98695,22.08282],[85.03909,22.11562],[85.09488,22.10836],[85.12007,22.07018],[85.1548,22.07883],[85.17387,22.05138],[85.18057,22.07323],[85.23629,22.0098],[85.2813,22.09043],[85.32309,22.1275],[85.36441,22.12371],[85.37107,22.16099],[85.42115,22.15878],[85.54298,22.09047],[85.59718,22.07912],[85.65162,22.09544],[85.68487,22.05423],[85.80743,22.11611],[85.83586,22.08016],[85.79344,22.08181],[85.76299,21.99614],[85.90689,21.97013],[86.00738,22.11709],[85.99676,22.13245],[86.03143,22.19085],[85.97388,22.24708],[86.04721,22.30896],[86.0137,22.31307],[86.02671,22.33486],[85.99802,22.3416],[86.0272,22.38621],[86.015,22.42873],[85.95712,22.46482],[86.04544,22.56751]]]]}},{"type":"Feature","properties":{"name":"Chandigarh"},"geometry":{"type":"Polygon","coordinates":[[[76.77233,30.79414],[76.78348,30.77057],[76.81865,30.77791],[76.80537,30.76497],[76.84822,30.7303],[76.80746,30.667],[76.73932,30.69286],[76.70518,30.74292],[76.77233,30.79414]]]}},{"type":"Feature","properties":{"name":"Delhi"},"geometry":{"type":"Polygon","coordinates":[[[77.08266,28.8835],[77.14032,28.86206],[77.14597,28.83792],[77.21424,28.85582],[77.20263,28.79246],[77.23415,28.78372],[77.29152,28.70615],[77.33108,28.7131],[77.31627,28.64122],[77.34242,28.60888],[77.29709,28.56597],[77.34741,28.51839],[77.3141,28.48361],[77.29027,28.49654],[77.2433,28.47882],[77.25016,28.42608],[77.21661,28.40973],[77.17448,28.40467],[77.12859,28.44093],[77.12073,28.49594],[77.09313,28.5141],[77.00665,28.54141],[77.01022,28.51435],[76.88545,28.50114],[76.84241,28.5563],[76.83953,28.58279],[76.86431,28.586],[76.88785,28.63166],[76.94299,28.628],[76.92496,28.65015],[76.96783,28.69963],[76.9482,28.71299],[76.94835,28.81537],[76.99481,28.83951],[77.04023,28.83206],[77.08266,28.8835]]]}},{"type":"Feature","properties":{"name":"Gujarat"},"geometry":{"type":"MultiPolygon","coordinates":[[[[73.00548,20.23197],[72.97905,20.21558],[72.97923,20.23403],[73.00548,20.23197]]],[[[71.17083,20.76507],[71.17043,20.76457],[71.17139,20.76534],[71.17083,20.76507]]],[[[71.17219,20.7662],[71.17232,20.76559],[71.17123,20.76542],[71.17219,20.7662]]],[[[71.17522,20.76671],[71.17623,20.76657],[71.17513,20.76649],[71.17522,20.76671]]],[[[71.25706,20.81334],[71.25423,20.81235],[71.25456,20.81398],[71.25706,20.81334]]],[[[71.26315,20.81634],[71.26079,20.81596],[71.26277,20.81691],[71.26315,20.81634]]],[[[71.27104,20.82036],[71.26936,20.81946],[71.26889,20.82115],[71.27104,20.82036]]],[[[71.3049,20.83254],[71.30314,20.83098],[71.3025,20.83108],[71.3049,20.83254]]],[[[71.30906,20.83289],[71.30799,20.83228],[71.30761,20.83234],[71.30906,20.83289]]],[[[71.30399,20.83438],[71.30317,20.83372],[71.30277,20.83394],[71.30399,20.83438]]],[[[71.45641,20.87849],[71.45722,20.87763],[71.45611,20.87828],[71.45641,20.87849]]],[[[71.53663,20.90411],[71.53638,20.90381],[71.53623,20.90396],[71.53663,20.90411]]],[[[71.53426,20.90401],[71.5348,20.90345],[71.534,20.90362],[71.53426,20.90401]]],[[[71.53378,20.90405],[71.53342,20.90396],[71.53372,20.90413],[71.53378,20.90405]]],[[[71.52816,20.90477],[71.53243,20.90294],[71.52566,20.90366],[71.52816,20.90477]]],[[[71.54676,20.91365],[71.54673,20.91305],[71.54598,20.91319],[71.54676,20.91365]]],[[[71.54567,20.91393],[71.54476,20.91361],[71.54542,20.91428],[71.54567,20.91393]]],[[[71.51278,20.91108],[71.5245,20.90492],[71.50991,20.9039],[71.51278,20.91108]]],[[[71.52125,20.9131],[71.52021,20.91327],[71.52126,20.91347],[71.52125,20.9131]]],[[[71.67553,20.98448],[71.67515,20.98411],[71.6751,20.98443],[71.67553,20.98448]]],[[[71.6767,20.98809],[71.6751,20.98804],[71.67626,20.98951],[71.6767,20.98809]]],[[[71.68643,20.9939],[71.68524,20.99292],[71.68509,20.99299],[71.68643,20.9939]]],[[[71.67684,20.99221],[71.67555,20.99265],[71.67719,20.99386],[71.67684,20.99221]]],[[[71.71019,20.99749],[71.70734,20.99756],[71.71063,20.99815],[71.71019,20.99749]]],[[[71.65738,20.99624],[71.65682,20.99481],[71.65535,20.99508],[71.65738,20.99624]]],[[[71.69815,20.99844],[71.70377,20.99721],[71.69645,20.99741],[71.69815,20.99844]]],[[[71.91521,21.10716],[71.91648,21.1072],[71.9159,21.10642],[71.91521,21.10716]]],[[[72.01218,21.13403],[72.01204,21.13297],[72.01099,21.13361],[72.01218,21.13403]]],[[[72.03503,21.15556],[72.03315,21.15559],[72.03512,21.15689],[72.03503,21.15556]]],[[[72.04718,21.16152],[72.04555,21.1607],[72.04622,21.162],[72.04718,21.16152]]],[[[72.06799,21.17689],[72.06681,21.17699],[72.06807,21.17725],[72.06799,21.17689]]],[[[72.08375,21.18653],[72.08363,21.18617],[72.08349,21.1864],[72.08375,21.18653]]],[[[72.75562,21.5764],[72.74417,21.58022],[72.77067,21.59735],[72.75562,21.5764]]],[[[72.36116,21.59569],[72.3551,21.59249],[72.35031,21.60843],[72.36116,21.59569]]],[[[72.74951,21.65606],[72.74948,21.65173],[72.74841,21.6544],[72.74951,21.65606]]],[[[72.74002,21.64476],[72.8159,21.65285],[72.81978,21.62386],[72.70194,21.59207],[72.64221,21.53225],[72.57519,21.53233],[72.58017,21.58571],[72.60047,21.57793],[72.5988,21.54867],[72.61742,21.54697],[72.60696,21.58758],[72.6266,21.62883],[72.6719,21.64532],[72.74002,21.64476]]],[[[72.75335,21.65792],[72.75583,21.65467],[72.75062,21.65401],[72.75335,21.65792]]],[[[72.73584,21.65416],[72.72533,21.65073],[72.73702,21.65975],[72.73584,21.65416]]],[[[72.74103,21.65523],[72.74628,21.65623],[72.74038,21.6473],[72.74103,21.65523]]],[[[72.74586,21.65935],[72.74346,21.66052],[72.74729,21.66118],[72.74586,21.65935]]],[[[72.73399,21.66493],[72.72417,21.65261],[72.71515,21.65952],[72.72994,21.66189],[72.73399,21.66493]]],[[[72.72484,21.67036],[72.72845,21.66241],[72.7167,21.66353],[72.72484,21.67036]]],[[[69.32411,22.30341],[69.32461,22.30309],[69.32381,22.30307],[69.32411,22.30341]]],[[[69.31033,22.30521],[69.31008,22.30504],[69.31022,22.30533],[69.31033,22.30521]]],[[[69.32852,22.33653],[69.32758,22.33656],[69.32802,22.33719],[69.32852,22.33653]]],[[[69.4415,22.35691],[69.45899,22.35212],[69.43828,22.35385],[69.4415,22.35691]]],[[[69.55001,22.37424],[69.54872,22.37283],[69.54608,22.37559],[69.55001,22.37424]]],[[[69.48201,22.38811],[69.48524,22.38858],[69.47737,22.38683],[69.47872,22.38824],[69.48201,22.38811]]],[[[69.18301,22.36687],[69.18519,22.36671],[69.18492,22.36418],[69.18301,22.36687]]],[[[69.1948,22.37415],[69.19448,22.36808],[69.19092,22.36981],[69.1948,22.37415]]],[[[69.33513,22.38662],[69.3327,22.37282],[69.32336,22.38129],[69.33513,22.38662]]],[[[69.48449,22.39482],[69.47615,22.38903],[69.47889,22.39795],[69.48449,22.39482]]],[[[69.21712,22.38273],[69.21665,22.38259],[69.21682,22.38292],[69.21712,22.38273]]],[[[69.21482,22.38376],[69.21385,22.38273],[69.21296,22.38453],[69.21482,22.38376]]],[[[69.20098,22.38635],[69.20032,22.38721],[69.20186,22.38701],[69.20098,22.38635]]],[[[69.20523,22.38971],[69.20509,22.38959],[69.20503,22.38971],[69.20523,22.38971]]],[[[69.20409,22.38973],[69.20359,22.38967],[69.20352,22.38986],[69.20409,22.38973]]],[[[69.20601,22.39639],[69.20534,22.39567],[69.20593,22.3969],[69.20601,22.39639]]],[[[69.20948,22.40016],[69.20942,22.39997],[69.2094,22.40017],[69.20948,22.40016]]],[[[69.20843,22.40144],[69.20865,22.40113],[69.20832,22.40126],[69.20843,22.40144]]],[[[69.20686,22.40373],[69.20823,22.40286],[69.20844,22.40231],[69.20694,22.40309],[69.20686,22.40373]]],[[[69.20596,22.40501],[69.20556,22.40478],[69.20574,22.40524],[69.20596,22.40501]]],[[[69.27842,22.41717],[69.28047,22.41593],[69.27817,22.41601],[69.27842,22.41717]]],[[[69.73759,22.44923],[69.73691,22.44888],[69.73611,22.44937],[69.73759,22.44923]]],[[[69.73844,22.44836],[69.73563,22.44828],[69.73519,22.44923],[69.73844,22.44836]]],[[[69.50459,22.4344],[69.55128,22.40765],[69.55797,22.37591],[69.54084,22.38055],[69.5188,22.37243],[69.50459,22.4344]]],[[[69.27732,22.41858],[69.27797,22.41925],[69.27793,22.41867],[69.27732,22.41858]]],[[[69.16735,22.41209],[69.16604,22.41144],[69.16575,22.41326],[69.16735,22.41209]]],[[[69.62893,22.45885],[69.65681,22.42694],[69.6365,22.40572],[69.59035,22.43072],[69.62893,22.45885]]],[[[69.07186,22.42978],[69.07157,22.42978],[69.07168,22.42993],[69.07186,22.42978]]],[[[69.05321,22.43033],[69.05277,22.43009],[69.05276,22.43033],[69.05321,22.43033]]],[[[69.11055,22.43693],[69.11032,22.43672],[69.11022,22.43683],[69.11055,22.43693]]],[[[69.06917,22.43828],[69.06886,22.43798],[69.06913,22.4383],[69.06917,22.43828]]],[[[69.80442,22.49234],[69.79994,22.49251],[69.80404,22.49338],[69.80442,22.49234]]],[[[69.30447,22.47256],[69.30456,22.4707],[69.30374,22.47214],[69.30447,22.47256]]],[[[69.31118,22.45119],[69.31664,22.47241],[69.32714,22.45926],[69.31118,22.45119]]],[[[69.94506,22.53119],[69.94507,22.52967],[69.94311,22.53099],[69.94506,22.53119]]],[[[69.13752,22.47622],[69.15024,22.46884],[69.14474,22.45045],[69.11542,22.46679],[69.08579,22.42096],[69.09397,22.46091],[69.13752,22.47622]]],[[[69.94456,22.52537],[69.93295,22.51928],[69.93837,22.53231],[69.94456,22.52537]]],[[[69.92836,22.53083],[69.93373,22.52419],[69.92922,22.52258],[69.92836,22.53083]]],[[[69.95681,22.53494],[69.95437,22.5344],[69.95732,22.536],[69.95681,22.53494]]],[[[69.93283,22.54063],[69.93104,22.53867],[69.93039,22.53921],[69.93283,22.54063]]],[[[69.9639,22.54215],[69.96018,22.54382],[69.96399,22.54236],[69.9639,22.54215]]],[[[70.04016,22.55284],[70.05937,22.53743],[70.04611,22.52362],[70.04016,22.55284]]],[[[70.02421,22.55271],[70.01731,22.54804],[70.01206,22.5497],[70.02421,22.55271]]],[[[69.08675,22.48705],[69.08649,22.48824],[69.08827,22.48967],[69.08675,22.48705]]],[[[70.01187,22.55437],[70.00507,22.54993],[69.99642,22.54926],[70.01187,22.55437]]],[[[69.9313,22.54373],[69.91866,22.51336],[69.86367,22.52822],[69.89098,22.52441],[69.9313,22.54373]]],[[[69.93993,22.54867],[69.95363,22.53862],[69.94209,22.53741],[69.93993,22.54867]]],[[[70.02434,22.55612],[70.01619,22.5574],[70.02513,22.55888],[70.02434,22.55612]]],[[[70.04613,22.56959],[70.03919,22.5646],[70.04518,22.57136],[70.04613,22.56959]]],[[[69.40399,22.52818],[69.40304,22.52773],[69.40368,22.5287],[69.40399,22.52818]]],[[[69.3239,22.52655],[69.35415,22.52387],[69.36346,22.5122],[69.336,22.50696],[69.3239,22.52655]]],[[[69.9336,22.57841],[69.93205,22.57825],[69.93285,22.579],[69.9336,22.57841]]],[[[70.04693,22.59385],[70.04498,22.59434],[70.04707,22.59472],[70.04693,22.59385]]],[[[70.01195,22.58919],[70.0229,22.5653],[69.95978,22.54947],[69.96551,22.57472],[70.01195,22.58919]]],[[[69.96247,22.59953],[69.96063,22.5986],[69.96181,22.60028],[69.96247,22.59953]]],[[[69.95403,22.60306],[69.95869,22.60221],[69.96317,22.60039],[69.96337,22.59894],[69.9619,22.59651],[69.96276,22.60031],[69.95454,22.6027],[69.95183,22.59841],[69.95403,22.60306]]],[[[70.45244,22.98747],[70.42974,22.97599],[70.45632,22.99767],[70.45244,22.98747]]],[[[70.13235,22.98308],[70.12912,22.98193],[70.1315,22.98532],[70.13235,22.98308]]],[[[70.45341,23.04492],[70.45078,23.04389],[70.453,23.04615],[70.45341,23.04492]]],[[[70.45743,23.03527],[70.44833,23.02664],[70.45963,23.0472],[70.45743,23.03527]]],[[[70.4215,23.03507],[70.44196,23.04665],[70.41675,23.02304],[70.4215,23.03507]]],[[[70.41347,22.98667],[70.41558,23.01715],[70.44933,23.04939],[70.43121,23.00624],[70.41347,22.98667]]],[[[70.45972,23.05564],[70.45848,23.05384],[70.45749,23.05421],[70.45972,23.05564]]],[[[70.46956,23.05824],[70.46392,23.0567],[70.47013,23.05893],[70.46956,23.05824]]],[[[70.47973,23.05672],[70.46253,23.05128],[70.48344,23.06272],[70.47973,23.05672]]],[[[70.25646,23.17377],[70.25781,23.17064],[70.25662,23.17062],[70.25646,23.17377]]],[[[70.24957,23.17698],[70.25599,23.17538],[70.25261,23.17087],[70.24957,23.17698]]],[[[68.52532,23.68969],[68.54743,23.67495],[68.52204,23.65348],[68.52532,23.68969]]],[[[71.28662,24.61661],[71.34817,24.66094],[71.3778,24.62597],[71.44772,24.66839],[71.5289,24.6847],[71.6076,24.67655],[71.65537,24.63919],[71.79153,24.67734],[71.8059,24.62675],[71.85217,24.60936],[71.87175,24.68177],[71.91861,24.67211],[71.93987,24.6338],[71.9883,24.65753],[71.99383,24.69506],[72.06133,24.71211],[72.0852,24.70641],[72.08982,24.6587],[72.16481,24.62128],[72.19657,24.61472],[72.23037,24.64061],[72.30499,24.61755],[72.34733,24.62846],[72.33559,24.59858],[72.27634,24.60753],[72.2464,24.58561],[72.29544,24.54663],[72.35373,24.56376],[72.38858,24.50768],[72.44108,24.51533],[72.43022,24.48017],[72.45724,24.4148],[72.50042,24.41705],[72.49319,24.45908],[72.53824,24.51968],[72.57594,24.47885],[72.68336,24.46388],[72.68915,24.41173],[72.73086,24.3643],[72.84976,24.37204],[72.91073,24.33721],[72.97512,24.3688],[72.95361,24.39233],[72.99101,24.4776],[73.03523,24.46385],[73.08788,24.49765],[73.10283,24.43301],[73.0765,24.3966],[73.15257,24.35384],[73.19919,24.37651],[73.21926,24.3639],[73.19857,24.33193],[73.17635,24.33788],[73.16922,24.3003],[73.13544,24.30843],[73.06545,24.1939],[73.12522,24.12486],[73.21265,24.07585],[73.19314,24.041],[73.24279,24.00228],[73.31739,24.05321],[73.32701,24.10922],[73.36199,24.10466],[73.40255,24.0443],[73.42083,23.93082],[73.36112,23.8727],[73.35184,23.7914],[73.37077,23.76526],[73.41802,23.77681],[73.47352,23.70523],[73.50739,23.70304],[73.49377,23.63234],[73.52308,23.6069],[73.57266,23.65377],[73.61548,23.65212],[73.65566,23.62129],[73.63307,23.52869],[73.65636,23.50746],[73.62721,23.44857],[73.64746,23.43645],[73.6974,23.45667],[73.72081,23.41013],[73.75573,23.45432],[73.78628,23.43023],[73.82871,23.44769],[73.89193,23.33411],[73.93566,23.33973],[73.9575,23.37954],[73.9814,23.33814],[74.02865,23.33167],[74.03816,23.29345],[74.10058,23.29381],[74.13264,23.26619],[74.12148,23.17619],[74.17888,23.14728],[74.20121,23.1893],[74.2408,23.18469],[74.28712,23.11712],[74.27889,23.09219],[74.34638,23.02531],[74.36546,22.9759],[74.3395,22.95289],[74.39341,22.8966],[74.41848,22.91704],[74.46076,22.90684],[74.47604,22.8531],[74.46477,22.81639],[74.43378,22.8079],[74.37906,22.63443],[74.26356,22.64397],[74.21003,22.56426],[74.1833,22.56649],[74.15067,22.52127],[74.07464,22.5514],[74.03789,22.53451],[74.03339,22.4899],[74.08252,22.50678],[74.07533,22.4643],[74.10415,22.46453],[74.11911,22.41876],[74.14921,22.45566],[74.16045,22.43121],[74.18413,22.44154],[74.1934,22.47548],[74.20162,22.43451],[74.25279,22.43295],[74.29118,22.39401],[74.25674,22.39965],[74.22388,22.35637],[74.20404,22.36671],[74.19033,22.32026],[74.12786,22.33274],[74.10507,22.37181],[74.06477,22.35461],[74.05238,22.29409],[74.08718,22.24279],[74.07217,22.21916],[74.12233,22.2124],[74.12446,22.09791],[74.15256,22.10601],[74.17865,22.08548],[74.09214,22.01483],[74.15059,21.98659],[74.14647,21.94672],[73.79595,21.82473],[73.82743,21.80991],[73.82486,21.75956],[73.89182,21.69215],[73.88801,21.65325],[73.78051,21.62859],[73.81413,21.60109],[73.85356,21.49747],[73.90423,21.52451],[73.95175,21.51269],[73.95508,21.54083],[73.98227,21.5226],[73.97419,21.54328],[74.00584,21.55276],[74.13696,21.54686],[74.16674,21.56904],[74.19584,21.53206],[74.30246,21.56636],[74.33116,21.55242],[74.32079,21.4985],[74.25356,21.46774],[74.21416,21.48168],[74.19782,21.45875],[74.12518,21.46665],[74.10071,21.44763],[74.06293,21.47455],[74.04462,21.41919],[73.93893,21.40502],[73.94217,21.29927],[73.87961,21.26596],[73.82287,21.27086],[73.81576,21.17396],[73.74009,21.17112],[73.71897,21.13976],[73.66749,21.15463],[73.63464,21.14088],[73.60645,21.17876],[73.57742,21.17075],[73.61846,21.11846],[73.68895,21.10079],[73.74376,21.11518],[73.72993,21.08243],[73.78033,21.06453],[73.80774,21.08489],[73.80013,21.03876],[73.9013,20.9823],[73.8882,20.93359],[73.94033,20.83945],[73.94266,20.74208],[73.87442,20.72953],[73.85517,20.69225],[73.81185,20.69203],[73.83839,20.62046],[73.77539,20.60022],[73.74456,20.56492],[73.65268,20.56487],[73.59951,20.6369],[73.52049,20.67885],[73.48923,20.65573],[73.47465,20.72039],[73.44918,20.71718],[73.4443,20.6811],[73.39256,20.6451],[73.42958,20.5952],[73.47315,20.58464],[73.4753,20.54333],[73.49362,20.53807],[73.41957,20.41307],[73.37977,20.3935],[73.41267,20.36088],[73.42121,20.20659],[73.3893,20.19262],[73.3825,20.21173],[73.36475,20.19558],[73.3565,20.213],[73.29906,20.20917],[73.24925,20.12233],[73.22568,20.14015],[73.21057,20.12049],[73.18776,20.1286],[73.18967,20.16426],[73.21772,20.18593],[73.16829,20.20823],[73.13299,20.20577],[73.14187,20.17736],[73.11506,20.15189],[73.07928,20.17324],[73.06024,20.16189],[73.06365,20.22776],[73.09774,20.2293],[73.1663,20.28787],[73.15078,20.31834],[73.10281,20.30178],[73.0958,20.36133],[73.07717,20.32348],[73.04174,20.32599],[73.03429,20.29163],[73.00615,20.3128],[73.01005,20.29121],[72.97119,20.26906],[72.93795,20.29439],[72.91239,20.27535],[72.9625,20.20965],[72.85874,20.22474],[72.81604,20.18444],[72.82447,20.14202],[72.78862,20.14932],[72.79411,20.12334],[72.74,20.13481],[72.74242,20.2412],[72.77881,20.335],[72.83594,20.37332],[72.89659,20.37987],[72.88276,20.39785],[72.90405,20.41498],[72.85725,20.41978],[72.89532,20.44431],[72.85812,20.46564],[72.88594,20.49768],[72.89789,20.58663],[72.85294,20.75681],[72.82021,20.7938],[72.83924,20.80525],[72.78017,20.92115],[72.81998,20.9275],[72.82037,20.9523],[72.75465,20.93866],[72.72216,21.03773],[72.72618,21.06103],[72.74893,21.05722],[72.74119,21.07446],[72.70247,21.09616],[72.68479,21.08297],[72.66982,21.11504],[72.64154,21.08515],[72.6199,21.10075],[72.65735,21.22465],[72.62226,21.24259],[72.60034,21.28987],[72.60117,21.38862],[72.67933,21.43996],[72.6873,21.45244],[72.61312,21.40011],[72.57958,21.41386],[72.70283,21.52567],[72.75,21.52752],[72.77022,21.56252],[72.76006,21.56033],[72.75445,21.56628],[72.80224,21.58721],[72.83015,21.62845],[72.82846,21.65091],[72.86791,21.64222],[72.87724,21.67256],[72.96298,21.67403],[72.86191,21.68759],[72.80129,21.65769],[72.73808,21.69097],[72.60809,21.68806],[72.54355,21.66051],[72.53247,21.7181],[72.60717,21.75305],[72.59302,21.80492],[72.62043,21.82993],[72.62335,21.88375],[72.64817,21.89731],[72.69127,21.88258],[72.6919,21.94187],[72.74829,21.96746],[72.72522,21.99647],[72.70781,21.9534],[72.63999,21.95683],[72.54536,21.91099],[72.52797,21.93702],[72.54786,21.96439],[72.53054,21.95508],[72.52589,21.95987],[72.54854,21.99105],[72.54316,22.12634],[72.58096,22.19915],[72.64996,22.21546],[72.78268,22.15757],[72.78276,22.19287],[72.8538,22.23885],[72.84922,22.27495],[72.69896,22.19991],[72.62418,22.23391],[72.54373,22.22307],[72.30003,22.03337],[72.26887,21.9706],[72.21167,21.96207],[72.2042,21.89107],[72.24246,21.82981],[72.23548,21.81204],[72.20282,21.81906],[72.30613,21.62601],[72.23535,21.45601],[72.10784,21.30247],[72.08267,21.24514],[72.11205,21.19863],[72.08767,21.19188],[72.01779,21.15391],[72.01023,21.13467],[71.89833,21.10994],[71.81308,21.06747],[71.80586,21.03806],[71.71668,21.02075],[71.64708,20.9942],[71.64771,20.97465],[71.60749,20.97796],[71.56558,20.94895],[71.51665,20.94812],[71.43998,20.86952],[71.37992,20.87426],[71.38407,20.85676],[71.32173,20.84665],[71.20916,20.80085],[71.14585,20.7578],[71.08651,20.75555],[71.07182,20.73459],[70.99949,20.74223],[70.98101,20.72269],[70.91949,20.7431],[70.82179,20.69136],[70.43772,20.8529],[70.18135,21.03606],[69.61596,21.62455],[69.21655,21.95751],[68.95822,22.2381],[68.93576,22.31183],[68.97713,22.40355],[68.98177,22.4016],[68.99637,22.4016],[69.0,22.4041],[68.98448,22.41344],[69.06812,22.48138],[69.08362,22.47459],[69.03947,22.44571],[69.03564,22.39019],[69.11049,22.40994],[69.12117,22.37564],[69.19474,22.42191],[69.13379,22.22264],[69.1364,22.19555],[69.15575,22.19514],[69.1903,22.24364],[69.21282,22.21035],[69.25282,22.26644],[69.28383,22.25458],[69.2928,22.28679],[69.33605,22.30507],[69.33273,22.32783],[69.42319,22.31601],[69.54044,22.37721],[69.59766,22.34616],[69.61735,22.34542],[69.62113,22.37183],[69.65537,22.35957],[69.66091,22.39624],[69.70216,22.39869],[69.69615,22.45253],[69.73069,22.48455],[69.73283,22.44283],[69.78972,22.41377],[69.79758,22.40458],[69.79124,22.38357],[69.79185,22.38017],[69.79653,22.37774],[69.83282,22.44707],[69.871,22.42297],[69.93985,22.48279],[69.97926,22.46817],[69.98766,22.51047],[70.07312,22.51783],[70.12021,22.48635],[70.12415,22.51262],[70.18472,22.52216],[70.17918,22.56752],[70.26351,22.65346],[70.27869,22.72527],[70.46232,22.83131],[70.49109,22.88989],[70.53515,22.91206],[70.43266,22.96706],[70.54166,22.95958],[70.5617,23.029],[70.60216,23.03425],[70.59712,23.06094],[70.76544,23.14538],[70.76762,23.16703],[70.78718,23.15069],[70.81607,23.16457],[70.82856,23.07991],[70.85822,23.12971],[70.82756,23.15742],[70.95923,23.19482],[70.86292,23.19236],[70.89313,23.2247],[70.8331,23.24989],[70.81225,23.23007],[70.76768,23.2461],[70.728,23.20586],[70.6508,23.2239],[70.64902,23.19204],[70.57896,23.17771],[70.50124,23.17812],[70.42476,23.23725],[70.30193,23.22369],[70.26757,23.17846],[70.24968,23.17789],[70.20877,23.16035],[70.14929,23.037],[70.21082,23.07463],[70.22641,22.95182],[70.16439,22.93828],[70.12112,22.96263],[70.13341,22.98111],[70.13379,23.00157],[70.15814,23.0323],[70.14821,23.03482],[70.10384,22.98001],[69.96224,22.89359],[69.66612,22.79746],[69.57562,22.81773],[69.47734,22.79552],[69.41822,22.81267],[69.4947,22.77987],[69.47176,22.77375],[69.38122,22.81877],[69.19583,22.83803],[68.81296,23.05793],[68.87028,23.02722],[68.81515,23.07703],[68.8118,23.05878],[68.75859,23.08035],[68.74986,23.08801],[68.76356,23.08755],[68.76514,23.07902],[68.77003,23.07734],[68.77848,23.07755],[68.78154,23.08328],[68.77234,23.07831],[68.76011,23.09977],[68.78364,23.12001],[68.74586,23.11002],[68.71225,23.15143],[68.68278,23.15269],[68.66917,23.2182],[68.62099,23.20573],[68.72452,23.25513],[68.69931,23.28419],[68.71351,23.31796],[68.6814,23.31185],[68.66051,23.34745],[68.65234,23.30314],[68.62038,23.37401],[68.54349,23.42021],[68.54627,23.46506],[68.52892,23.44977],[68.48359,23.54871],[68.51064,23.63948],[68.52902,23.6358],[68.52073,23.64959],[68.56796,23.68494],[68.54829,23.69181],[68.55719,23.71663],[68.58724,23.70263],[68.63216,23.72782],[68.61848,23.73802],[68.64885,23.7389],[68.65179,23.79438],[68.68149,23.79496],[68.71124,23.83017],[68.69271,23.84442],[68.58083,23.82099],[68.527,23.74582],[68.42098,23.73321],[68.38893,23.59562],[68.27808,23.55973],[68.184,23.587],[68.20767,23.58616],[68.17766,23.61919],[68.20847,23.65067],[68.18257,23.65504],[68.20666,23.66889],[68.18165,23.72163],[68.19953,23.84709],[68.27574,23.92877],[68.32865,23.92235],[68.33903,23.96695],[68.36893,23.98477],[68.38966,23.96659],[68.75303,23.97131],[68.7647,24.29584],[68.80823,24.3136],[68.83071,24.31186],[68.86482,24.21278],[68.94528,24.30249],[69.00533,24.22312],[69.09475,24.27449],[69.19375,24.23611],[69.31274,24.2816],[69.49401,24.26778],[69.59445,24.2924],[69.73121,24.17106],[70.02506,24.17128],[70.06681,24.19916],[70.10987,24.29497],[70.36846,24.35077],[70.57312,24.42236],[70.60247,24.40812],[70.56204,24.35446],[70.58453,24.29036],[70.57123,24.25173],[70.66694,24.21958],[70.80546,24.22085],[70.90726,24.25878],[70.87451,24.29449],[70.94768,24.34805],[70.98654,24.36471],[71.04213,24.35125],[71.12184,24.40566],[71.10307,24.4357],[70.99857,24.44443],[70.98626,24.59546],[71.00946,24.63542],[71.09649,24.68872],[71.28662,24.61661]],[[74.17523,22.41806],[74.15737,22.41164],[74.17916,22.38799],[74.17523,22.41806]],[[72.96112,20.33242],[72.97084,20.29686],[72.9791,20.33224],[72.96112,20.33242]]]]}},{"type":"Feature","properties":{"name":"Haryana"},"geometry":{"type":"MultiPolygon","coordinates":[[[[76.44074,28.12078],[76.42285,28.11432],[76.42928,28.13851],[76.44074,28.12078]]],[[[76.8224,30.92854],[76.86958,30.87312],[76.91687,30.90077],[76.95125,30.85052],[76.94264,30.81743],[77.01252,30.80919],[77.01751,30.74342],[77.09353,30.74233],[77.16121,30.69093],[77.17377,30.60056],[77.12173,30.56294],[77.19504,30.52257],[77.21351,30.46841],[77.22809,30.48545],[77.30872,30.44916],[77.35358,30.46075],[77.40954,30.40979],[77.45901,30.4581],[77.46156,30.43461],[77.42382,30.41075],[77.44532,30.396],[77.49871,30.40582],[77.5198,30.44539],[77.54679,30.39601],[77.60459,30.36739],[77.5831,30.30761],[77.53825,30.27796],[77.48053,30.18422],[77.42569,30.15812],[77.40316,30.11175],[77.42386,30.10321],[77.27778,30.04181],[77.27766,30.00024],[77.18576,29.90753],[77.20203,29.8689],[77.1792,29.81267],[77.11981,29.76008],[77.15655,29.69258],[77.1062,29.63233],[77.10953,29.59743],[77.08395,29.58724],[77.12684,29.55945],[77.09637,29.51949],[77.13331,29.48306],[77.13325,29.40084],[77.15741,29.38731],[77.1233,29.37034],[77.12953,29.34258],[77.16115,29.33236],[77.13141,29.21749],[77.13397,29.096],[77.18912,29.02767],[77.1959,28.93933],[77.23123,28.92053],[77.2281,28.88119],[77.19546,28.88621],[77.20992,28.85772],[77.15775,28.83669],[77.08266,28.8835],[77.04023,28.83206],[76.99481,28.83951],[76.95101,28.81818],[76.9482,28.71299],[76.96783,28.69963],[76.92496,28.65015],[76.94299,28.628],[76.88833,28.63196],[76.83889,28.57328],[76.88545,28.50114],[77.01022,28.51435],[77.00665,28.54141],[77.09345,28.51395],[77.12073,28.49594],[77.12363,28.44546],[77.17448,28.40467],[77.2493,28.42418],[77.2433,28.47882],[77.29027,28.49654],[77.3141,28.48361],[77.34511,28.51323],[77.40006,28.45564],[77.47763,28.41906],[77.50482,28.36999],[77.47121,28.33482],[77.50707,28.30569],[77.49269,28.25198],[77.55042,28.24236],[77.52128,28.22444],[77.53026,28.19861],[77.49696,28.20535],[77.50119,28.18167],[77.54964,28.17975],[77.5021,28.16118],[77.49136,28.13654],[77.51236,28.12484],[77.47435,28.08672],[77.50124,28.05852],[77.48364,28.04045],[77.54243,27.98909],[77.51872,27.96213],[77.54608,27.95793],[77.5293,27.92526],[77.47528,27.92925],[77.46092,27.8762],[77.42013,27.89044],[77.42186,27.85438],[77.34833,27.85555],[77.24174,27.78354],[77.20207,27.82376],[77.17702,27.78547],[77.18944,27.80902],[77.15951,27.81634],[77.13522,27.77509],[77.0448,27.82098],[77.02658,27.77924],[77.07635,27.76632],[77.08566,27.73809],[77.0001,27.73697],[76.97937,27.6536],[76.94377,27.67372],[76.91155,27.65403],[76.88934,27.69715],[76.92473,27.69992],[76.89255,27.73233],[76.91358,27.8317],[76.94232,27.84262],[76.93061,27.99335],[76.97055,28.13843],[76.86814,28.21973],[76.8084,28.21086],[76.79481,28.14838],[76.65727,28.0893],[76.66816,28.01383],[76.58989,27.99786],[76.54814,27.96384],[76.54382,28.03421],[76.45467,28.04233],[76.50124,28.05969],[76.44784,28.08896],[76.46369,28.10916],[76.49905,28.1002],[76.47574,28.14858],[76.38173,28.13324],[76.34525,28.1694],[76.29227,28.17922],[76.29758,28.14912],[76.35986,28.12492],[76.30144,28.09787],[76.35567,28.07073],[76.34236,28.03058],[76.29898,28.02271],[76.26096,28.06753],[76.23804,28.04972],[76.1804,28.05452],[76.2148,28.02658],[76.17689,28.02155],[76.15778,27.98898],[76.18664,27.96548],[76.16821,27.90338],[76.20146,27.89254],[76.21733,27.81681],[76.17496,27.79807],[76.08888,27.86054],[76.04808,27.83498],[75.97137,27.85197],[75.98749,27.90416],[75.93236,27.93014],[75.95168,27.94773],[75.97272,27.93267],[75.99994,27.97758],[75.9658,27.98361],[75.99554,28.00689],[75.97273,28.02364],[76.01639,28.03051],[76.00828,28.05839],[76.0408,28.07406],[76.02324,28.08599],[75.98441,28.04709],[75.98343,28.08135],[75.9386,28.08794],[75.94556,28.10716],[75.99899,28.12277],[76.03179,28.16786],[76.07069,28.16515],[76.0747,28.13714],[76.09545,28.15086],[76.04734,28.19814],[76.056,28.22028],[76.01611,28.23695],[76.02633,28.27503],[75.95784,28.31383],[75.91824,28.372],[75.81867,28.40991],[75.77679,28.40037],[75.78829,28.45355],[75.63348,28.54444],[75.62171,28.60207],[75.56152,28.61321],[75.5361,28.74517],[75.50326,28.78253],[75.52025,28.83399],[75.4734,28.92338],[75.51156,28.94206],[75.522,29.00375],[75.44572,29.00832],[75.44182,29.05754],[75.39126,29.06273],[75.40216,29.1279],[75.3715,29.1381],[75.41438,29.18431],[75.39682,29.21754],[75.4107,29.25548],[75.37802,29.25683],[75.34984,29.22377],[75.32812,29.23531],[75.34061,29.28113],[75.32205,29.28949],[75.23839,29.23024],[75.18801,29.26819],[75.11961,29.22287],[75.07554,29.22969],[75.05,29.28608],[74.96117,29.28058],[74.93828,29.36203],[74.85058,29.40359],[74.7622,29.35438],[74.65823,29.37197],[74.65451,29.33294],[74.59929,29.32746],[74.60291,29.36491],[74.53466,29.44772],[74.54377,29.46797],[74.58466,29.45849],[74.62189,29.52225],[74.57497,29.56432],[74.61594,29.75227],[74.58749,29.76691],[74.57811,29.74799],[74.50314,29.74275],[74.47334,29.77007],[74.48464,29.81489],[74.56106,29.86978],[74.54383,29.90168],[74.50979,29.90842],[74.53157,29.94967],[74.65081,29.90508],[74.70687,29.97699],[74.73099,29.96146],[74.81146,29.9924],[74.85542,29.95649],[74.88796,29.96672],[74.8972,29.93969],[74.92671,29.95049],[74.99099,29.86782],[75.06999,29.87705],[75.09878,29.91278],[75.11474,29.87865],[75.0901,29.854],[75.1189,29.83158],[75.10059,29.80708],[75.13511,29.80729],[75.15099,29.77552],[75.16564,29.82604],[75.21031,29.83288],[75.20854,29.79267],[75.24135,29.75049],[75.20064,29.72648],[75.2068,29.68751],[75.1676,29.66954],[75.18307,29.6284],[75.23538,29.60307],[75.23537,29.54207],[75.30948,29.56083],[75.31994,29.58741],[75.29574,29.62503],[75.33377,29.67347],[75.36017,29.6626],[75.34573,29.696],[75.39214,29.71316],[75.40632,29.76125],[75.45398,29.782],[75.45954,29.80751],[75.52304,29.7584],[75.56212,29.77022],[75.57998,29.73909],[75.62745,29.74836],[75.64246,29.77509],[75.70645,29.7532],[75.72068,29.81354],[75.77883,29.82234],[75.83776,29.81302],[75.87025,29.7493],[75.98442,29.72711],[76.02611,29.75615],[76.04385,29.74268],[76.09808,29.81061],[76.12395,29.79091],[76.14549,29.81908],[76.24382,29.85241],[76.24676,29.87595],[76.19346,29.88562],[76.17197,29.92627],[76.18376,29.9483],[76.21018,29.93961],[76.20241,29.98932],[76.23199,30.01521],[76.21396,30.03172],[76.2653,30.09878],[76.19638,30.12345],[76.22428,30.12708],[76.20767,30.15699],[76.32176,30.09506],[76.36023,30.12017],[76.33351,30.13817],[76.35049,30.14683],[76.3622,30.12012],[76.40006,30.11667],[76.41009,30.14504],[76.38718,30.17059],[76.42274,30.19224],[76.46255,30.10102],[76.50208,30.09192],[76.50828,30.07031],[76.54376,30.07427],[76.64374,30.15021],[76.61419,30.20443],[76.6456,30.18807],[76.63543,30.16997],[76.65713,30.18712],[76.59633,30.25521],[76.56075,30.22892],[76.54567,30.22555],[76.55668,30.26244],[76.62343,30.26455],[76.74609,30.34953],[76.71285,30.3902],[76.74105,30.42622],[76.77429,30.44328],[76.78704,30.41621],[76.82183,30.41268],[76.84679,30.43808],[76.89826,30.35882],[76.93868,30.38609],[76.91235,30.40063],[76.91229,30.44291],[76.89755,30.4371],[76.89896,30.48879],[76.93202,30.52219],[76.8865,30.54983],[76.91616,30.55366],[76.92601,30.61006],[76.87122,30.64212],[76.87645,30.68051],[76.85302,30.6572],[76.83154,30.66475],[76.85699,30.79475],[76.77609,30.90597],[76.8224,30.92854]],[[76.92203,30.88261],[76.91769,30.88646],[76.92424,30.87645],[76.92203,30.88261]]]]}},{"type":"Feature","properties":{"name":"Punjab"},"geometry":{"type":"Polygon","coordinates":[[[75.84365,32.50341],[75.93799,32.39754],[75.8736,32.39568],[75.77232,32.28936],[75.61846,32.23757],[75.63732,32.22272],[75.62377,32.19004],[75.66192,32.19291],[75.67268,32.15922],[75.59482,32.06947],[75.66292,32.07573],[75.91041,31.95011],[75.98649,31.81792],[75.93668,31.81541],[76.01794,31.63313],[76.05585,31.6055],[76.16831,31.41044],[76.14689,31.35898],[76.17882,31.34047],[76.17982,31.30653],[76.27555,31.3004],[76.32238,31.32161],[76.30765,31.34235],[76.35354,31.34786],[76.33109,31.40163],[76.36726,31.40437],[76.37475,31.43819],[76.46349,31.30195],[76.43999,31.27872],[76.47913,31.30867],[76.49757,31.26986],[76.52743,31.27717],[76.5238,31.25814],[76.54293,31.28243],[76.54921,31.25275],[76.58775,31.2742],[76.6119,31.24912],[76.59257,31.21126],[76.64167,31.22302],[76.59682,31.17799],[76.602,31.12354],[76.63858,31.108],[76.61097,31.04583],[76.62501,30.99864],[76.73714,30.94961],[76.814,30.84299],[76.8467,30.83391],[76.85699,30.79475],[76.83745,30.75415],[76.81561,30.75271],[76.81352,30.78017],[76.78348,30.77057],[76.77151,30.79521],[76.70518,30.74292],[76.77687,30.67035],[76.82745,30.68213],[76.84986,30.65684],[76.87645,30.68051],[76.87122,30.64212],[76.92601,30.61006],[76.91616,30.55366],[76.8865,30.54983],[76.93202,30.52219],[76.89896,30.48879],[76.89755,30.4371],[76.91229,30.44291],[76.91235,30.40063],[76.93868,30.38609],[76.89826,30.35882],[76.84679,30.43808],[76.82183,30.41268],[76.78704,30.41621],[76.77429,30.44328],[76.74105,30.42622],[76.71285,30.3902],[76.74609,30.34953],[76.62343,30.26455],[76.55668,30.26244],[76.54567,30.22555],[76.59633,30.25521],[76.65713,30.18712],[76.63543,30.16997],[76.6456,30.18807],[76.61419,30.20443],[76.64374,30.15021],[76.54376,30.07427],[76.50828,30.07031],[76.50208,30.09192],[76.46255,30.10102],[76.42274,30.19224],[76.38718,30.17059],[76.41009,30.14504],[76.40006,30.11667],[76.3622,30.12012],[76.35049,30.14683],[76.33351,30.13817],[76.36023,30.12017],[76.32176,30.09506],[76.20767,30.15699],[76.22428,30.12708],[76.19638,30.12345],[76.2653,30.09878],[76.21396,30.03172],[76.23199,30.01521],[76.20241,29.98932],[76.21018,29.93961],[76.18376,29.9483],[76.17197,29.92627],[76.19346,29.88562],[76.24676,29.87595],[76.24382,29.85241],[76.14549,29.81908],[76.12395,29.79091],[76.09808,29.81061],[76.04385,29.74268],[76.02611,29.75615],[75.98442,29.72711],[75.87025,29.7493],[75.83776,29.81302],[75.77883,29.82234],[75.72068,29.81354],[75.70645,29.7532],[75.64246,29.77509],[75.62745,29.74836],[75.57998,29.73909],[75.56212,29.77022],[75.52304,29.7584],[75.45954,29.80751],[75.45398,29.782],[75.40632,29.76125],[75.39214,29.71316],[75.34573,29.696],[75.36017,29.6626],[75.33377,29.67347],[75.29574,29.62503],[75.31994,29.58741],[75.30948,29.56083],[75.23537,29.54207],[75.23538,29.60307],[75.18307,29.6284],[75.16757,29.67018],[75.2068,29.68751],[75.20064,29.72648],[75.24161,29.75464],[75.19149,29.84124],[75.16408,29.82409],[75.1555,29.77688],[75.13511,29.80729],[75.10076,29.80678],[75.11889,29.83195],[75.08976,29.85863],[75.11474,29.87865],[75.0888,29.91719],[75.06999,29.87705],[74.99099,29.86782],[74.92671,29.95049],[74.8972,29.93969],[74.88796,29.96672],[74.85542,29.95649],[74.81298,29.99235],[74.73099,29.96146],[74.70687,29.97699],[74.64176,29.90454],[74.53157,29.94967],[73.89512,29.97408],[73.90405,30.05012],[73.97565,30.12099],[73.95977,30.27018],[73.87978,30.35972],[73.97379,30.44382],[73.92626,30.43893],[73.93445,30.49028],[73.96413,30.45648],[73.98199,30.50402],[74.01999,30.51417],[74.01203,30.53359],[74.07228,30.52291],[74.09604,30.61161],[74.19332,30.66517],[74.23266,30.72456],[74.28646,30.7357],[74.26017,30.7731],[74.30197,30.77937],[74.32039,30.84663],[74.38209,30.86043],[74.36591,30.89293],[74.42272,30.90778],[74.4164,30.94033],[74.54616,30.99242],[74.56823,31.05469],[74.5968,31.03766],[74.69593,31.07416],[74.6891,31.12802],[74.60305,31.1336],[74.61067,31.0993],[74.57127,31.08142],[74.54836,31.12193],[74.51036,31.1319],[74.55165,31.36435],[74.60246,31.42051],[74.65461,31.42601],[74.63648,31.48476],[74.60977,31.49987],[74.58728,31.49629],[74.57521,31.50117],[74.6129,31.52734],[74.6156,31.56898],[74.55532,31.60784],[74.53496,31.6776],[74.4866,31.715],[74.55941,31.75788],[74.55791,31.80477],[74.60786,31.89039],[74.63631,31.88422],[74.66671,31.92273],[74.71924,31.92369],[74.75559,31.95575],[74.8191,31.95875],[74.87955,32.0538],[74.92796,32.06646],[75.01236,32.03575],[75.0687,32.06719],[75.1049,32.05857],[75.12291,32.08138],[75.17424,32.06747],[75.20246,32.12024],[75.23142,32.09161],[75.26131,32.10138],[75.32242,32.1795],[75.31638,32.20804],[75.37243,32.22605],[75.38186,32.26895],[75.3205,32.29739],[75.3412,32.34548],[75.42999,32.315],[75.4891,32.34556],[75.48192,32.32029],[75.53224,32.27783],[75.55978,32.35698],[75.72276,32.4056],[75.7438,32.4316],[75.72979,32.4532],[75.84365,32.50341]]]}},{"type":"Feature","properties":{"name":"Uttar Pradesh"},"geometry":{"type":"MultiPolygon","coordinates":[[[[79.36506,25.14453],[79.38719,25.0857],[79.42591,25.05859],[79.4096,25.03386],[79.36904,25.05432],[79.35611,25.04047],[79.35113,25.06888],[79.37981,25.06479],[79.37969,25.10122],[79.35037,25.1181],[79.36506,25.14453]]],[[[79.37256,25.18002],[79.35447,25.17589],[79.35952,25.18855],[79.37256,25.18002]]],[[[77.57604,30.39739],[77.65665,30.40094],[77.72185,30.33021],[77.9617,30.24237],[77.86042,30.11319],[77.82805,30.08592],[77.80119,30.09548],[77.77114,30.04802],[77.78198,30.01863],[77.74371,29.98336],[77.76038,29.96445],[77.73047,29.93169],[77.74778,29.91117],[77.71471,29.88408],[77.77467,29.79102],[77.76973,29.7176],[77.81048,29.70237],[77.79905,29.68619],[77.83005,29.6683],[77.94702,29.71248],[77.98379,29.64364],[77.97769,29.61345],[77.9333,29.60051],[78.0216,29.58085],[78.05747,29.63069],[78.08669,29.62503],[78.19603,29.69268],[78.20392,29.73727],[78.25975,29.73834],[78.33566,29.79661],[78.50096,29.7329],[78.53267,29.63875],[78.61773,29.55803],[78.79967,29.46457],[78.94233,29.43857],[78.84987,29.34482],[78.82473,29.36713],[78.79591,29.31177],[78.76655,29.3374],[78.71859,29.30664],[78.80737,29.23668],[78.87448,29.23025],[78.90875,29.17856],[78.90633,29.12501],[78.95645,29.11989],[78.98234,29.14305],[79.0267,29.11242],[79.03584,29.16939],[79.12687,29.13268],[79.1535,29.11518],[79.1425,29.06695],[79.17511,29.04625],[79.17106,29.01187],[79.21173,29.02756],[79.30727,28.96647],[79.3647,28.96807],[79.37236,28.98747],[79.42795,28.91978],[79.42557,28.86642],[79.52178,28.86474],[79.55648,28.89926],[79.58427,28.87918],[79.58436,28.84627],[79.65605,28.86977],[79.70667,28.84101],[79.81802,28.88781],[79.8496,28.8593],[79.80876,28.80001],[79.84934,28.79964],[79.86319,28.84022],[79.88822,28.83656],[79.91552,28.80427],[79.87849,28.81483],[79.87306,28.79728],[79.93982,28.78772],[79.92408,28.77316],[79.95416,28.72283],[80.03013,28.74863],[80.06174,28.7832],[80.06536,28.8369],[80.11805,28.82898],[80.21599,28.75557],[80.25658,28.75425],[80.25652,28.72925],[80.31712,28.70014],[80.361,28.63526],[80.45194,28.62886],[80.46868,28.58353],[80.51762,28.55196],[80.50593,28.67084],[80.53953,28.69076],[80.59052,28.68004],[80.58945,28.64804],[80.66763,28.64219],[80.69045,28.5876],[80.7686,28.56591],[80.78919,28.52452],[80.86595,28.48958],[80.86152,28.50439],[80.89609,28.50702],[80.91541,28.45764],[80.98017,28.45524],[80.96464,28.44484],[80.97883,28.43415],[81.01676,28.45129],[81.03383,28.3989],[81.03567,28.41358],[81.07974,28.38506],[81.2106,28.36083],[81.23264,28.28915],[81.32094,28.19755],[81.302,28.16476],[81.32806,28.14808],[81.31803,28.13367],[81.37108,28.14349],[81.37351,28.1773],[81.44668,28.16102],[81.48401,28.11857],[81.47828,28.08271],[81.62399,28.0016],[81.69844,27.98819],[81.88496,27.85695],[81.92585,27.85983],[81.96832,27.92912],[82.06996,27.92365],[82.12138,27.86585],[82.20831,27.84358],[82.44867,27.67932],[82.70765,27.72292],[82.7115,27.66529],[82.75577,27.5878],[82.73555,27.50235],[82.92929,27.50119],[82.95409,27.46773],[83.03457,27.44872],[83.18795,27.45432],[83.27215,27.38335],[83.27243,27.35263],[83.31759,27.33016],[83.35923,27.34326],[83.40934,27.41281],[83.38391,27.43628],[83.40174,27.45754],[83.38818,27.47976],[83.61425,27.46944],[83.83084,27.36979],[83.86408,27.34716],[83.83657,27.32222],[83.85934,27.30807],[83.92548,27.32141],[83.90507,27.25762],[83.97018,27.22399],[83.99418,27.17517],[83.94647,27.09082],[84.03034,27.09763],[84.00006,27.06859],[84.0495,27.04327],[84.05483,26.96006],[84.03214,26.94118],[84.06027,26.8881],[84.14641,26.88542],[84.14061,26.85265],[84.1661,26.83377],[84.21949,26.8716],[84.25409,26.85659],[84.24067,26.73872],[84.25542,26.72662],[84.30587,26.74949],[84.33006,26.6841],[84.41041,26.67025],[84.41971,26.62681],[84.28132,26.5996],[84.0865,26.63914],[84.04812,26.5364],[83.97613,26.53351],[83.97083,26.50751],[83.90809,26.51908],[83.90802,26.44709],[83.99126,26.43224],[84.01683,26.44755],[84.07917,26.38251],[84.17668,26.37068],[84.16621,26.24095],[84.12169,26.25887],[84.08641,26.21875],[84.01923,26.23894],[84.03835,26.20097],[84.00938,26.17559],[84.05597,26.09999],[84.10381,26.09274],[84.17246,26.0246],[84.17003,25.98768],[84.20708,25.99983],[84.29691,25.94517],[84.35395,25.95878],[84.4119,25.93078],[84.42756,25.89124],[84.53398,25.87637],[84.53052,25.83161],[84.55211,25.84018],[84.62457,25.79217],[84.60296,25.76194],[84.63465,25.72794],[84.56028,25.7369],[84.55743,25.67951],[84.53519,25.69077],[84.53944,25.72673],[84.52887,25.68249],[84.49934,25.67468],[84.45351,25.71433],[84.40674,25.69842],[84.3917,25.74516],[84.33634,25.74423],[84.32435,25.67103],[84.28761,25.67755],[84.30026,25.66539],[84.27686,25.66041],[84.20601,25.66946],[84.19889,25.70208],[84.15467,25.72924],[84.10506,25.72122],[84.07516,25.69527],[84.08128,25.63631],[83.9212,25.55198],[83.87621,25.51806],[83.85611,25.46804],[83.81656,25.46276],[83.84635,25.43435],[83.80156,25.42983],[83.80784,25.4091],[83.76897,25.38636],[83.74059,25.41063],[83.70168,25.39616],[83.69371,25.36963],[83.65595,25.36836],[83.6488,25.33927],[83.57372,25.30613],[83.57206,25.31466],[83.53991,25.31579],[83.55409,25.30849],[83.49038,25.28948],[83.46792,25.25234],[83.40991,25.24661],[83.40204,25.20906],[83.35725,25.19966],[83.36737,25.12523],[83.32022,25.01726],[83.34981,25.00925],[83.35753,24.87054],[83.39659,24.83235],[83.39305,24.78273],[83.4581,24.73135],[83.48934,24.73633],[83.48513,24.70167],[83.52038,24.6775],[83.50049,24.65125],[83.54796,24.62288],[83.50329,24.52543],[83.39694,24.4969],[83.38551,24.45127],[83.40507,24.40478],[83.43442,24.40075],[83.45727,24.36455],[83.38037,24.31378],[83.4091,24.26633],[83.37873,24.23036],[83.35406,24.12491],[83.29946,24.07893],[83.27911,24.01827],[83.22361,23.98665],[83.19949,23.91458],[83.09138,23.87155],[82.94788,23.87142],[82.81258,23.9599],[82.80418,24.00352],[82.7507,24.01198],[82.77402,24.0763],[82.7139,24.07625],[82.66524,24.12449],[82.68289,24.15459],[82.72808,24.13514],[82.74444,24.16548],[82.73471,24.21731],[82.75929,24.23706],[82.77364,24.34342],[82.76401,24.37627],[82.71321,24.38024],[82.74356,24.49535],[82.71918,24.55247],[82.80754,24.54899],[82.80303,24.59769],[82.76546,24.59577],[82.7743,24.64177],[82.7067,24.63627],[82.70089,24.67602],[82.67085,24.69703],[82.53963,24.64785],[82.52295,24.67627],[82.45024,24.67441],[82.42945,24.70259],[82.4062,24.68112],[82.41611,24.5912],[82.33864,24.62036],[82.2968,24.60584],[82.30314,24.6671],[82.26876,24.6834],[82.23971,24.66127],[82.22971,24.68179],[82.25011,24.69745],[82.25093,24.76993],[82.24516,24.74441],[82.22646,24.76124],[82.20657,24.74719],[82.2213,24.72233],[82.17745,24.73233],[82.19655,24.77806],[82.20944,24.77153],[82.21792,24.77668],[82.21615,24.79414],[82.18426,24.79563],[82.20359,24.8192],[82.16702,24.78544],[82.13866,24.79946],[82.11561,24.78444],[82.09765,24.81615],[82.01694,24.84598],[81.96527,24.82704],[81.90284,24.89168],[81.91965,24.92812],[81.90727,25.00567],[81.89131,24.98887],[81.83482,25.01697],[81.79221,25.00441],[81.73151,25.04864],[81.68975,25.03895],[81.66654,25.07511],[81.61143,25.0565],[81.60035,25.07385],[81.64086,25.09849],[81.62408,25.12004],[81.60832,25.09605],[81.59806,25.13134],[81.62621,25.16047],[81.58846,25.16577],[81.57857,25.19085],[81.5146,25.18434],[81.5365,25.16055],[81.52724,25.13809],[81.48005,25.13255],[81.5181,25.10074],[81.49113,25.07232],[81.40727,25.10491],[81.44766,25.10717],[81.43852,25.13033],[81.39992,25.11922],[81.33452,25.16929],[81.32147,25.11277],[81.31343,25.16374],[81.27752,25.166],[81.25214,25.10208],[81.26382,25.05276],[81.20892,24.99262],[81.21964,24.92862],[81.19291,24.92535],[81.20719,24.93043],[81.16801,24.95523],[81.1396,24.88753],[81.08451,24.94991],[81.01627,24.9515],[81.02307,24.92762],[80.95718,24.91785],[80.946,24.96627],[80.89915,24.94862],[80.90708,24.93505],[80.81199,24.92255],[80.79221,24.96487],[80.85174,24.98825],[80.83178,25.03287],[80.87804,25.06547],[80.86844,25.11568],[80.91291,25.15908],[80.88466,25.18794],[80.83814,25.18035],[80.82989,25.10006],[80.8084,25.13679],[80.74195,25.12363],[80.73024,25.14632],[80.70439,25.12837],[80.72735,25.11855],[80.72545,25.09143],[80.78363,25.07595],[80.77576,25.05482],[80.67974,25.04846],[80.68501,25.07661],[80.66174,25.06761],[80.60808,25.09843],[80.63823,25.11687],[80.60654,25.15036],[80.59229,25.0902],[80.61314,25.0657],[80.56845,25.08688],[80.5458,25.0644],[80.48272,25.10021],[80.50663,25.08397],[80.50058,25.04153],[80.54607,25.03242],[80.54948,25.00247],[80.4993,25.00621],[80.47866,24.97395],[80.45614,24.98164],[80.46285,25.00253],[80.43703,24.99452],[80.45487,25.00573],[80.43309,25.02374],[80.45445,25.04222],[80.47435,25.03053],[80.50188,25.03725],[80.47515,25.03794],[80.44965,25.07849],[80.37366,25.05591],[80.38732,25.00431],[80.36295,25.0236],[80.33099,24.9922],[80.27362,25.02597],[80.29054,25.05954],[80.3114,25.04423],[80.35533,25.05563],[80.34843,25.08665],[80.37608,25.11636],[80.35456,25.13836],[80.43167,25.17762],[80.40334,25.24403],[80.38358,25.23729],[80.35143,25.27716],[80.3108,25.28641],[80.31541,25.38887],[80.26384,25.42402],[80.25342,25.40083],[80.20237,25.41404],[80.19493,25.37816],[80.1311,25.33423],[80.08878,25.35585],[80.07267,25.33695],[80.03342,25.34202],[80.00511,25.26571],[79.94833,25.26866],[79.91755,25.22683],[79.90749,25.25089],[79.85138,25.23556],[79.88153,25.14205],[79.85162,25.12855],[79.86153,25.09621],[79.7485,25.13935],[79.60114,25.12749],[79.60699,25.15277],[79.56936,25.1718],[79.4915,25.07965],[79.46502,25.08805],[79.47724,25.12745],[79.43892,25.10122],[79.4392,25.1278],[79.4213,25.13543],[79.40574,25.10636],[79.3899,25.17011],[79.41208,25.20032],[79.44037,25.19882],[79.46246,25.26467],[79.49446,25.26691],[79.46722,25.2833],[79.40881,25.25609],[79.36859,25.29246],[79.3629,25.2617],[79.33615,25.2881],[79.35223,25.32988],[79.29989,25.33763],[79.26447,25.26895],[79.28268,25.26216],[79.29379,25.28358],[79.31652,25.25596],[79.35086,25.26392],[79.33836,25.19796],[79.27925,25.24473],[79.31365,25.13624],[79.2659,25.12147],[79.2446,25.15905],[79.22416,25.14605],[79.24922,25.1403],[79.24544,25.11398],[79.21503,25.11141],[79.19221,25.14621],[79.186,25.11493],[79.13189,25.10901],[79.12609,25.16122],[79.09063,25.19081],[79.05081,25.13398],[79.02938,25.14029],[79.03091,25.18448],[79.05233,25.20744],[79.04859,25.19345],[79.05967,25.19041],[79.06368,25.22176],[79.02177,25.24157],[79.01322,25.27405],[78.97484,25.24049],[79.00119,25.2337],[79.00587,25.19505],[78.95386,25.21896],[78.8804,25.15762],[78.88092,25.25401],[78.89977,25.24312],[78.91703,25.27358],[78.94514,25.25942],[78.95551,25.28276],[78.97992,25.27905],[78.95743,25.30224],[78.96062,25.34508],[78.92793,25.32413],[78.92254,25.3429],[78.882,25.34364],[78.84965,25.22879],[78.80947,25.2706],[78.82857,25.30274],[78.78778,25.29601],[78.84616,25.32698],[78.88024,25.38589],[78.9533,25.39995],[78.93829,25.37483],[78.89642,25.37411],[78.93871,25.34698],[78.98933,25.37404],[78.967,25.43462],[78.93827,25.42225],[78.90887,25.44242],[78.94391,25.48293],[78.9199,25.5154],[78.95285,25.53753],[78.93937,25.55722],[78.92337,25.53594],[78.88265,25.55396],[78.88438,25.51558],[78.83496,25.50582],[78.86617,25.46567],[78.84415,25.42775],[78.82073,25.43869],[78.85489,25.44769],[78.84089,25.4615],[78.80917,25.45341],[78.81825,25.47165],[78.76783,25.46943],[78.73635,25.49382],[78.73183,25.45806],[78.76236,25.4269],[78.82137,25.42258],[78.74974,25.41106],[78.77459,25.3531],[78.72412,25.34397],[78.6996,25.38189],[78.65895,25.38529],[78.66601,25.41581],[78.6749,25.39957],[78.71143,25.4281],[78.65983,25.44166],[78.63582,25.40069],[78.60967,25.41602],[78.59019,25.38603],[78.5665,25.39353],[78.58329,25.34697],[78.532,25.35658],[78.55307,25.31964],[78.53119,25.30002],[78.5099,25.29555],[78.5023,25.3209],[78.47295,25.2855],[78.45379,25.30127],[78.43503,25.28416],[78.45085,25.26211],[78.53092,25.28465],[78.5779,25.25482],[78.55554,25.21142],[78.5702,25.22388],[78.60068,25.15539],[78.60245,25.09442],[78.65262,25.05059],[78.63173,24.95769],[78.67656,24.89863],[78.77004,24.85902],[78.78984,24.81098],[78.7704,24.7884],[78.781,24.70608],[78.74393,24.65406],[78.75203,24.60018],[78.78379,24.58856],[78.88323,24.64129],[78.95321,24.5469],[78.94726,24.5024],[78.97152,24.49424],[78.93622,24.47942],[78.92058,24.49972],[78.91421,24.45962],[78.99365,24.42275],[78.97145,24.34761],[78.90964,24.29799],[78.91607,24.26763],[78.88437,24.25],[78.88185,24.21701],[78.81495,24.2068],[78.79282,24.17683],[78.76189,24.25954],[78.75042,24.23389],[78.73417,24.25241],[78.70306,24.22692],[78.66863,24.24004],[78.586,24.35374],[78.51838,24.38782],[78.41163,24.27163],[78.34805,24.29958],[78.3292,24.32945],[78.36579,24.38598],[78.26969,24.44694],[78.27498,24.47392],[78.22542,24.52137],[78.26447,24.5522],[78.2767,24.66299],[78.21668,24.80859],[78.16897,24.86262],[78.33385,24.9955],[78.33863,25.08658],[78.40682,25.12893],[78.4482,25.12591],[78.4273,25.15399],[78.45825,25.16461],[78.39608,25.18722],[78.41095,25.21267],[78.3598,25.24219],[78.35459,25.29225],[78.31173,25.3033],[78.34379,25.32846],[78.30531,25.37675],[78.34053,25.39952],[78.35454,25.45198],[78.37766,25.43681],[78.43131,25.47363],[78.41934,25.53296],[78.4436,25.5632],[78.46469,25.54551],[78.49334,25.5787],[78.58774,25.5566],[78.61814,25.58366],[78.65867,25.55989],[78.71733,25.60533],[78.81176,25.62078],[78.8167,25.67632],[78.75286,25.75],[78.80829,25.80097],[78.82862,25.79571],[78.82831,25.81434],[78.80627,25.81309],[78.81844,25.82901],[78.85715,25.79182],[78.87244,25.80138],[78.85241,25.85665],[78.88738,25.86849],[78.88464,25.91393],[78.93896,25.94269],[78.94826,26.02775],[79.01206,26.08318],[78.94887,26.12868],[78.96696,26.15014],[79.0049,26.14805],[78.99367,26.19689],[79.02583,26.19177],[79.02582,26.2201],[78.98936,26.23498],[79.01944,26.24761],[79.06344,26.2259],[79.04564,26.26031],[79.1186,26.30034],[79.13883,26.33751],[79.08424,26.36232],[79.09521,26.41264],[79.12598,26.41125],[79.13518,26.44013],[79.05262,26.45374],[79.06813,26.49662],[78.98759,26.58632],[79.01706,26.60104],[78.99346,26.64191],[79.00378,26.67374],[78.94549,26.65482],[78.95606,26.69168],[78.87236,26.69779],[78.81899,26.76094],[78.77102,26.75908],[78.7229,26.79727],[78.67053,26.76241],[78.62845,26.77323],[78.57686,26.74897],[78.4617,26.78819],[78.43429,26.82571],[78.39905,26.81848],[78.36265,26.86924],[78.28251,26.85444],[78.25996,26.81417],[78.21959,26.83267],[78.19682,26.87952],[78.23264,26.87428],[78.2718,26.91757],[78.2242,26.94646],[78.21014,26.93123],[78.11856,26.94697],[78.1112,26.89588],[78.04881,26.91013],[78.05597,26.86839],[78.02647,26.84953],[78.01459,26.90291],[77.94841,26.89358],[77.90636,26.91778],[77.89649,26.884],[77.75985,26.93246],[77.72492,26.91038],[77.72261,26.87432],[77.68665,26.87525],[77.61034,26.82858],[77.52569,26.81887],[77.50117,26.84445],[77.48523,26.74801],[77.45456,26.74187],[77.46691,26.77373],[77.43134,26.77108],[77.44586,26.81467],[77.42728,26.86409],[77.66088,26.97122],[77.74347,26.98317],[77.76296,27.00685],[77.73769,27.02975],[77.73006,26.99389],[77.71194,26.9971],[77.67977,27.04708],[77.66558,27.01725],[77.63003,27.01021],[77.56321,27.02937],[77.57169,27.07187],[77.51935,27.06662],[77.51774,27.10246],[77.59785,27.118],[77.61996,27.17355],[77.6584,27.17011],[77.68113,27.1944],[77.64671,27.21022],[77.65282,27.23484],[77.59867,27.2972],[77.62271,27.33619],[77.57878,27.32266],[77.50719,27.37709],[77.43953,27.39072],[77.4211,27.42202],[77.43781,27.45632],[77.38739,27.51289],[77.33999,27.52662],[77.35822,27.58896],[77.31706,27.60675],[77.35258,27.65124],[77.34115,27.70337],[77.30384,27.71109],[77.31044,27.78808],[77.28294,27.79979],[77.34833,27.85555],[77.42186,27.85438],[77.42013,27.89044],[77.45053,27.87103],[77.47217,27.88359],[77.48474,27.93495],[77.53661,27.93398],[77.54423,27.96221],[77.51697,27.97115],[77.54243,27.98909],[77.48364,28.04045],[77.50124,28.05852],[77.47426,28.08744],[77.51236,28.12484],[77.49136,28.13654],[77.5021,28.16118],[77.54964,28.17975],[77.50119,28.18167],[77.49696,28.20535],[77.53026,28.19861],[77.52128,28.22444],[77.55042,28.24236],[77.49269,28.25198],[77.50707,28.30569],[77.47121,28.33482],[77.50482,28.36999],[77.47763,28.41906],[77.38047,28.47027],[77.29997,28.55976],[77.34242,28.60888],[77.31627,28.64122],[77.33108,28.7131],[77.29152,28.70615],[77.19928,28.7977],[77.22439,28.82532],[77.18868,28.88008],[77.22667,28.88009],[77.2345,28.9108],[77.19645,28.93821],[77.18912,29.02767],[77.13408,29.09515],[77.13141,29.21749],[77.16115,29.33236],[77.12953,29.34258],[77.1233,29.37034],[77.15741,29.38731],[77.13325,29.40084],[77.13331,29.48306],[77.09637,29.51949],[77.12684,29.55945],[77.08395,29.58904],[77.10953,29.59743],[77.1062,29.63233],[77.15655,29.69258],[77.11981,29.76008],[77.1794,29.81308],[77.20203,29.8689],[77.18797,29.91136],[77.27766,30.00024],[77.27778,30.04181],[77.42386,30.10321],[77.40316,30.11175],[77.42976,30.16398],[77.4754,30.17912],[77.58629,30.3127],[77.60459,30.36739],[77.57604,30.39739]],[[80.46097,25.11488],[80.44438,25.12777],[80.43714,25.11577],[80.46097,25.11488]],[[80.48306,25.06724],[80.4735,25.06305],[80.48517,25.05463],[80.48306,25.06724]]]]}},{"type":"Feature","properties":{"name":"Karnataka"},"geometry":{"type":"MultiPolygon","coordinates":[[[[74.67563,13.19373],[74.6751,13.19341],[74.67528,13.19393],[74.67563,13.19373]]],[[[74.67552,13.19497],[74.67504,13.19515],[74.67516,13.19545],[74.67552,13.19497]]],[[[74.67292,13.1964],[74.6724,13.19603],[74.67247,13.1964],[74.67292,13.1964]]],[[[74.67425,13.1972],[74.674,13.19688],[74.67405,13.19737],[74.67425,13.1972]]],[[[74.67183,13.1977],[74.67131,13.1977],[74.67147,13.19795],[74.67183,13.1977]]],[[[74.67151,13.19907],[74.67088,13.19972],[74.67169,13.19933],[74.67151,13.19907]]],[[[74.72104,13.2433],[74.72056,13.24265],[74.72073,13.24352],[74.72104,13.2433]]],[[[78.39584,13.35111],[78.39554,13.3506],[78.39496,13.35148],[78.39584,13.35111]]],[[[74.72126,13.27275],[74.72093,13.27259],[74.7208,13.27309],[74.72126,13.27275]]],[[[74.70036,13.27992],[74.69908,13.2806],[74.70002,13.28101],[74.70036,13.27992]]],[[[74.70058,13.28296],[74.69984,13.28326],[74.70013,13.28369],[74.70058,13.28296]]],[[[74.6902,13.3311],[74.69194,13.33135],[74.69178,13.33085],[74.6902,13.3311]]],[[[74.69067,13.33313],[74.6903,13.33313],[74.69067,13.33335],[74.69067,13.33313]]],[[[74.68912,13.33961],[74.68683,13.33714],[74.68792,13.34092],[74.68912,13.33961]]],[[[74.68111,13.34467],[74.68178,13.34433],[74.68178,13.34376],[74.68111,13.34467]]],[[[74.68221,13.345],[74.68195,13.34483],[74.68195,13.34499],[74.68221,13.345]]],[[[74.68231,13.34361],[74.68684,13.34223],[74.68589,13.34122],[74.68231,13.34361]]],[[[74.6818,13.34729],[74.68133,13.34729],[74.68127,13.3477],[74.6818,13.34729]]],[[[74.68163,13.34819],[74.68236,13.34832],[74.68318,13.3467],[74.68163,13.34819]]],[[[74.68289,13.36027],[74.68267,13.3601],[74.68267,13.36028],[74.68289,13.36027]]],[[[74.68259,13.36065],[74.68249,13.36041],[74.68246,13.36066],[74.68259,13.36065]]],[[[74.68169,13.36117],[74.68156,13.36104],[74.68155,13.36121],[74.68169,13.36117]]],[[[74.67464,13.37576],[74.67563,13.3758],[74.67569,13.37578],[74.67528,13.37522],[74.67464,13.37576]]],[[[74.67364,13.3772],[74.67369,13.37689],[74.67347,13.3772],[74.67364,13.3772]]],[[[74.67422,13.37723],[74.67559,13.37625],[74.67394,13.37616],[74.67422,13.37723]]],[[[74.67497,13.3775],[74.67485,13.37725],[74.67473,13.37749],[74.67497,13.3775]]],[[[74.67126,13.3801],[74.67417,13.38038],[74.67395,13.37704],[74.67126,13.3801]]],[[[74.68495,13.38262],[74.68326,13.38046],[74.68196,13.38422],[74.68495,13.38262]]],[[[74.66562,13.45308],[74.66455,13.4526],[74.665,13.45318],[74.66562,13.45308]]],[[[74.65139,13.6554],[74.65123,13.65518],[74.65118,13.65535],[74.65139,13.6554]]],[[[74.65148,13.65609],[74.65118,13.656],[74.65131,13.65627],[74.65148,13.65609]]],[[[74.65232,13.65767],[74.65199,13.65695],[74.65198,13.65763],[74.65232,13.65767]]],[[[74.65257,13.65899],[74.65207,13.65828],[74.65221,13.65938],[74.65257,13.65899]]],[[[74.63836,13.67755],[74.63796,13.67735],[74.6384,13.67783],[74.63836,13.67755]]],[[[74.64234,13.68033],[74.6429,13.68046],[74.6426,13.68011],[74.64234,13.68033]]],[[[74.64334,13.68128],[74.643,13.68101],[74.64297,13.68128],[74.64334,13.68128]]],[[[74.63678,13.68468],[74.63586,13.68491],[74.63658,13.68516],[74.63678,13.68468]]],[[[74.62458,13.6856],[74.62418,13.68521],[74.62417,13.68555],[74.62458,13.6856]]],[[[74.62895,13.77656],[74.62872,13.77647],[74.62866,13.77666],[74.62895,13.77656]]],[[[74.61574,13.82741],[74.61557,13.82714],[74.61549,13.82721],[74.61574,13.82741]]],[[[74.61498,13.8281],[74.61465,13.82821],[74.61501,13.82817],[74.61498,13.8281]]],[[[74.61545,13.82833],[74.61511,13.82817],[74.61517,13.82842],[74.61545,13.82833]]],[[[74.53922,13.88775],[74.53914,13.88757],[74.53908,13.88784],[74.53922,13.88775]]],[[[74.58135,13.89],[74.58114,13.88964],[74.58108,13.88994],[74.58135,13.89]]],[[[74.53883,13.88869],[74.53856,13.88861],[74.53848,13.88876],[74.53883,13.88869]]],[[[74.52614,13.97373],[74.52581,13.97337],[74.52576,13.97366],[74.52614,13.97373]]],[[[74.52417,13.97517],[74.52392,13.97483],[74.52381,13.97525],[74.52417,13.97517]]],[[[74.50912,13.98181],[74.50903,13.98163],[74.50904,13.98181],[74.50912,13.98181]]],[[[74.50987,13.98195],[74.50959,13.98189],[74.50979,13.98208],[74.50987,13.98195]]],[[[74.50939,13.98213],[74.50922,13.98204],[74.50924,13.9822],[74.50939,13.98213]]],[[[74.50561,13.99769],[74.50545,13.99744],[74.50532,13.99777],[74.50561,13.99769]]],[[[74.506,13.999],[74.50566,13.99901],[74.5059,13.99913],[74.506,13.999]]],[[[74.50689,13.99947],[74.50637,13.99963],[74.50677,14.00012],[74.50689,13.99947]]],[[[74.5058,14.00093],[74.50571,14.00075],[74.50536,14.001],[74.5058,14.00093]]],[[[74.47977,14.01024],[74.48243,14.0072],[74.47912,14.00833],[74.47977,14.01024]]],[[[74.3236,14.01071],[74.32272,14.01064],[74.32327,14.011],[74.3236,14.01071]]],[[[74.49198,14.01798],[74.4918,14.0175],[74.49154,14.01764],[74.49198,14.01798]]],[[[74.48876,14.0198],[74.48823,14.01931],[74.48786,14.01969],[74.48876,14.0198]]],[[[74.48704,14.02458],[74.48645,14.02258],[74.48435,14.0226],[74.48704,14.02458]]],[[[74.48566,14.02537],[74.48552,14.02547],[74.48565,14.02546],[74.48566,14.02537]]],[[[74.32482,14.02029],[74.32959,14.01578],[74.32487,14.01432],[74.32482,14.02029]]],[[[74.47847,14.08237],[74.47881,14.08205],[74.47844,14.08217],[74.47847,14.08237]]],[[[74.47153,14.084],[74.47024,14.08452],[74.47165,14.08424],[74.47153,14.084]]],[[[74.47964,14.08768],[74.48061,14.08728],[74.48099,14.08691],[74.47998,14.08717],[74.47964,14.08768]]],[[[74.40228,14.31567],[74.40083,14.31207],[74.39776,14.31291],[74.40228,14.31567]]],[[[74.38716,14.41835],[74.38798,14.41707],[74.38656,14.4173],[74.38716,14.41835]]],[[[74.31909,14.51721],[74.31883,14.51697],[74.31894,14.51738],[74.31909,14.51721]]],[[[74.31964,14.51913],[74.31932,14.51912],[74.31943,14.51924],[74.31964,14.51913]]],[[[74.30965,14.52589],[74.30866,14.52604],[74.30953,14.52625],[74.30965,14.52589]]],[[[74.27307,14.6249],[74.27285,14.62465],[74.27289,14.62498],[74.27307,14.6249]]],[[[74.27363,14.63688],[74.27324,14.63683],[74.27355,14.63705],[74.27363,14.63688]]],[[[74.27683,14.66135],[74.27684,14.66032],[74.27581,14.66072],[74.27683,14.66135]]],[[[74.25431,14.70429],[74.25403,14.70421],[74.25409,14.70435],[74.25431,14.70429]]],[[[74.25272,14.70471],[74.25218,14.70454],[74.2521,14.70479],[74.25272,14.70471]]],[[[74.23863,14.71137],[74.24013,14.70873],[74.23772,14.70927],[74.23863,14.71137]]],[[[74.25692,14.72253],[74.25416,14.72168],[74.25469,14.7247],[74.25692,14.72253]]],[[[74.14919,14.72478],[74.14851,14.72504],[74.14857,14.72521],[74.14919,14.72478]]],[[[74.14698,14.72648],[74.1485,14.72523],[74.14586,14.7254],[74.14698,14.72648]]],[[[74.16517,14.73512],[74.1641,14.73405],[74.16461,14.73531],[74.16517,14.73512]]],[[[74.22927,14.74084],[74.22918,14.74073],[74.22917,14.74083],[74.22927,14.74084]]],[[[74.15808,14.73873],[74.15239,14.74002],[74.15339,14.74221],[74.15808,14.73873]]],[[[74.12891,14.75749],[74.12955,14.75849],[74.12976,14.75828],[74.12891,14.75749]]],[[[74.14561,14.76309],[74.14325,14.75831],[74.13844,14.76086],[74.14561,14.76309]]],[[[74.08723,14.79289],[74.08679,14.79279],[74.08692,14.79307],[74.08723,14.79289]]],[[[74.07181,14.81954],[74.07158,14.81886],[74.07029,14.82],[74.07181,14.81954]]],[[[74.06668,14.82017],[74.06626,14.82008],[74.06655,14.8204],[74.06668,14.82017]]],[[[74.10797,14.84254],[74.11165,14.84523],[74.11305,14.84234],[74.10797,14.84254]]],[[[74.10703,14.86571],[74.10661,14.86484],[74.10627,14.86528],[74.10703,14.86571]]],[[[74.10192,14.87825],[74.10173,14.8763],[74.10002,14.87675],[74.10192,14.87825]]],[[[74.09481,14.88033],[74.0944,14.87967],[74.09415,14.87999],[74.09481,14.88033]]],[[[74.29219,15.83027],[74.31341,15.79643],[74.30175,15.78728],[74.26647,15.7978],[74.26177,15.82974],[74.29219,15.83027]]],[[[77.52399,17.78519],[77.52609,17.78279],[77.52129,17.78296],[77.52399,17.78519]]],[[[77.36564,18.45156],[77.37283,18.4011],[77.41416,18.39225],[77.40015,18.34745],[77.35672,18.3202],[77.36579,18.30712],[77.43766,18.31031],[77.46504,18.26254],[77.51156,18.28205],[77.51263,18.3096],[77.60542,18.28135],[77.56346,18.19613],[77.59684,18.15595],[77.5988,18.09333],[77.54764,18.05613],[77.58859,18.01216],[77.64891,17.99888],[77.65586,17.96884],[77.64948,17.95002],[77.63301,17.96738],[77.62454,17.9596],[77.61904,17.90406],[77.58606,17.90784],[77.59908,17.87309],[77.5764,17.87542],[77.55403,17.82007],[77.52822,17.8279],[77.50656,17.78595],[77.56915,17.76649],[77.56853,17.74891],[77.45243,17.6947],[77.44312,17.58396],[77.49407,17.56836],[77.5069,17.54228],[77.52838,17.57537],[77.55056,17.55173],[77.5938,17.56451],[77.5969,17.5343],[77.69245,17.49743],[77.6884,17.4752],[77.65736,17.48092],[77.65689,17.50646],[77.64479,17.47757],[77.61523,17.47289],[77.61427,17.44595],[77.57619,17.45617],[77.57586,17.43071],[77.513,17.43087],[77.53784,17.40609],[77.5298,17.37071],[77.48382,17.355],[77.45361,17.37399],[77.43793,17.29192],[77.45854,17.279],[77.38019,17.22253],[77.40375,17.20989],[77.37227,17.19556],[77.36372,17.15878],[77.46362,17.11],[77.50253,17.0141],[77.45402,16.9139],[77.4765,16.78837],[77.4395,16.78913],[77.42607,16.72287],[77.47405,16.71656],[77.4698,16.68703],[77.41886,16.66857],[77.43434,16.64138],[77.47611,16.65011],[77.45365,16.61675],[77.4674,16.59884],[77.39287,16.56997],[77.41912,16.52238],[77.37779,16.5137],[77.36901,16.48867],[77.29871,16.49616],[77.294,16.47667],[77.23576,16.47274],[77.28821,16.4087],[77.3491,16.38385],[77.42095,16.36623],[77.48969,16.38501],[77.59392,16.34389],[77.59781,16.29311],[77.56321,16.30164],[77.5369,16.2668],[77.50481,16.2758],[77.49007,16.25518],[77.49234,16.2293],[77.51566,16.22779],[77.48615,16.16298],[77.48979,16.11962],[77.51328,16.10802],[77.49366,16.08634],[77.51344,15.92679],[77.4296,15.94906],[77.18529,15.95674],[77.08457,15.91864],[77.03262,15.85692],[77.02519,15.83751],[77.06547,15.82735],[77.0491,15.73026],[77.07969,15.72751],[77.07869,15.69514],[77.12888,15.66586],[77.12142,15.63108],[77.08319,15.65915],[77.03043,15.63449],[77.03004,15.50265],[76.97402,15.49823],[77.03353,15.43289],[77.06373,15.32802],[77.1131,15.33368],[77.11838,15.29485],[77.16693,15.26858],[77.12512,15.22694],[77.14766,15.22391],[77.16913,15.17135],[77.13541,15.14975],[77.15633,15.12293],[77.08245,15.00608],[77.04412,15.00984],[77.04956,15.03308],[76.98522,15.01519],[76.87716,15.03021],[76.83602,15.07923],[76.80024,15.09583],[76.77669,15.0784],[76.79013,15.02071],[76.76654,14.97562],[76.8285,14.95646],[76.86746,14.96982],[76.86962,14.93771],[76.84548,14.88929],[76.85398,14.80944],[76.78269,14.78594],[76.80294,14.74188],[76.76499,14.60212],[76.86796,14.47404],[76.97481,14.48533],[76.94479,14.4509],[76.94271,14.39934],[76.91583,14.42069],[76.88482,14.39571],[76.88464,14.34754],[76.95672,14.29435],[76.9249,14.27378],[76.94006,14.24461],[77.05246,14.2455],[77.08117,14.21415],[77.10776,14.21991],[77.11564,14.29248],[77.15734,14.3421],[77.2382,14.31736],[77.28657,14.3401],[77.28354,14.28274],[77.36382,14.27583],[77.35949,14.23401],[77.39199,14.1989],[77.41939,14.21162],[77.37707,14.3048],[77.3928,14.33583],[77.44622,14.31747],[77.45028,14.28071],[77.48181,14.29161],[77.50386,14.26375],[77.50351,14.15712],[77.39372,14.17425],[77.37894,14.13584],[77.35137,14.12998],[77.34747,14.10364],[77.40092,14.11871],[77.3323,14.03069],[77.39016,14.0167],[77.38164,13.97623],[77.43788,13.97552],[77.43536,13.94751],[77.41209,13.94556],[77.43504,13.91501],[77.40002,13.88829],[77.39788,13.90618],[77.34784,13.91596],[77.37129,13.95275],[77.34949,13.95814],[77.36109,13.99081],[77.33622,13.99537],[77.32223,14.02999],[77.14922,14.00116],[77.1274,14.04701],[77.02768,14.06175],[77.02333,14.17669],[76.94757,14.19818],[76.94237,14.17333],[76.89453,14.16781],[76.88591,14.13824],[76.92498,14.13711],[76.97757,14.07129],[76.93238,14.05392],[76.93113,14.0302],[76.99949,13.99034],[76.99377,13.96256],[77.04166,13.93343],[77.04729,13.9066],[77.02303,13.9026],[77.01422,13.86031],[76.97802,13.82687],[76.9985,13.74557],[77.0165,13.73851],[77.02447,13.77922],[77.0647,13.74383],[77.08563,13.74244],[77.09044,13.76714],[77.17305,13.76201],[77.16868,13.82962],[77.1282,13.85646],[77.16858,13.86449],[77.16193,13.90662],[77.18471,13.92519],[77.18139,13.86984],[77.20043,13.86304],[77.23562,13.90414],[77.25669,13.84652],[77.3115,13.86658],[77.32538,13.83324],[77.36243,13.85425],[77.43252,13.84322],[77.42257,13.79909],[77.46459,13.80608],[77.45533,13.68226],[77.49211,13.68981],[77.48504,13.71478],[77.52524,13.691],[77.52727,13.75381],[77.56057,13.72241],[77.59997,13.75076],[77.62772,13.7346],[77.64223,13.7468],[77.62107,13.76844],[77.68008,13.78678],[77.67172,13.76048],[77.70329,13.76979],[77.71736,13.74107],[77.71931,13.80027],[77.78153,13.81829],[77.78227,13.84408],[77.83707,13.86974],[77.81349,13.91462],[77.82659,13.94472],[77.89569,13.94104],[77.92677,13.90533],[77.98262,13.95769],[77.98459,13.8974],[77.94908,13.88645],[77.95298,13.82735],[77.9761,13.82949],[78.00048,13.87293],[78.02123,13.86383],[78.04133,13.86027],[78.04619,13.86213],[78.04887,13.89609],[78.12363,13.84535],[78.1264,13.78638],[78.09152,13.74228],[78.1208,13.71562],[78.11322,13.69274],[78.06908,13.69781],[78.08711,13.64307],[78.16758,13.65583],[78.16822,13.63285],[78.2042,13.62842],[78.19297,13.56485],[78.23634,13.59858],[78.2586,13.58301],[78.402,13.58797],[78.37532,13.50895],[78.36581,13.35865],[78.4084,13.34569],[78.37825,13.33719],[78.4011,13.31547],[78.42795,13.33129],[78.44421,13.30811],[78.4834,13.32117],[78.47931,13.30129],[78.53218,13.26694],[78.56954,13.30922],[78.58736,13.28064],[78.57946,13.21563],[78.54976,13.18969],[78.57977,13.16736],[78.51705,13.13159],[78.53851,13.10573],[78.50947,13.0915],[78.51425,13.06186],[78.4622,13.04321],[78.46746,12.97502],[78.43533,12.98104],[78.41116,12.94527],[78.41882,12.92172],[78.4667,12.90541],[78.46477,12.86676],[78.44558,12.9118],[78.3887,12.90686],[78.35588,12.94074],[78.31245,12.85852],[78.2522,12.86055],[78.23095,12.76066],[78.13424,12.78197],[78.05333,12.85385],[78.02387,12.8565],[78.00975,12.80574],[77.95234,12.85712],[77.94068,12.82334],[77.92056,12.82816],[77.94178,12.87164],[77.92932,12.89092],[77.83601,12.87033],[77.79246,12.8427],[77.80854,12.79673],[77.77884,12.76801],[77.79274,12.74786],[77.76242,12.73531],[77.76392,12.69964],[77.73518,12.69402],[77.73993,12.67299],[77.71159,12.68314],[77.70423,12.6614],[77.67865,12.66039],[77.65991,12.68384],[77.59887,12.66716],[77.58035,12.55159],[77.5872,12.51475],[77.61633,12.50918],[77.58368,12.4788],[77.63463,12.4876],[77.61681,12.3682],[77.55134,12.29121],[77.47906,12.27127],[77.47191,12.20842],[77.61075,12.20614],[77.73334,12.17808],[77.77639,12.11228],[77.70891,12.03602],[77.67569,11.95198],[77.4948,11.94385],[77.4862,11.88741],[77.46163,11.89998],[77.46661,11.84708],[77.42724,11.76087],[77.39446,11.78763],[77.33515,11.77123],[77.29385,11.809],[77.24988,11.81301],[77.2386,11.79465],[77.11075,11.77347],[77.11771,11.72107],[77.08022,11.73598],[77.05643,11.76978],[77.06692,11.78798],[77.0351,11.76978],[77.02988,11.80467],[76.98299,11.81185],[76.96992,11.77686],[76.90038,11.78392],[76.83501,11.65542],[76.85358,11.59697],[76.75692,11.61844],[76.61398,11.60755],[76.55995,11.62247],[76.55056,11.67419],[76.51168,11.70498],[76.45821,11.66433],[76.41673,11.67174],[76.41423,11.75885],[76.33974,11.739],[76.28022,11.81161],[76.22372,11.8082],[76.19039,11.87121],[76.11994,11.85047],[76.1123,11.97866],[76.0032,11.93139],[75.85886,11.95942],[75.80107,12.03701],[75.80255,12.07856],[75.71473,12.07044],[75.70326,12.10817],[75.66198,12.09918],[75.63605,12.14917],[75.59256,12.14785],[75.53261,12.20145],[75.53969,12.21681],[75.4794,12.29541],[75.41392,12.29067],[75.43215,12.30899],[75.4104,12.34719],[75.42193,12.37266],[75.37261,12.40025],[75.36563,12.45675],[75.41332,12.45857],[75.41736,12.49844],[75.38223,12.50202],[75.36082,12.46497],[75.3366,12.46408],[75.333,12.49833],[75.27396,12.5356],[75.27289,12.56897],[75.31539,12.57254],[75.32701,12.59239],[75.27635,12.61851],[75.22032,12.5691],[75.20174,12.63002],[75.16068,12.62213],[75.13851,12.64344],[75.152,12.68324],[75.08601,12.70403],[75.08517,12.67476],[75.04664,12.66757],[75.05246,12.72008],[75.00099,12.71639],[75.0134,12.72795],[74.98327,12.7372],[75.00945,12.76751],[75.00316,12.79167],[74.86419,12.76138],[74.82443,12.84906],[74.71637,13.31258],[74.69359,13.34371],[74.66851,13.64017],[74.60993,13.86555],[74.56921,13.94678],[74.51398,13.98686],[74.39767,14.40818],[74.35473,14.52217],[74.31022,14.52137],[74.31473,14.54572],[74.293,14.59649],[74.27358,14.62748],[74.27043,14.62698],[74.2843,14.66357],[74.2628,14.71981],[74.23424,14.74843],[74.20403,14.71928],[74.09277,14.804],[74.12426,14.805],[74.1251,14.83789],[74.09648,14.89745],[74.08578,14.9009],[74.12423,14.92532],[74.16212,14.91214],[74.16361,14.95848],[74.20154,14.92572],[74.2367,14.96685],[74.2526,14.95909],[74.25361,14.99815],[74.29649,15.04121],[74.27265,15.0975],[74.31696,15.18626],[74.30161,15.22434],[74.25117,15.25877],[74.33587,15.29546],[74.3232,15.36768],[74.27587,15.39159],[74.25091,15.49159],[74.28265,15.53142],[74.24519,15.5666],[74.2643,15.61551],[74.24416,15.62611],[74.25044,15.65726],[74.22378,15.66898],[74.20513,15.65103],[74.18193,15.68221],[74.13554,15.64837],[74.08806,15.67226],[74.12577,15.68097],[74.12217,15.72073],[74.22103,15.786],[74.24026,15.74332],[74.35843,15.77483],[74.38309,15.8491],[74.33821,15.85492],[74.36326,15.87492],[74.3647,15.89386],[74.36861,15.89436],[74.40617,15.85538],[74.38687,15.90498],[74.46322,16.03919],[74.42969,16.05915],[74.3734,16.03644],[74.36133,16.05384],[74.42762,16.11197],[74.48156,16.08889],[74.49123,16.10431],[74.47983,16.14713],[74.508,16.20226],[74.48048,16.25013],[74.41761,16.258],[74.4146,16.28248],[74.38575,16.27739],[74.37354,16.29649],[74.32493,16.27176],[74.34255,16.29803],[74.31661,16.32656],[74.31719,16.381],[74.33587,16.39374],[74.35341,16.36642],[74.36369,16.40509],[74.33505,16.40141],[74.33259,16.45476],[74.28928,16.46297],[74.2909,16.5049],[74.26077,16.4801],[74.24737,16.49691],[74.27801,16.50446],[74.27054,16.54796],[74.30614,16.50369],[74.31571,16.55445],[74.35625,16.55975],[74.37983,16.52859],[74.39663,16.58327],[74.46671,16.60682],[74.46874,16.6638],[74.48903,16.63014],[74.54449,16.63547],[74.56854,16.55387],[74.62863,16.57773],[74.64001,16.61045],[74.68698,16.60679],[74.65348,16.63883],[74.68955,16.67703],[74.69102,16.71554],[74.84982,16.77276],[74.92014,16.7725],[74.90152,16.86255],[74.96036,16.88095],[74.96358,16.90971],[74.92178,16.92986],[74.93171,16.94476],[74.96454,16.92678],[74.96436,16.94763],[74.99291,16.95207],[75.02523,16.928],[75.08933,16.95158],[75.13648,16.87449],[75.18899,16.87528],[75.18185,16.8434],[75.2142,16.8417],[75.28203,16.88029],[75.2796,16.95656],[75.39214,16.98009],[75.42788,16.96649],[75.46555,16.98837],[75.48908,16.94442],[75.56765,16.96575],[75.5731,17.00961],[75.60689,17.00457],[75.60786,16.971],[75.67032,16.96205],[75.66969,17.03816],[75.641,17.03758],[75.67672,17.06542],[75.67229,17.116],[75.65035,17.11569],[75.62538,17.174],[75.66191,17.21458],[75.65772,17.26321],[75.60373,17.3055],[75.61003,17.34504],[75.58085,17.35122],[75.57414,17.3833],[75.61352,17.39192],[75.63298,17.47721],[75.67588,17.45594],[75.69073,17.40947],[75.73359,17.42009],[75.79294,17.3697],[75.81366,17.37276],[75.82144,17.42122],[75.86088,17.38559],[75.88419,17.41796],[75.89058,17.35652],[75.93082,17.32257],[76.01433,17.35353],[76.06054,17.35531],[76.07913,17.3316],[76.11895,17.3705],[76.16262,17.34522],[76.17631,17.30079],[76.17031,17.35262],[76.24279,17.37882],[76.27636,17.33457],[76.3453,17.35445],[76.35401,17.31432],[76.38316,17.31453],[76.40912,17.37139],[76.36343,17.37767],[76.37151,17.43642],[76.33326,17.4339],[76.33069,17.47019],[76.37552,17.49022],[76.34576,17.49253],[76.36722,17.51945],[76.34069,17.54247],[76.33129,17.59742],[76.41968,17.60371],[76.42919,17.64495],[76.48975,17.6605],[76.48723,17.71476],[76.5239,17.71515],[76.52328,17.7598],[76.57271,17.76054],[76.5822,17.70527],[76.61533,17.7704],[76.66419,17.68756],[76.69084,17.681],[76.69965,17.72725],[76.72827,17.73756],[76.71409,17.78094],[76.76204,17.78702],[76.79039,17.82633],[76.73848,17.85668],[76.73997,17.8997],[76.80667,17.87058],[76.83972,17.89937],[76.88427,17.89429],[76.91898,17.91595],[76.90564,18.00971],[76.91432,18.03536],[76.95231,18.04022],[76.94521,18.0832],[76.96635,18.0982],[76.9205,18.11818],[76.95193,18.1881],[76.99061,18.18999],[77.00111,18.1609],[77.0233,18.15851],[77.03318,18.18199],[77.06396,18.15065],[77.11154,18.15583],[77.0976,18.19672],[77.15152,18.21704],[77.17481,18.28486],[77.21301,18.28032],[77.19871,18.31545],[77.24639,18.37077],[77.24177,18.41261],[77.31506,18.44277],[77.33429,18.42211],[77.36564,18.45156]]],[[[77.27215,18.47296],[77.29953,18.46488],[77.26747,18.45461],[77.27215,18.47296]]]]}},{"type":"Feature","properties":{"name":"Andhra Pradesh"},"geometry":{"type":"MultiPolygon","coordinates":[[[[82.31921,16.56772],[82.31906,16.56629],[82.31816,16.56719],[82.31921,16.56772]]],[[[82.31515,16.57212],[82.31884,16.56799],[82.31733,16.56767],[82.31515,16.57212]]],[[[82.34457,16.60689],[82.33592,16.58951],[82.33131,16.59176],[82.3295,16.5951],[82.34457,16.60689]]],[[[82.33094,16.61797],[82.33519,16.60284],[82.33066,16.60707],[82.33094,16.61797]]],[[[83.00982,17.484],[83.00907,17.4833],[83.00909,17.4841],[83.00982,17.484]]],[[[83.11001,17.54324],[83.10944,17.5425],[83.10932,17.5431],[83.11001,17.54324]]],[[[83.11093,17.54395],[83.11051,17.54378],[83.11069,17.54416],[83.11093,17.54395]]],[[[83.24054,17.61977],[83.24001,17.6199],[83.24043,17.62019],[83.24054,17.61977]]],[[[84.55726,18.80641],[84.55666,18.8055],[84.55647,18.80629],[84.55726,18.80641]]],[[[84.57687,18.83634],[84.57663,18.83584],[84.57651,18.83625],[84.57687,18.83634]]],[[[84.5774,18.83789],[84.5766,18.83726],[84.5767,18.83789],[84.5774,18.83789]]],[[[84.67778,19.16639],[84.71201,19.15828],[84.7028,19.11786],[84.76146,19.07912],[84.5871,18.86744],[84.55784,18.81775],[84.5515,18.79049],[84.35473,18.55491],[84.15065,18.37727],[84.12686,18.31337],[83.86039,18.17428],[83.79497,18.1684],[83.80526,18.15404],[83.56937,18.0118],[83.54185,17.96118],[83.40707,17.84094],[83.41087,17.80936],[83.34594,17.72605],[83.29693,17.69371],[83.21232,17.59074],[83.03123,17.51332],[82.99207,17.47255],[82.59626,17.28279],[82.31931,17.05785],[82.24144,16.90804],[82.24827,16.87647],[82.31423,16.84588],[82.36157,16.85445],[82.35771,16.95003],[82.32626,16.98833],[82.35565,16.96779],[82.36636,16.91136],[82.36527,16.87599],[82.3418,16.72844],[82.33334,16.71673],[82.34493,16.70455],[82.32769,16.68492],[82.354,16.70563],[82.34645,16.71564],[82.36534,16.70665],[82.31729,16.66227],[82.32905,16.61448],[82.31887,16.57683],[82.31282,16.66801],[82.31214,16.62708],[82.28426,16.62603],[82.29882,16.58644],[82.26308,16.56302],[82.29711,16.5676],[82.28999,16.55487],[82.29964,16.55819],[82.29915,16.57224],[82.30087,16.56239],[82.31067,16.56774],[82.31344,16.56482],[82.31367,16.55874],[82.31285,16.56349],[82.29948,16.55594],[82.23491,16.54601],[81.95773,16.39237],[81.87815,16.38263],[81.72079,16.30686],[81.69064,16.32747],[81.48724,16.35507],[81.30301,16.3021],[81.21376,16.20722],[81.14805,15.9737],[81.00477,15.8378],[81.00846,15.75293],[80.93722,15.7144],[80.82152,15.70934],[80.80964,15.72193],[80.80923,15.73497],[80.79808,15.74242],[80.78843,15.75723],[80.78772,15.76426],[80.79046,15.76986],[80.79965,15.77677],[80.79122,15.75363],[80.81024,15.73526],[80.81143,15.72706],[80.81671,15.71699],[80.82227,15.71042],[80.81753,15.74936],[80.77963,15.8353],[80.80091,15.80579],[80.80702,15.84045],[80.68061,15.8854],[80.42856,15.80468],[80.28224,15.68527],[80.22063,15.60092],[80.23506,15.59059],[80.22479,15.53348],[80.19423,15.50501],[80.20496,15.47389],[80.08474,15.28334],[80.08903,15.21193],[80.04698,15.08018],[80.09772,14.77955],[80.19551,14.58583],[80.12641,14.16432],[80.14978,14.03177],[80.25309,13.78592],[80.23365,13.65845],[80.26854,13.56454],[80.24181,13.47065],[80.13921,13.50427],[80.07819,13.48881],[80.08126,13.54975],[79.9986,13.54272],[80.04842,13.51225],[80.04662,13.49368],[80.0159,13.49795],[79.97242,13.46909],[79.97334,13.42967],[79.93457,13.41645],[79.96275,13.39136],[79.93311,13.35192],[79.91597,13.35987],[79.86281,13.31692],[79.8089,13.31725],[79.79173,13.29352],[79.76027,13.3182],[79.73065,13.28287],[79.79473,13.2421],[79.79449,13.22632],[79.75499,13.20648],[79.73732,13.23653],[79.71641,13.21642],[79.70912,13.25104],[79.68427,13.24443],[79.68261,13.29582],[79.63164,13.2697],[79.59606,13.28485],[79.57927,13.25779],[79.5346,13.2754],[79.53731,13.33865],[79.43543,13.35171],[79.38189,13.30749],[79.42004,13.28955],[79.44542,13.30125],[79.40842,13.26527],[79.43087,13.22985],[79.45329,13.23849],[79.43843,13.18818],[79.37403,13.18926],[79.38773,13.17753],[79.35612,13.16458],[79.3605,13.12354],[79.34131,13.13682],[79.30719,13.10552],[79.31246,13.12614],[79.28402,13.12277],[79.28034,13.15287],[79.25746,13.16074],[79.24527,13.13828],[79.23493,13.17084],[79.21003,13.14846],[79.23287,13.13937],[79.23443,13.10523],[79.18066,13.08424],[79.193,13.0467],[79.16312,13.02027],[79.11448,13.03927],[79.08091,13.02573],[78.995,13.08661],[78.92394,13.08081],[78.90368,13.04771],[78.92916,13.04576],[78.94081,13.03641],[78.93711,13.03043],[78.89164,13.03306],[78.89158,13.09709],[78.81314,13.08914],[78.75178,13.05494],[78.71452,13.06868],[78.70527,13.01524],[78.65621,13.03117],[78.6209,12.99124],[78.65701,12.93211],[78.63344,12.93175],[78.59252,12.78268],[78.55563,12.75579],[78.55588,12.70016],[78.54091,12.69067],[78.53491,12.69112],[78.52961,12.71022],[78.54428,12.71094],[78.49317,12.74715],[78.52001,12.71201],[78.50307,12.71677],[78.49933,12.67509],[78.4679,12.67589],[78.46497,12.62403],[78.37942,12.62501],[78.30099,12.66587],[78.27215,12.70467],[78.24456,12.70633],[78.23771,12.68576],[78.19932,12.69538],[78.24101,12.72994],[78.2522,12.86055],[78.31245,12.85852],[78.3541,12.93969],[78.3887,12.90686],[78.44558,12.9118],[78.46477,12.86676],[78.4667,12.90541],[78.41882,12.92172],[78.41116,12.94527],[78.43533,12.98104],[78.46746,12.97502],[78.4622,13.04321],[78.51425,13.06186],[78.50947,13.0915],[78.53851,13.10573],[78.51705,13.13159],[78.57977,13.16736],[78.55006,13.20018],[78.5787,13.21299],[78.58736,13.28064],[78.56555,13.312],[78.53218,13.26694],[78.47931,13.30129],[78.4834,13.32117],[78.44421,13.30811],[78.44038,13.32843],[78.4011,13.31547],[78.37715,13.33197],[78.40868,13.34288],[78.36508,13.3618],[78.402,13.58797],[78.2586,13.58301],[78.23634,13.59858],[78.19297,13.56485],[78.2042,13.62842],[78.16822,13.63285],[78.16758,13.65583],[78.08711,13.64307],[78.06572,13.67614],[78.06908,13.69781],[78.11322,13.69274],[78.1208,13.71562],[78.09152,13.74228],[78.12662,13.78711],[78.11478,13.86289],[78.08191,13.86124],[78.04887,13.89609],[78.04619,13.86213],[78.00048,13.87293],[77.9761,13.82949],[77.95298,13.82735],[77.94908,13.88645],[77.98459,13.8974],[77.98753,13.9555],[77.96743,13.96016],[77.92677,13.90533],[77.89569,13.94104],[77.82659,13.94472],[77.81349,13.91462],[77.83707,13.86974],[77.78227,13.84408],[77.78153,13.81829],[77.71931,13.80027],[77.71736,13.74107],[77.70329,13.76979],[77.67172,13.76048],[77.68008,13.78678],[77.65149,13.78413],[77.61769,13.76268],[77.64188,13.74783],[77.63058,13.73592],[77.59997,13.75076],[77.56093,13.72234],[77.54744,13.7529],[77.52556,13.7533],[77.52834,13.69301],[77.48504,13.71478],[77.49211,13.68981],[77.45533,13.68226],[77.46459,13.80608],[77.42257,13.79909],[77.43252,13.84322],[77.36243,13.85425],[77.32538,13.83324],[77.3115,13.86658],[77.25669,13.84652],[77.23562,13.90414],[77.20043,13.86304],[77.18139,13.86984],[77.18471,13.92519],[77.16193,13.90662],[77.16858,13.86449],[77.1282,13.85646],[77.16868,13.82962],[77.17305,13.76201],[77.09044,13.76714],[77.08563,13.74244],[77.0647,13.74383],[77.02447,13.77922],[77.0165,13.73851],[76.9985,13.74557],[76.97802,13.82687],[77.01422,13.86031],[77.02303,13.9026],[77.04729,13.9066],[77.04166,13.93343],[76.99377,13.96256],[76.99949,13.99034],[76.93113,14.0302],[76.93238,14.05392],[76.97757,14.07129],[76.92498,14.13711],[76.88591,14.13824],[76.89453,14.16781],[76.94237,14.17333],[76.94757,14.19818],[77.02333,14.17669],[77.02768,14.06175],[77.1274,14.04701],[77.14922,14.00116],[77.32223,14.02999],[77.33622,13.99537],[77.36109,13.99081],[77.34949,13.95814],[77.37129,13.95275],[77.34784,13.91596],[77.39788,13.90618],[77.39874,13.88813],[77.43504,13.91501],[77.41209,13.94556],[77.43536,13.94751],[77.43788,13.97552],[77.38164,13.97623],[77.39016,14.0167],[77.3323,14.03069],[77.40092,14.11871],[77.34747,14.10364],[77.35171,14.1311],[77.37894,14.13584],[77.39372,14.17425],[77.50351,14.15712],[77.51703,14.18281],[77.49279,14.23101],[77.49828,14.27885],[77.45028,14.28071],[77.44622,14.31747],[77.40644,14.33775],[77.37703,14.3076],[77.41769,14.22584],[77.3926,14.19884],[77.35949,14.23401],[77.36382,14.27583],[77.28354,14.28274],[77.28657,14.3401],[77.2382,14.31736],[77.1389,14.33997],[77.1008,14.21714],[77.05246,14.2455],[76.94006,14.24461],[76.9249,14.27378],[76.95672,14.29435],[76.88464,14.34754],[76.88482,14.39571],[76.91583,14.42069],[76.94271,14.39934],[76.94479,14.4509],[76.97481,14.48533],[76.86796,14.47404],[76.76499,14.60212],[76.80294,14.74188],[76.78269,14.78594],[76.85398,14.80944],[76.84548,14.88929],[76.86962,14.93771],[76.86746,14.96982],[76.8285,14.95646],[76.76654,14.97562],[76.79013,15.02071],[76.77669,15.0784],[76.80024,15.09583],[76.83602,15.07923],[76.87716,15.03021],[76.98522,15.01519],[77.04956,15.03308],[77.04412,15.00984],[77.08245,15.00608],[77.15633,15.12293],[77.13541,15.14975],[77.16913,15.17135],[77.14766,15.22391],[77.12512,15.22694],[77.16693,15.26858],[77.11838,15.29485],[77.1131,15.33368],[77.06373,15.32802],[77.03353,15.43289],[76.97384,15.49953],[77.03004,15.50265],[77.03043,15.63449],[77.08319,15.65915],[77.12142,15.63108],[77.12888,15.66586],[77.04594,15.74036],[77.0652,15.82819],[77.02519,15.83751],[77.07476,15.91202],[77.24887,15.96456],[77.8036,15.87446],[77.88806,15.90641],[78.00894,15.86208],[78.03196,15.90767],[78.08363,15.84125],[78.13407,15.83658],[78.13561,15.85503],[78.17541,15.8584],[78.1845,15.91014],[78.25168,15.93555],[78.26093,16.02613],[78.31233,16.01183],[78.40795,16.07512],[78.55182,16.04312],[78.62729,16.08795],[78.73554,16.00847],[78.78319,16.02061],[78.8378,16.07217],[78.83389,16.14479],[78.87219,16.14428],[78.89564,16.08589],[78.92207,16.10463],[78.90544,16.1839],[78.98576,16.21102],[79.00955,16.24052],[79.11976,16.23225],[79.15698,16.2096],[79.21658,16.22771],[79.23432,16.33414],[79.21023,16.35853],[79.21159,16.44769],[79.23339,16.4595],[79.21486,16.48821],[79.25687,16.56611],[79.41866,16.58054],[79.44719,16.62001],[79.54211,16.63254],[79.59894,16.67352],[79.6331,16.66072],[79.68155,16.69466],[79.7229,16.69057],[79.774,16.73106],[79.81727,16.69216],[79.87753,16.69759],[79.91011,16.63421],[79.96307,16.64383],[80.05495,16.74494],[80.0706,16.80198],[80.04684,16.85363],[79.99876,16.8655],[80.01738,16.91526],[80.0404,16.91836],[80.05544,16.97142],[80.14024,16.99059],[80.19645,17.04403],[80.21142,17.01055],[80.29358,16.99661],[80.3217,16.87963],[80.37407,16.85239],[80.38042,16.81774],[80.40778,16.84851],[80.37857,16.85185],[80.38315,16.86531],[80.46424,16.81998],[80.46445,16.79545],[80.57024,16.76801],[80.61297,16.79354],[80.56283,16.83313],[80.60205,16.9187],[80.53468,16.96169],[80.49923,16.95633],[80.49343,16.92771],[80.3634,16.97607],[80.40703,17.0158],[80.38572,17.0682],[80.40903,17.0915],[80.43861,17.03786],[80.46484,17.0303],[80.50538,17.06874],[80.51406,17.12233],[80.58,17.15334],[80.67055,17.10119],[80.65379,17.06889],[80.73888,17.07959],[80.84531,17.03997],[80.87723,17.07056],[80.87944,17.16083],[80.92399,17.15785],[80.91884,17.22001],[81.03123,17.1906],[81.05461,17.22487],[81.17393,17.23061],[81.19037,17.32508],[81.27398,17.31746],[81.32264,17.37455],[81.31238,17.40872],[81.14825,17.46365],[81.15968,17.48437],[81.12728,17.52642],[81.09756,17.50426],[81.0199,17.52003],[80.9694,17.59806],[80.8554,17.60187],[80.86149,17.63421],[80.91105,17.63802],[80.88555,17.73568],[80.92785,17.76178],[80.97342,17.78012],[80.99132,17.74992],[81.05817,17.73309],[81.10426,17.77201],[81.09397,17.80927],[81.16613,17.8576],[81.26626,17.80952],[81.39185,17.79418],[81.39655,17.82023],[81.47392,17.83797],[81.49005,17.81269],[81.57432,17.83717],[81.61655,17.82208],[81.66973,17.88655],[81.69853,17.90135],[81.70917,17.872],[81.72562,17.87886],[81.80989,17.95098],[81.96297,17.99925],[82.03232,18.06932],[82.16884,18.05195],[82.18781,18.01473],[82.26558,17.99863],[82.27261,18.05722],[82.34388,18.05799],[82.3388,18.14692],[82.37232,18.14816],[82.31084,18.20409],[82.33706,18.2243],[82.34466,18.28055],[82.39234,18.29795],[82.38896,18.32851],[82.33822,18.32671],[82.38555,18.36751],[82.36421,18.42154],[82.48275,18.54872],[82.50433,18.51387],[82.53216,18.51099],[82.51942,18.4656],[82.5614,18.44849],[82.53553,18.40617],[82.62123,18.35971],[82.58131,18.31517],[82.59866,18.30419],[82.58779,18.27606],[82.63768,18.2367],[82.64265,18.30203],[82.77409,18.34032],[82.79954,18.40675],[82.78216,18.43079],[82.80314,18.44925],[82.85242,18.4192],[82.895,18.4241],[82.89419,18.38157],[82.93973,18.36082],[83.02192,18.3917],[83.05449,18.37999],[83.07705,18.40335],[83.06731,18.43009],[83.04253,18.42423],[83.02095,18.45624],[83.09504,18.54664],[83.04535,18.54418],[83.02976,18.57351],[83.05279,18.60068],[83.02379,18.58965],[83.00047,18.60798],[83.01313,18.64605],[83.05802,18.66531],[83.13903,18.78536],[83.21245,18.73049],[83.22461,18.77509],[83.27135,18.76464],[83.28434,18.79788],[83.33062,18.80635],[83.36815,18.84406],[83.40588,18.84252],[83.41475,18.87496],[83.35248,18.94346],[83.38738,18.93298],[83.35474,18.9673],[83.34844,18.92629],[83.3265,18.93198],[83.33902,18.95278],[83.31065,18.99867],[83.33878,18.99701],[83.34292,19.01814],[83.40047,19.0094],[83.46183,18.95478],[83.44994,19.00966],[83.47968,19.00847],[83.48335,19.03355],[83.46798,19.09312],[83.51171,19.07032],[83.50094,19.02066],[83.53671,19.0095],[83.54905,19.08052],[83.58446,19.05757],[83.62603,19.16267],[83.70014,19.02545],[83.73002,19.02196],[83.70948,19.00264],[83.75386,18.92513],[83.78789,18.91587],[83.74485,18.98798],[83.79469,19.01798],[83.84601,18.8691],[83.89316,18.81447],[84.03848,18.81643],[84.08946,18.75678],[84.13809,18.76149],[84.1635,18.7893],[84.34455,18.8018],[84.33106,18.81785],[84.36385,18.83712],[84.33053,18.88322],[84.37423,18.86139],[84.36027,18.89455],[84.39213,18.8763],[84.37893,18.90422],[84.41802,18.8972],[84.43802,18.92046],[84.42422,18.94725],[84.45243,18.97598],[84.43222,18.99505],[84.42109,19.02199],[84.47889,18.98846],[84.49437,19.029],[84.57286,19.07372],[84.6009,19.02479],[84.61831,19.06587],[84.67085,19.07633],[84.65897,19.09443],[84.62549,19.08491],[84.59553,19.13245],[84.66732,19.12986],[84.67778,19.16639]],[[84.35327,18.78989],[84.35011,18.78757],[84.35171,18.78577],[84.35327,18.78989]],[[84.33959,18.7894],[84.32927,18.7872],[84.33936,18.77869],[84.33959,18.7894]],[[82.22597,16.75808],[82.18629,16.73706],[82.19335,16.72163],[82.26674,16.69459],[82.3104,16.7187],[82.30549,16.74818],[82.26982,16.72173],[82.21749,16.73272],[82.22597,16.75808]],[[78.39526,13.35095],[78.39584,13.35111],[78.39496,13.35148],[78.39526,13.35095]],[[78.53966,12.69898],[78.53623,12.69353],[78.53929,12.6927],[78.53966,12.69898]],[[79.84567,13.32758],[79.84337,13.32167],[79.85005,13.32374],[79.84567,13.32758]]]]}},{"type":"Feature","properties":{"name":"Bihar"},"geometry":{"type":"MultiPolygon","coordinates":[[[[84.51627,24.27571],[84.50523,24.26049],[84.51,24.28336],[84.51627,24.27571]]],[[[84.10906,27.52112],[84.15137,27.51667],[84.14913,27.48591],[84.20542,27.47043],[84.20893,27.4426],[84.25426,27.45405],[84.29238,27.38481],[84.62189,27.33693],[84.69114,27.21482],[84.67449,27.09591],[84.64339,27.04614],[84.75674,27.00285],[84.77342,27.01774],[84.79356,26.99584],[84.8254,27.02091],[84.89158,26.96968],[84.96258,26.96053],[84.96806,26.91614],[85.0612,26.88659],[85.02397,26.85438],[85.19084,26.86982],[85.17674,26.80962],[85.21262,26.758],[85.33451,26.74167],[85.40774,26.79135],[85.45456,26.78178],[85.57556,26.86099],[85.58566,26.84736],[85.63455,26.87221],[85.73448,26.79587],[85.73418,26.65076],[85.81774,26.6028],[85.85126,26.60868],[85.84921,26.569],[85.94818,26.61396],[85.96012,26.65101],[86.02758,26.66679],[86.13876,26.62885],[86.13633,26.60634],[86.19224,26.61484],[86.21768,26.58848],[86.25269,26.61711],[86.33289,26.61914],[86.54155,26.53872],[86.57025,26.49656],[86.7314,26.42262],[86.7665,26.45944],[86.83377,26.4391],[86.89423,26.46193],[86.89168,26.48619],[86.92999,26.48968],[86.93216,26.51695],[87.01536,26.53204],[87.04467,26.58723],[87.07182,26.58581],[87.09165,26.45029],[87.16256,26.4039],[87.26105,26.40927],[87.26602,26.37388],[87.34109,26.34752],[87.36889,26.40794],[87.46377,26.43951],[87.6104,26.38078],[87.65188,26.39342],[87.67756,26.43546],[87.76476,26.40988],[87.78951,26.46943],[87.84883,26.43646],[87.88829,26.48676],[87.92694,26.4178],[87.99192,26.39256],[87.99535,26.36601],[88.0305,26.36492],[88.0345,26.39191],[88.09598,26.43999],[88.09807,26.53795],[88.13005,26.51602],[88.22549,26.55675],[88.22968,26.53504],[88.17989,26.48764],[88.22436,26.48195],[88.20982,26.46923],[88.26958,26.42045],[88.23222,26.3796],[88.27626,26.37944],[88.29353,26.35082],[88.21063,26.27779],[88.1444,26.25224],[88.07185,26.1742],[88.03723,26.17871],[87.99988,26.1384],[87.9749,26.14337],[87.9868,26.10141],[87.96361,26.09463],[87.98562,26.07766],[87.9455,26.06076],[87.92805,26.08307],[87.85593,26.03598],[87.83843,25.93149],[87.80737,25.92985],[87.82983,25.87065],[87.91469,25.85395],[87.88804,25.83066],[87.91588,25.8164],[87.90417,25.77113],[87.93797,25.77393],[87.9657,25.72562],[88.04865,25.69709],[88.0368,25.64164],[88.05526,25.63782],[88.02026,25.59115],[88.07338,25.48431],[88.01352,25.51121],[87.99578,25.49954],[87.96333,25.53954],[87.92772,25.5372],[87.90276,25.50532],[87.88437,25.52057],[87.86931,25.469],[87.83935,25.46784],[87.82478,25.43795],[87.78726,25.4504],[87.76588,25.38527],[87.79231,25.37355],[87.79596,25.3262],[87.86143,25.28142],[87.8273,25.23529],[87.71134,25.25764],[87.69208,25.31153],[87.61197,25.31266],[87.58389,25.34918],[87.55169,25.3325],[87.54272,25.28094],[87.4861,25.29727],[87.50049,25.25979],[87.4764,25.23785],[87.47781,25.19414],[87.40098,25.2269],[87.37152,25.20625],[87.32729,25.22362],[87.2954,25.08854],[87.25034,25.10573],[87.21429,25.09123],[87.14623,25.02001],[87.15555,24.88502],[87.07434,24.81985],[87.09574,24.80272],[87.05064,24.60878],[86.93759,24.65017],[86.90732,24.58816],[86.91458,24.54221],[86.88051,24.57219],[86.85684,24.55488],[86.84265,24.57423],[86.80315,24.57032],[86.81124,24.59827],[86.78901,24.61869],[86.75399,24.6213],[86.73469,24.57949],[86.67024,24.56488],[86.60329,24.60838],[86.55232,24.53597],[86.50957,24.52219],[86.49128,24.42808],[86.4665,24.42386],[86.47193,24.39335],[86.4449,24.36783],[86.3499,24.44739],[86.27601,24.4658],[86.32321,24.58679],[86.25921,24.57867],[86.2143,24.61379],[86.18048,24.58368],[86.12532,24.61148],[86.12836,24.69865],[86.09073,24.746],[86.03709,24.74113],[86.0551,24.77969],[85.9444,24.73357],[85.86723,24.80425],[85.77828,24.79663],[85.73673,24.82106],[85.70736,24.77976],[85.70826,24.72591],[85.64921,24.68477],[85.66738,24.57889],[85.58077,24.60068],[85.57177,24.56182],[85.54074,24.56272],[85.52396,24.52127],[85.49166,24.5481],[85.43463,24.52852],[85.38435,24.55549],[85.37078,24.55535],[85.39193,24.53035],[85.28809,24.52326],[85.28233,24.49167],[85.24911,24.49073],[85.22584,24.46313],[85.16075,24.46034],[85.1739,24.42062],[85.08905,24.3725],[85.08102,24.43304],[85.06111,24.40586],[85.03117,24.41457],[84.97489,24.37471],[84.90383,24.37225],[84.88728,24.46328],[84.8401,24.45219],[84.83894,24.51261],[84.80189,24.53074],[84.68532,24.45512],[84.66507,24.39088],[84.56819,24.40944],[84.57236,24.38262],[84.52782,24.37574],[84.53144,24.33821],[84.4959,24.28607],[84.50529,24.33133],[84.48449,24.31267],[84.45961,24.33709],[84.4244,24.32984],[84.43111,24.35652],[84.34162,24.39355],[84.32053,24.42107],[84.3356,24.43149],[84.29738,24.44939],[84.2961,24.47348],[84.32753,24.49236],[84.29684,24.56058],[84.27053,24.56001],[84.25679,24.52688],[84.18723,24.55293],[84.16975,24.50333],[84.14428,24.53825],[84.11081,24.47674],[84.05202,24.60992],[84.00779,24.64289],[83.93613,24.54912],[83.87315,24.53175],[83.72057,24.50345],[83.5033,24.52535],[83.54798,24.62328],[83.50049,24.65125],[83.52038,24.6775],[83.48513,24.70167],[83.48934,24.73633],[83.4581,24.73135],[83.39305,24.78273],[83.39659,24.83235],[83.35743,24.87091],[83.34981,25.00925],[83.32022,25.01726],[83.36737,25.12523],[83.35725,25.19966],[83.40204,25.20906],[83.40991,25.24661],[83.46792,25.25234],[83.49038,25.28948],[83.55409,25.30849],[83.53991,25.31579],[83.57372,25.30613],[83.6488,25.33927],[83.65595,25.36836],[83.69371,25.36963],[83.70168,25.39616],[83.74059,25.41063],[83.76897,25.38636],[83.80784,25.4091],[83.80156,25.42983],[83.84635,25.43435],[83.81656,25.46276],[83.85611,25.46804],[83.87621,25.51806],[83.9212,25.55198],[84.08128,25.63631],[84.07516,25.69527],[84.10506,25.72122],[84.15467,25.72924],[84.19889,25.70208],[84.20601,25.66946],[84.27686,25.66041],[84.30026,25.66539],[84.28761,25.67755],[84.32435,25.67103],[84.33634,25.74423],[84.3917,25.74516],[84.40674,25.69842],[84.45351,25.71433],[84.49934,25.67468],[84.52887,25.68249],[84.53944,25.72673],[84.53519,25.69077],[84.55743,25.67951],[84.56028,25.7369],[84.63465,25.72794],[84.60296,25.76194],[84.62457,25.79217],[84.55211,25.84018],[84.53052,25.83161],[84.53398,25.87637],[84.42756,25.89124],[84.4119,25.93078],[84.35395,25.95878],[84.29691,25.94517],[84.20708,25.99983],[84.17003,25.98768],[84.17246,26.0246],[84.11777,26.07998],[84.05597,26.09999],[84.00938,26.17559],[84.03924,26.20905],[84.01231,26.2324],[84.08641,26.21875],[84.12169,26.25887],[84.16621,26.24095],[84.17644,26.37128],[84.07917,26.38251],[84.01683,26.44755],[83.99126,26.43224],[83.90786,26.44729],[83.90809,26.51908],[83.97083,26.50751],[83.97613,26.53351],[84.04812,26.5364],[84.0865,26.63914],[84.28132,26.5996],[84.41971,26.62681],[84.41041,26.67025],[84.33006,26.6841],[84.30587,26.74949],[84.25542,26.72662],[84.24067,26.73872],[84.25409,26.85659],[84.21949,26.8716],[84.1661,26.83377],[84.14061,26.85265],[84.14641,26.88542],[84.06027,26.8881],[84.03214,26.94118],[84.05483,26.96006],[84.0495,27.04327],[84.00006,27.06859],[84.03034,27.09763],[83.94647,27.09082],[83.99418,27.17517],[83.97018,27.22399],[83.90507,27.25762],[83.93247,27.31139],[83.83657,27.32222],[83.88325,27.37424],[83.83311,27.42508],[83.84726,27.44564],[84.02693,27.43354],[84.10906,27.52112]]]]}},{"type":"Feature","properties":{"name":"Goa"},"geometry":{"type":"MultiPolygon","coordinates":[[[[74.10876,14.7636],[74.10707,14.75577],[74.10666,14.76369],[74.10876,14.7636]]],[[[74.08635,14.79548],[74.0891,14.79529],[74.08858,14.79354],[74.08635,14.79548]]],[[[74.05484,14.81699],[74.05712,14.81543],[74.05433,14.81632],[74.05484,14.81699]]],[[[74.07217,14.82013],[74.07192,14.81996],[74.07179,14.8201],[74.07217,14.82013]]],[[[74.06748,14.82037],[74.06736,14.82022],[74.06721,14.82034],[74.06748,14.82037]]],[[[74.06232,14.821],[74.06579,14.81973],[74.0625,14.81944],[74.06232,14.821]]],[[[74.05671,14.82043],[74.06162,14.82001],[74.05748,14.819],[74.05671,14.82043]]],[[[74.09369,14.83849],[74.09571,14.83727],[74.09348,14.83596],[74.09369,14.83849]]],[[[74.09734,14.84259],[74.10143,14.84483],[74.10091,14.84155],[74.09734,14.84259]]],[[[74.09677,14.84781],[74.09774,14.84807],[74.09787,14.84782],[74.09677,14.84781]]],[[[74.09471,14.87782],[74.09631,14.8768],[74.09467,14.87631],[74.09471,14.87782]]],[[[74.09237,14.88069],[74.09223,14.88051],[74.09221,14.88069],[74.09237,14.88069]]],[[[74.0939,14.88105],[74.09375,14.88096],[74.09377,14.88111],[74.0939,14.88105]]],[[[74.0942,14.88117],[74.09402,14.88111],[74.09405,14.88124],[74.0942,14.88117]]],[[[74.09351,14.88155],[74.09332,14.88142],[74.09331,14.88157],[74.09351,14.88155]]],[[[74.09282,14.88199],[74.09219,14.88246],[74.09344,14.88312],[74.09282,14.88199]]],[[[74.06503,14.89208],[74.06356,14.8922],[74.06488,14.89272],[74.06503,14.89208]]],[[[74.08536,14.89984],[74.08555,14.89844],[74.08528,14.89863],[74.08536,14.89984]]],[[[74.01408,15.00817],[74.01258,15.00628],[74.01174,15.00857],[74.01408,15.00817]]],[[[73.7604,15.34415],[73.76007,15.34418],[73.76035,15.34429],[73.7604,15.34415]]],[[[73.76665,15.34891],[73.76623,15.34878],[73.76661,15.34902],[73.76665,15.34891]]],[[[73.77375,15.34933],[73.77362,15.34912],[73.77333,15.34919],[73.77375,15.34933]]],[[[73.77578,15.34953],[73.77541,15.3495],[73.77585,15.34965],[73.77578,15.34953]]],[[[73.77658,15.34979],[73.77638,15.34971],[73.77643,15.34981],[73.77658,15.34979]]],[[[73.78315,15.35006],[73.78299,15.34995],[73.78304,15.35011],[73.78315,15.35006]]],[[[73.7638,15.34926],[73.76435,15.34882],[73.76373,15.34907],[73.7638,15.34926]]],[[[73.77339,15.34975],[73.77315,15.34962],[73.77301,15.34977],[73.77339,15.34975]]],[[[73.77463,15.34983],[73.77418,15.34963],[73.77411,15.34977],[73.77463,15.34983]]],[[[73.77125,15.34946],[73.77206,15.34964],[73.77217,15.34958],[73.77125,15.34946]]],[[[73.77105,15.34977],[73.77068,15.3496],[73.77064,15.34971],[73.77105,15.34977]]],[[[73.78515,15.35173],[73.78482,15.35159],[73.7848,15.35169],[73.78515,15.35173]]],[[[73.7685,15.35203],[73.76815,15.35189],[73.76846,15.35214],[73.7685,15.35203]]],[[[73.76911,15.3535],[73.76889,15.35345],[73.76908,15.35359],[73.76911,15.3535]]],[[[73.76159,15.35175],[73.76502,15.35206],[73.7673,15.35147],[73.76159,15.35175]]],[[[73.77262,15.35223],[73.78234,15.34912],[73.76881,15.35199],[73.77262,15.35223]]],[[[73.77637,15.35472],[73.7762,15.35472],[73.77628,15.35483],[73.77637,15.35472]]],[[[73.7747,15.35496],[73.77446,15.35491],[73.77464,15.35503],[73.7747,15.35496]]],[[[73.79336,15.37607],[73.79893,15.37679],[73.79662,15.37312],[73.79336,15.37607]]],[[[73.77436,15.4002],[73.77371,15.39975],[73.77362,15.40028],[73.77436,15.4002]]],[[[73.67993,15.72115],[73.6908,15.72923],[73.69667,15.72279],[73.67993,15.72115]]],[[[73.85571,15.80102],[73.8757,15.75128],[73.93873,15.74333],[73.96177,15.64168],[73.99336,15.61064],[74.16442,15.6535],[74.18193,15.68221],[74.20513,15.65103],[74.22378,15.66898],[74.25198,15.65431],[74.24416,15.62611],[74.2643,15.61551],[74.24519,15.5666],[74.28265,15.53142],[74.25091,15.49159],[74.27587,15.39159],[74.3232,15.36768],[74.33587,15.29546],[74.25117,15.25877],[74.30161,15.22434],[74.31696,15.18626],[74.27265,15.0975],[74.29649,15.04121],[74.25361,14.99815],[74.2526,14.95909],[74.2367,14.96685],[74.20154,14.92572],[74.15915,14.95585],[74.16212,14.91214],[74.12423,14.92532],[74.08537,14.90032],[74.04454,14.91607],[74.04104,14.99543],[74.02104,15.01717],[73.98948,15.01892],[73.98836,15.05514],[73.91288,15.08357],[73.9565,15.1355],[73.89449,15.33084],[73.87369,15.36789],[73.84243,15.35841],[73.78318,15.40953],[73.78971,15.4638],[73.68948,15.71912],[73.78497,15.72613],[73.82662,15.74336],[73.85571,15.80102]]]]}},{"type":"Feature","properties":{"name":"Jharkhand"},"geometry":{"type":"MultiPolygon","coordinates":[[[[87.83111,24.48369],[87.82776,24.48074],[87.82691,24.48297],[87.83111,24.48369]]],[[[87.58389,25.34918],[87.61197,25.31266],[87.69208,25.31153],[87.71134,25.25764],[87.78535,25.24971],[87.77436,25.12136],[87.80579,25.07265],[87.94054,24.99085],[87.9628,24.93706],[87.89133,24.85604],[87.90027,24.8241],[87.86912,24.82464],[87.86923,24.77503],[87.8374,24.76579],[87.83624,24.79021],[87.81639,24.75969],[87.90835,24.72162],[87.88775,24.67999],[87.91661,24.66575],[87.91414,24.63771],[87.88792,24.63034],[87.90603,24.61501],[87.87583,24.61523],[87.91328,24.59346],[87.84941,24.55384],[87.77122,24.58302],[87.80859,24.54669],[87.79414,24.50114],[87.80934,24.51452],[87.81168,24.49077],[87.82815,24.49862],[87.78883,24.41655],[87.81128,24.41783],[87.8011,24.38222],[87.7616,24.30847],[87.71367,24.2944],[87.70589,24.26144],[87.63437,24.24165],[87.63861,24.21399],[87.69861,24.18781],[87.69442,24.15024],[87.57615,24.16128],[87.61023,24.13253],[87.55992,24.08197],[87.49762,24.11897],[87.48983,24.09011],[87.51075,24.08225],[87.49061,24.07059],[87.51198,24.03584],[87.43834,24.01355],[87.46039,23.98383],[87.36042,24.01309],[87.32817,23.99867],[87.33712,24.03431],[87.2454,24.04506],[87.23289,24.02374],[87.26416,24.00061],[87.26153,23.96758],[87.29325,23.95863],[87.29503,23.90234],[87.26915,23.87458],[87.25828,23.90631],[87.24512,23.9082],[87.2387,23.82643],[87.21654,23.83171],[87.23368,23.85713],[87.18858,23.84315],[87.1961,23.85781],[87.13306,23.87019],[87.16702,23.82453],[87.15049,23.79756],[87.12178,23.79665],[86.97324,23.86877],[86.94515,23.84688],[86.91556,23.88243],[86.88024,23.86232],[86.8903,23.8205],[86.87422,23.84731],[86.82654,23.81394],[86.80476,23.83685],[86.82837,23.7602],[86.79904,23.68903],[86.74734,23.67879],[86.71495,23.69888],[86.59757,23.67376],[86.5354,23.63124],[86.46181,23.6303],[86.44708,23.59814],[86.38816,23.57395],[86.36511,23.53269],[86.37946,23.47364],[86.35146,23.44209],[86.30577,23.43482],[86.31055,23.41136],[86.26409,23.43077],[86.24739,23.41114],[86.22987,23.43082],[86.24557,23.45932],[86.22838,23.44288],[86.14882,23.46526],[86.15835,23.55998],[86.04206,23.58688],[86.01628,23.54732],[86.05384,23.48706],[85.87,23.47495],[85.86389,23.43136],[85.90254,23.39711],[85.87081,23.38881],[85.88307,23.35078],[85.81972,23.26888],[85.89454,23.15513],[86.04452,23.14424],[86.05126,23.10553],[86.14626,23.07496],[86.18503,23.00538],[86.2485,22.99491],[86.30374,23.016],[86.33953,22.98981],[86.50115,22.99359],[86.52119,22.97071],[86.54561,22.99028],[86.52598,22.94761],[86.47632,22.95118],[86.43534,22.92519],[86.46714,22.89993],[86.41761,22.78368],[86.51133,22.705],[86.5442,22.7216],[86.63805,22.66298],[86.63312,22.61127],[86.65903,22.57507],[86.7585,22.57788],[86.78929,22.549],[86.8016,22.48883],[86.74987,22.48295],[86.75101,22.45671],[86.76453,22.42726],[86.84635,22.39908],[86.83157,22.32878],[86.88779,22.29746],[86.88632,22.25724],[86.81359,22.26739],[86.80399,22.24358],[86.79226,22.2663],[86.80241,22.21755],[86.77907,22.21692],[86.79491,22.22779],[86.77768,22.23659],[86.74978,22.21169],[86.65483,22.23593],[86.64438,22.26849],[86.59308,22.27856],[86.58225,22.30165],[86.53276,22.30096],[86.49691,22.3472],[86.44483,22.32866],[86.4372,22.30416],[86.35814,22.34921],[86.2813,22.44866],[86.11663,22.487],[86.04544,22.56751],[85.95712,22.46482],[86.015,22.42873],[86.0272,22.38621],[85.99802,22.3416],[86.02671,22.33486],[86.0137,22.31307],[86.04721,22.30896],[85.97388,22.24708],[86.03143,22.19085],[85.99676,22.13245],[86.00738,22.11709],[85.91615,22.00878],[85.90825,21.97067],[85.76299,21.99614],[85.79344,22.08181],[85.83586,22.08016],[85.80743,22.11611],[85.68487,22.05423],[85.65162,22.09544],[85.59718,22.07912],[85.54298,22.09047],[85.39785,22.16319],[85.36612,22.15891],[85.36394,22.12346],[85.30965,22.11793],[85.23629,22.0098],[85.18057,22.07323],[85.17387,22.05138],[85.1548,22.07883],[85.12007,22.07018],[85.09488,22.10836],[85.0403,22.11586],[84.98456,22.08661],[85.02685,22.12252],[85.07061,22.27365],[85.116,22.29409],[85.07667,22.35621],[85.06726,22.48417],[84.95935,22.44305],[84.95667,22.45823],[84.91023,22.42328],[84.88558,22.42108],[84.88239,22.44847],[84.83855,22.43093],[84.81252,22.45293],[84.75932,22.44747],[84.74974,22.41899],[84.5362,22.42737],[84.48244,22.41327],[84.48463,22.38885],[84.42813,22.35327],[84.29533,22.34102],[84.25146,22.37808],[84.19896,22.37581],[84.15613,22.40774],[84.14068,22.47392],[84.00921,22.52558],[84.00951,22.57305],[84.08402,22.63812],[84.15247,22.6368],[84.23321,22.67924],[84.23127,22.73996],[84.28936,22.76612],[84.33362,22.86057],[84.3726,22.86532],[84.39368,22.94245],[84.3729,22.97838],[84.28416,22.96339],[84.27782,22.99337],[84.25303,22.97293],[84.21871,22.97929],[84.1858,23.02709],[84.17551,22.97601],[84.14925,22.96567],[84.13346,23.08309],[84.03747,23.13988],[84.07482,23.33312],[84.05084,23.37477],[84.0048,23.35401],[83.967,23.38758],[83.98576,23.42583],[83.97394,23.45985],[84.02806,23.5456],[84.01659,23.63438],[83.93191,23.62041],[83.93769,23.56899],[83.77532,23.60895],[83.72286,23.68586],[83.74607,23.71949],[83.70535,23.82076],[83.57119,23.86214],[83.58576,23.8864],[83.55344,23.89807],[83.51572,24.02716],[83.45289,24.04199],[83.43225,24.08598],[83.32935,24.10132],[83.4091,24.26633],[83.38003,24.31313],[83.45727,24.36455],[83.38657,24.44816],[83.4015,24.50343],[83.50463,24.52558],[83.72057,24.50345],[83.87315,24.53175],[83.93613,24.54912],[84.00779,24.64289],[84.05202,24.60992],[84.11081,24.47674],[84.14428,24.53825],[84.16975,24.50333],[84.18723,24.55293],[84.25679,24.52688],[84.27053,24.56001],[84.29684,24.56058],[84.32753,24.49236],[84.2961,24.47348],[84.29738,24.44939],[84.3356,24.43149],[84.32053,24.42107],[84.34162,24.39355],[84.43111,24.35652],[84.4244,24.32984],[84.45961,24.33709],[84.48449,24.31267],[84.50529,24.33133],[84.4959,24.28607],[84.53144,24.33821],[84.52782,24.37574],[84.57236,24.38262],[84.56819,24.40944],[84.66507,24.39088],[84.68532,24.45512],[84.80189,24.53074],[84.83894,24.51261],[84.8401,24.45219],[84.88728,24.46328],[84.90383,24.37225],[84.97489,24.37471],[85.03117,24.41457],[85.06111,24.40586],[85.08102,24.43304],[85.08905,24.3725],[85.1739,24.42062],[85.16075,24.46034],[85.22584,24.46313],[85.24911,24.49073],[85.28233,24.49167],[85.28809,24.52326],[85.39193,24.53035],[85.37078,24.55535],[85.43463,24.52852],[85.49166,24.5481],[85.52396,24.52127],[85.54074,24.56272],[85.57177,24.56182],[85.58077,24.60068],[85.66738,24.57889],[85.64921,24.68477],[85.70826,24.72591],[85.70736,24.77976],[85.73673,24.82106],[85.77828,24.79663],[85.86723,24.80425],[85.9444,24.73357],[86.0551,24.77969],[86.03709,24.74113],[86.09073,24.746],[86.12836,24.69865],[86.12532,24.61148],[86.18048,24.58368],[86.2143,24.61379],[86.25921,24.57867],[86.32321,24.58679],[86.27601,24.4658],[86.3499,24.44739],[86.4449,24.36783],[86.47193,24.39335],[86.4665,24.42386],[86.49128,24.42808],[86.50957,24.52219],[86.55232,24.53597],[86.60329,24.60838],[86.67024,24.56488],[86.73469,24.57949],[86.75399,24.6213],[86.78901,24.61869],[86.81124,24.59827],[86.80315,24.57032],[86.84265,24.57423],[86.85684,24.55488],[86.88051,24.57219],[86.91458,24.54221],[86.90732,24.58816],[86.93759,24.65017],[87.05064,24.60878],[87.09574,24.80272],[87.07434,24.81985],[87.15555,24.88502],[87.14934,25.02489],[87.21429,25.09123],[87.25034,25.10573],[87.2954,25.08854],[87.32729,25.22362],[87.37152,25.20625],[87.40098,25.2269],[87.47781,25.19414],[87.49362,25.30751],[87.54183,25.28067],[87.55169,25.3325],[87.58389,25.34918]],[[84.51,24.28336],[84.50523,24.26049],[84.52573,24.26659],[84.51,24.28336]]]]}},{"type":"Feature","properties":{"name":"Madhya Pradesh"},"geometry":{"type":"MultiPolygon","coordinates":[[[[74.15712,22.41233],[74.17523,22.41806],[74.17916,22.38799],[74.15712,22.41233]]],[[[80.4735,25.06305],[80.48306,25.06724],[80.48517,25.05463],[80.4735,25.06305]]],[[[80.44468,25.128],[80.46077,25.11471],[80.43714,25.11577],[80.44468,25.128]]],[[[78.37276,26.86336],[78.39905,26.81848],[78.43429,26.82571],[78.4617,26.78819],[78.57686,26.74897],[78.62845,26.77323],[78.67053,26.76241],[78.7229,26.79727],[78.77102,26.75908],[78.81899,26.76094],[78.87236,26.69779],[78.95606,26.69168],[78.94549,26.65482],[79.00378,26.67374],[78.99346,26.64191],[79.01706,26.60104],[78.98978,26.57845],[79.06813,26.49662],[79.05262,26.45374],[79.13518,26.44013],[79.12598,26.41125],[79.09521,26.41264],[79.08417,26.35927],[79.13883,26.33751],[79.09065,26.27003],[79.04564,26.26031],[79.06344,26.2259],[79.01944,26.24761],[78.98936,26.23498],[79.02582,26.2201],[79.02583,26.19177],[78.99367,26.19689],[79.0049,26.14805],[78.96696,26.15014],[78.94887,26.12868],[79.01206,26.08318],[78.94826,26.02775],[78.93896,25.94269],[78.88464,25.91393],[78.88738,25.86849],[78.85241,25.85665],[78.87244,25.80138],[78.85715,25.79182],[78.81844,25.82901],[78.80627,25.81309],[78.82831,25.81434],[78.82862,25.79571],[78.80829,25.80097],[78.75286,25.75],[78.8167,25.67632],[78.81176,25.62078],[78.71733,25.60533],[78.65867,25.55989],[78.61814,25.58366],[78.58774,25.5566],[78.49334,25.5787],[78.46469,25.54551],[78.4436,25.5632],[78.41934,25.53296],[78.43131,25.47363],[78.37766,25.43681],[78.35454,25.45198],[78.34053,25.39952],[78.30544,25.37708],[78.34379,25.32846],[78.31173,25.3033],[78.35459,25.29225],[78.3598,25.24219],[78.41095,25.21267],[78.39608,25.18722],[78.45825,25.16461],[78.4273,25.15399],[78.4482,25.12591],[78.40682,25.12893],[78.33863,25.08658],[78.33385,24.9955],[78.16897,24.86262],[78.21668,24.80859],[78.2767,24.66299],[78.26447,24.5522],[78.22542,24.52137],[78.27498,24.47392],[78.26969,24.44694],[78.36579,24.38598],[78.3292,24.32945],[78.34805,24.29958],[78.41163,24.27163],[78.51838,24.38782],[78.586,24.35374],[78.66863,24.24004],[78.70306,24.22692],[78.73417,24.25241],[78.75042,24.23389],[78.76189,24.25954],[78.79282,24.17683],[78.81495,24.2068],[78.88185,24.21701],[78.88437,24.25],[78.91607,24.26763],[78.90964,24.29799],[78.97145,24.34761],[78.99365,24.42275],[78.91421,24.45962],[78.92058,24.49972],[78.93622,24.47942],[78.97152,24.49424],[78.94726,24.5024],[78.95321,24.5469],[78.88323,24.64129],[78.78379,24.58856],[78.75203,24.60018],[78.74393,24.65406],[78.781,24.70608],[78.7704,24.7884],[78.78984,24.81098],[78.77004,24.85902],[78.67656,24.89863],[78.63173,24.95769],[78.65262,25.05059],[78.60245,25.09442],[78.60068,25.15539],[78.5702,25.22388],[78.55554,25.21142],[78.5779,25.25482],[78.53092,25.28465],[78.45085,25.26211],[78.43503,25.28416],[78.45379,25.30127],[78.47295,25.2855],[78.5023,25.3209],[78.5099,25.29555],[78.53119,25.30002],[78.55307,25.31964],[78.532,25.35658],[78.58329,25.34697],[78.5665,25.39353],[78.59019,25.38603],[78.60967,25.41602],[78.63582,25.40069],[78.65983,25.44166],[78.71143,25.4281],[78.6749,25.39957],[78.66601,25.41581],[78.65895,25.38529],[78.6996,25.38189],[78.72412,25.34397],[78.77459,25.3531],[78.74974,25.41106],[78.82137,25.42258],[78.76236,25.4269],[78.73346,25.48943],[78.76783,25.46943],[78.79669,25.48276],[78.81869,25.47098],[78.80917,25.45341],[78.84089,25.4615],[78.85489,25.44769],[78.82073,25.43869],[78.84656,25.42869],[78.86617,25.46567],[78.83341,25.50264],[78.88438,25.51558],[78.88265,25.55396],[78.92337,25.53594],[78.95179,25.54879],[78.9199,25.5154],[78.93782,25.46504],[78.90887,25.44242],[78.93827,25.42225],[78.967,25.43462],[78.98933,25.37404],[78.93871,25.34698],[78.89642,25.37411],[78.93829,25.37483],[78.9533,25.39995],[78.88024,25.38589],[78.84616,25.32698],[78.78778,25.29601],[78.82857,25.30274],[78.80947,25.2706],[78.84965,25.22879],[78.882,25.34364],[78.92254,25.3429],[78.92793,25.32413],[78.96062,25.34508],[78.95743,25.30224],[78.97992,25.27905],[78.95551,25.28276],[78.94514,25.25942],[78.91703,25.27358],[78.89977,25.24312],[78.88092,25.25401],[78.8804,25.15762],[78.95386,25.21896],[79.00587,25.19505],[79.00119,25.2337],[78.97484,25.24049],[79.01322,25.27405],[79.02177,25.24157],[79.06368,25.22176],[79.05967,25.19041],[79.05233,25.20744],[79.03091,25.18448],[79.02938,25.14029],[79.05081,25.13398],[79.09063,25.19081],[79.12609,25.16122],[79.13189,25.10901],[79.186,25.11493],[79.19221,25.14621],[79.21503,25.11141],[79.24544,25.11398],[79.24922,25.1403],[79.22416,25.14605],[79.2446,25.15905],[79.2659,25.12147],[79.31365,25.13624],[79.27925,25.24473],[79.33836,25.19796],[79.35086,25.26392],[79.31652,25.25596],[79.29379,25.28358],[79.28268,25.26216],[79.26447,25.26895],[79.29989,25.33763],[79.35223,25.32988],[79.33615,25.2881],[79.3629,25.2617],[79.36859,25.29246],[79.40881,25.25609],[79.46722,25.2833],[79.49446,25.26691],[79.46246,25.26467],[79.44037,25.19882],[79.41208,25.20032],[79.3899,25.17011],[79.40574,25.10636],[79.4213,25.13543],[79.43892,25.10122],[79.47724,25.12745],[79.46502,25.08805],[79.4915,25.07965],[79.56936,25.1718],[79.60699,25.15277],[79.60114,25.12749],[79.7485,25.13935],[79.86153,25.09621],[79.85162,25.12855],[79.88153,25.14205],[79.85138,25.23556],[79.90749,25.25089],[79.91755,25.22683],[79.94833,25.26866],[80.00511,25.26571],[80.03342,25.34202],[80.07267,25.33695],[80.08878,25.35585],[80.1311,25.33423],[80.19493,25.37816],[80.20237,25.41404],[80.25342,25.40083],[80.26384,25.42402],[80.31541,25.38887],[80.3108,25.28641],[80.35143,25.27716],[80.38358,25.23729],[80.40334,25.24403],[80.43167,25.17762],[80.35456,25.13836],[80.37608,25.11636],[80.34843,25.08665],[80.35533,25.05563],[80.3114,25.04423],[80.29054,25.05954],[80.27362,25.02597],[80.33099,24.9922],[80.36295,25.0236],[80.38732,25.00431],[80.37366,25.05591],[80.44965,25.07849],[80.47515,25.03794],[80.50188,25.03725],[80.47435,25.03053],[80.45445,25.04222],[80.43309,25.02374],[80.45487,25.00573],[80.43679,25.00148],[80.43703,24.99452],[80.46285,25.00253],[80.45614,24.98164],[80.47866,24.97395],[80.4993,25.00621],[80.54948,25.00247],[80.54607,25.03242],[80.50058,25.04153],[80.50663,25.08397],[80.48077,25.09291],[80.48272,25.10021],[80.5458,25.0644],[80.56845,25.08688],[80.61314,25.0657],[80.59229,25.0902],[80.60654,25.15036],[80.63823,25.11687],[80.60808,25.09843],[80.66174,25.06761],[80.68501,25.07661],[80.67974,25.04846],[80.77576,25.05482],[80.78363,25.07595],[80.72545,25.09143],[80.72735,25.11855],[80.70439,25.12837],[80.73024,25.14632],[80.74195,25.12363],[80.8084,25.13679],[80.82989,25.10006],[80.83814,25.18035],[80.88466,25.18794],[80.91291,25.15908],[80.86844,25.11568],[80.87804,25.06547],[80.83178,25.03287],[80.85174,24.98825],[80.79221,24.96487],[80.81199,24.92255],[80.90708,24.93505],[80.89915,24.94862],[80.946,24.96627],[80.95718,24.91785],[81.02307,24.92762],[81.01627,24.9515],[81.08451,24.94991],[81.1396,24.88753],[81.16801,24.95523],[81.20719,24.93043],[81.19291,24.92535],[81.21964,24.92862],[81.20892,24.99262],[81.26382,25.05276],[81.25214,25.10208],[81.27752,25.166],[81.31343,25.16374],[81.32147,25.11277],[81.33452,25.16929],[81.39992,25.11922],[81.43852,25.13033],[81.44766,25.10717],[81.41371,25.10792],[81.40727,25.10491],[81.49113,25.07232],[81.5181,25.10074],[81.48005,25.13255],[81.52724,25.13809],[81.5365,25.16055],[81.5146,25.18434],[81.57857,25.19085],[81.58846,25.16577],[81.62621,25.16047],[81.59806,25.13134],[81.60832,25.09605],[81.62408,25.12004],[81.64086,25.09849],[81.60035,25.07385],[81.61143,25.0565],[81.66654,25.07511],[81.68975,25.03895],[81.73151,25.04864],[81.79221,25.00441],[81.83482,25.01697],[81.89131,24.98887],[81.90727,25.00567],[81.91965,24.92812],[81.90284,24.89168],[81.96527,24.82704],[82.01694,24.84598],[82.09765,24.81615],[82.11561,24.78444],[82.13866,24.79946],[82.16702,24.78544],[82.16665,24.80088],[82.17818,24.81089],[82.20359,24.8192],[82.18426,24.79563],[82.21615,24.79414],[82.21792,24.77668],[82.19655,24.77806],[82.17745,24.73233],[82.2213,24.72233],[82.20657,24.74719],[82.22646,24.76124],[82.24516,24.74441],[82.24614,24.76966],[82.25093,24.76993],[82.25011,24.69745],[82.22971,24.68179],[82.23971,24.66127],[82.26876,24.6834],[82.30314,24.6671],[82.2968,24.60584],[82.33864,24.62036],[82.41611,24.5912],[82.4062,24.68112],[82.43049,24.70259],[82.45024,24.67441],[82.52295,24.67627],[82.53963,24.64785],[82.67085,24.69703],[82.70089,24.67602],[82.7067,24.63627],[82.7743,24.64177],[82.76546,24.59577],[82.80328,24.59709],[82.80754,24.54899],[82.71918,24.55247],[82.74356,24.49535],[82.71321,24.38024],[82.76938,24.3707],[82.77322,24.30736],[82.72808,24.13514],[82.68289,24.15459],[82.6643,24.12916],[82.7139,24.07625],[82.77402,24.0763],[82.7507,24.01198],[82.80418,24.00352],[82.81261,23.95987],[82.75238,23.91979],[82.66159,23.90764],[82.66813,23.87089],[82.63534,23.83771],[82.53307,23.82215],[82.55147,23.79064],[82.4974,23.7849],[82.46926,23.81106],[82.33466,23.80255],[82.26061,23.82124],[82.23181,23.80531],[82.21178,23.852],[82.17146,23.81824],[82.05358,23.81838],[82.00881,23.86108],[81.9578,23.85228],[81.92147,23.87091],[81.81558,23.80636],[81.72547,23.83982],[81.73198,23.85668],[81.70749,23.86113],[81.66858,23.92496],[81.60842,23.90226],[81.62221,23.87024],[81.60318,23.85371],[81.63584,23.83451],[81.64466,23.77013],[81.69591,23.72132],[81.65517,23.66314],[81.61457,23.66292],[81.61197,23.59525],[81.57668,23.58534],[81.58402,23.55358],[81.61032,23.55508],[81.61199,23.51068],[81.63728,23.49036],[81.65891,23.529],[81.69964,23.52202],[81.74664,23.5698],[81.75826,23.54987],[81.80907,23.54934],[81.83643,23.51091],[81.91853,23.535],[81.95791,23.5007],[81.98491,23.41492],[82.02572,23.42458],[82.0233,23.38584],[82.10426,23.39781],[82.11714,23.35546],[82.14575,23.36118],[82.19939,23.31343],[82.14527,23.22672],[82.16225,23.15453],[82.13791,23.112],[82.07222,23.11832],[82.03419,23.08005],[81.94225,23.07896],[81.9215,23.04081],[81.94631,22.95678],[81.86611,22.91581],[81.86163,22.88926],[81.77568,22.87444],[81.76135,22.83029],[81.79439,22.76646],[81.75359,22.72852],[81.77237,22.66821],[81.75263,22.64449],[81.73953,22.67509],[81.68332,22.64691],[81.64725,22.61326],[81.65993,22.56946],[81.62903,22.56336],[81.62194,22.53802],[81.52223,22.53901],[81.48471,22.48783],[81.44261,22.49435],[81.45893,22.46929],[81.42784,22.47981],[81.4067,22.44095],[81.38206,22.50982],[81.32653,22.52614],[81.31373,22.48292],[81.28127,22.50295],[81.23219,22.45216],[81.19946,22.46303],[81.19767,22.48957],[81.17269,22.48791],[81.15512,22.45491],[81.11116,22.43757],[81.11872,22.29126],[81.07955,22.23938],[81.01946,22.22118],[81.02191,22.13273],[80.97814,22.12011],[81.01133,22.09557],[81.00527,22.06155],[80.97004,22.05741],[80.95698,22.11042],[80.92195,22.11995],[80.85267,21.95731],[80.82549,21.95842],[80.8477,21.93253],[80.83205,21.89035],[80.85331,21.87257],[80.81974,21.74802],[80.78543,21.74031],[80.75599,21.76206],[80.71566,21.67404],[80.73527,21.46092],[80.67134,21.33844],[80.62134,21.32037],[80.56943,21.34346],[80.52762,21.39487],[80.45756,21.40268],[80.44863,21.37205],[80.40758,21.38029],[80.39604,21.40811],[80.42216,21.44054],[80.37719,21.52225],[80.25345,21.62475],[80.19278,21.63545],[80.15462,21.60647],[80.11971,21.60988],[80.06669,21.5542],[79.99681,21.53362],[79.9359,21.55624],[79.89124,21.51819],[79.73763,21.60386],[79.65205,21.55598],[79.54061,21.54268],[79.49621,21.67422],[79.4222,21.69182],[79.35237,21.67806],[79.23119,21.72228],[79.22402,21.6488],[79.14831,21.66117],[79.09396,21.59811],[78.97552,21.61764],[78.91435,21.58899],[78.93186,21.56176],[78.9068,21.55326],[78.94439,21.51588],[78.93669,21.48577],[78.80026,21.49016],[78.77613,21.46458],[78.75085,21.49298],[78.72847,21.46229],[78.58534,21.48672],[78.57015,21.51426],[78.51164,21.52869],[78.44965,21.49552],[78.42719,21.59921],[78.38743,21.61484],[78.36306,21.5752],[78.34275,21.58906],[78.30705,21.56957],[78.26648,21.59173],[78.27386,21.56925],[78.18189,21.55734],[78.17621,21.49975],[77.94119,21.38577],[77.88327,21.37604],[77.80115,21.4096],[77.73711,21.3622],[77.70999,21.35745],[77.69199,21.39756],[77.66991,21.36892],[77.65313,21.39146],[77.60497,21.39073],[77.60785,21.36494],[77.58711,21.36284],[77.53172,21.41915],[77.51452,21.37594],[77.48806,21.37436],[77.4736,21.45445],[77.44219,21.46991],[77.42556,21.53774],[77.45489,21.55384],[77.57523,21.52646],[77.61148,21.53882],[77.57711,21.55517],[77.54426,21.70226],[77.47909,21.76999],[77.28989,21.76034],[77.28722,21.72192],[77.22691,21.71679],[77.21042,21.68965],[77.17603,21.72575],[77.16512,21.71074],[77.07322,21.71945],[76.90162,21.59684],[76.85449,21.61332],[76.83291,21.58895],[76.79526,21.59391],[76.78933,21.53638],[76.76344,21.52077],[76.79561,21.48958],[76.78402,21.46237],[76.62175,21.33229],[76.6629,21.27596],[76.62349,21.18504],[76.49337,21.19394],[76.45556,21.10807],[76.37477,21.07255],[76.28013,21.07069],[76.26038,21.09058],[76.1674,21.07948],[76.17089,21.10393],[76.11348,21.15539],[76.1764,21.184],[76.0966,21.37177],[76.04898,21.34972],[75.96306,21.38971],[75.89003,21.39471],[75.67009,21.37458],[75.60694,21.39184],[75.54372,21.36853],[75.52005,21.38702],[75.38244,21.37954],[75.35716,21.40087],[75.29874,21.38557],[75.29533,21.41357],[75.21892,21.40834],[75.12583,21.44926],[75.05332,21.56482],[74.90168,21.62924],[74.78287,21.61069],[74.5542,21.68136],[74.54737,21.7196],[74.50559,21.72631],[74.52405,21.91116],[74.43939,21.97672],[74.44332,22.02339],[74.38833,22.02075],[74.28118,21.93311],[74.20543,21.92611],[74.14207,21.95537],[74.14837,21.9883],[74.09693,21.99927],[74.09466,22.01873],[74.17865,22.08548],[74.15256,22.10601],[74.12446,22.09791],[74.12233,22.2124],[74.07217,22.21916],[74.08718,22.24279],[74.05238,22.29409],[74.06477,22.35461],[74.10507,22.37181],[74.12786,22.33274],[74.19033,22.32026],[74.20404,22.36671],[74.22388,22.35637],[74.25674,22.39965],[74.29118,22.39401],[74.25279,22.43295],[74.20162,22.43451],[74.1934,22.47548],[74.18413,22.44154],[74.16045,22.43121],[74.14921,22.45566],[74.11911,22.41876],[74.10415,22.46453],[74.07533,22.4643],[74.08252,22.50678],[74.05298,22.50893],[74.0408,22.48655],[74.02938,22.50795],[74.04149,22.54225],[74.07464,22.5514],[74.14775,22.51388],[74.26356,22.64397],[74.37906,22.63443],[74.43378,22.8079],[74.46477,22.81639],[74.47643,22.85482],[74.44683,22.92108],[74.39341,22.8966],[74.3395,22.95289],[74.36532,22.97697],[74.3189,23.05866],[74.3862,23.11152],[74.50586,23.08514],[74.54551,23.10984],[74.53937,23.1293],[74.60661,23.14256],[74.67154,23.19996],[74.7151,23.19071],[74.74214,23.20891],[74.74752,23.22665],[74.69207,23.21915],[74.71511,23.23668],[74.69996,23.26837],[74.63856,23.25541],[74.57437,23.29517],[74.54667,23.27712],[74.51404,23.32805],[74.56894,23.3763],[74.60389,23.45726],[74.65188,23.46228],[74.70349,23.50501],[74.72924,23.49662],[74.77368,23.54437],[74.8033,23.53308],[74.84683,23.55186],[74.90294,23.6251],[74.93654,23.62877],[74.89946,23.6822],[74.9404,23.76474],[74.92434,23.79662],[74.90371,23.79431],[74.90262,23.87295],[74.91651,23.93175],[74.9823,24.02541],[74.90352,24.1093],[74.87975,24.17361],[74.91034,24.21011],[74.8971,24.22729],[74.74711,24.25347],[74.85387,24.44453],[74.81375,24.43674],[74.81535,24.46847],[74.77714,24.4605],[74.70873,24.48647],[74.75553,24.53488],[74.74351,24.57146],[74.78643,24.58593],[74.7794,24.61544],[74.81414,24.65018],[74.81458,24.66575],[74.77194,24.66148],[74.79978,24.77907],[74.88908,24.63383],[74.94309,24.6378],[74.96019,24.67777],[75.00172,24.68642],[74.99239,24.73175],[75.01603,24.73212],[75.00149,24.77452],[74.91453,24.7692],[74.86043,24.79849],[74.84937,24.77613],[74.8387,24.79804],[74.86085,24.82246],[74.82529,24.90015],[74.83322,24.95972],[74.85756,24.96389],[74.86948,24.92497],[74.90245,24.93],[74.91553,24.88759],[74.95261,24.88068],[74.95866,24.85819],[75.03305,24.84441],[75.07653,24.88068],[75.11693,24.87826],[75.11356,24.96681],[75.16857,25.00593],[75.155,25.03399],[75.33216,25.04149],[75.35035,25.01753],[75.31177,24.99537],[75.33691,24.9554],[75.31845,24.89416],[75.27389,24.96404],[75.29407,24.90755],[75.26343,24.87486],[75.30805,24.85604],[75.41613,24.88608],[75.42576,24.86907],[75.3116,24.80118],[75.27294,24.84284],[75.22409,24.84392],[75.25232,24.81311],[75.2152,24.80212],[75.1844,24.74855],[75.21944,24.70255],[75.2649,24.71751],[75.45646,24.68045],[75.58297,24.71326],[75.61079,24.68041],[75.75683,24.76155],[75.83361,24.73185],[75.82494,24.66745],[75.84876,24.6474],[75.82485,24.61345],[75.91446,24.57225],[75.92055,24.52166],[75.88786,24.50807],[75.91164,24.49191],[75.90906,24.45501],[75.83879,24.41418],[75.7894,24.47153],[75.72775,24.39052],[75.73984,24.33215],[75.76647,24.29802],[75.81073,24.29609],[75.83023,24.23376],[75.77563,24.20773],[75.74601,24.12127],[75.8357,24.09212],[75.83672,24.05706],[75.78169,24.04253],[75.76534,23.99268],[75.71752,23.96686],[75.67434,24.01768],[75.59552,23.99],[75.52105,24.02502],[75.47468,23.98284],[75.46206,23.91476],[75.56322,23.85758],[75.57933,23.83511],[75.5593,23.81818],[75.58901,23.80978],[75.58345,23.79482],[75.6545,23.7984],[75.68672,23.75594],[75.69012,23.81325],[75.72159,23.81179],[75.73641,23.85625],[75.70157,23.87283],[75.70609,23.8991],[75.7527,23.88735],[75.78125,23.84873],[75.98136,23.92897],[75.96346,24.01871],[75.99702,24.01769],[76.03681,24.0629],[76.12679,24.08873],[76.11738,24.19399],[76.14843,24.23203],[76.13672,24.27081],[76.18552,24.32928],[76.21255,24.20994],[76.28232,24.20731],[76.32291,24.24554],[76.41168,24.20051],[76.41622,24.22063],[76.45227,24.20936],[76.47051,24.22615],[76.52742,24.15673],[76.57773,24.17917],[76.58354,24.24287],[76.6112,24.23865],[76.69277,24.28648],[76.70273,24.2432],[76.67589,24.19085],[76.69831,24.16847],[76.75792,24.16826],[76.80129,24.11667],[76.9006,24.12743],[76.91629,24.18786],[76.9474,24.20131],[76.86261,24.27332],[76.84105,24.32241],[76.85308,24.46589],[76.81639,24.53358],[76.86192,24.5493],[76.88431,24.52145],[76.9179,24.54348],[76.91842,24.48069],[76.97761,24.46138],[77.05471,24.52628],[77.07133,24.57276],[77.03167,24.71132],[76.95397,24.76036],[76.90749,24.73159],[76.85613,24.74249],[76.802,24.81013],[76.82508,24.83555],[76.89789,24.83823],[76.94856,24.86907],[76.86269,24.9598],[76.85678,25.00248],[76.87604,25.00706],[76.87616,25.0414],[76.96821,25.0511],[76.99907,25.07485],[77.08483,25.05424],[77.14772,25.09511],[77.16712,25.08461],[77.17442,25.11181],[77.27001,25.11609],[77.31078,25.07983],[77.40662,25.11169],[77.393,25.15923],[77.42662,25.18807],[77.35509,25.26348],[77.37785,25.31572],[77.34212,25.32177],[77.37097,25.40849],[77.2938,25.4243],[77.23394,25.3787],[77.20942,25.30631],[77.08367,25.33656],[77.03169,25.29439],[76.97374,25.30041],[76.94662,25.28233],[76.90154,25.32363],[76.77757,25.31561],[76.73381,25.35199],[76.67239,25.34809],[76.59847,25.39233],[76.55598,25.45203],[76.50376,25.57977],[76.50384,25.6732],[76.47343,25.70992],[76.52377,25.72983],[76.52101,25.7936],[76.58205,25.87042],[76.62322,25.87055],[76.64026,25.90761],[76.71633,25.90116],[76.75662,25.92101],[76.74886,25.94047],[76.78903,25.94109],[76.9007,26.09315],[76.99761,26.12907],[77.03162,26.17261],[77.09675,26.18324],[77.13472,26.23295],[77.20389,26.22987],[77.26976,26.26682],[77.34251,26.35202],[77.44468,26.36176],[77.43735,26.40328],[77.53838,26.4113],[77.67372,26.50283],[77.72701,26.50232],[77.74591,26.53875],[77.82201,26.54958],[77.82733,26.59605],[77.89428,26.61471],[77.90426,26.65906],[77.95318,26.65894],[78.00043,26.69486],[78.08973,26.67447],[78.09593,26.7278],[78.12353,26.74688],[78.10197,26.76764],[78.11326,26.79484],[78.18347,26.78365],[78.17353,26.82447],[78.26791,26.81358],[78.28726,26.85676],[78.37276,26.86336]],[[75.22607,24.84505],[75.25067,24.88051],[75.22163,24.87378],[75.20847,24.8943],[75.20073,24.86784],[75.22607,24.84505]],[[79.39876,25.03372],[79.42591,25.05859],[79.36031,25.14426],[79.35058,25.11698],[79.37969,25.10122],[79.37981,25.06479],[79.35113,25.06888],[79.35611,25.04047],[79.36904,25.05432],[79.39876,25.03372]],[[79.35447,25.17589],[79.37256,25.18002],[79.35952,25.18855],[79.35447,25.17589]]]]}},{"type":"Feature","properties":{"name":"Maharashtra"},"geometry":{"type":"MultiPolygon","coordinates":[[[[73.67122,15.72883],[73.67097,15.7289],[73.67119,15.72902],[73.67122,15.72883]]],[[[73.64867,15.73117],[73.64826,15.73108],[73.64851,15.73134],[73.64867,15.73117]]],[[[73.65332,15.74643],[73.65241,15.74593],[73.65229,15.74621],[73.65332,15.74643]]],[[[73.64983,15.74662],[73.65157,15.74609],[73.64902,15.74604],[73.64983,15.74662]]],[[[73.64296,15.74746],[73.64269,15.74709],[73.64263,15.74733],[73.64296,15.74746]]],[[[73.65381,15.7485],[73.65349,15.74812],[73.65332,15.74873],[73.65381,15.7485]]],[[[73.45798,15.88742],[73.45772,15.88731],[73.45788,15.88752],[73.45798,15.88742]]],[[[73.45927,15.88711],[73.45854,15.88726],[73.45876,15.88763],[73.45927,15.88711]]],[[[73.46188,15.88972],[73.46444,15.88793],[73.46391,15.88685],[73.46188,15.88972]]],[[[73.45665,15.88815],[73.45499,15.88881],[73.4553,15.88981],[73.45665,15.88815]]],[[[73.46718,15.89419],[73.46655,15.89394],[73.4667,15.89452],[73.46718,15.89419]]],[[[73.46646,15.89563],[73.4661,15.89534],[73.46617,15.89569],[73.46646,15.89563]]],[[[73.46556,15.89532],[73.46521,15.89522],[73.4653,15.89573],[73.46556,15.89532]]],[[[73.46702,15.89842],[73.46665,15.89826],[73.46656,15.89862],[73.46702,15.89842]]],[[[73.46563,15.89942],[73.46544,15.89911],[73.46498,15.8996],[73.46563,15.89942]]],[[[73.47196,15.90491],[73.47191,15.90468],[73.4718,15.9048],[73.47196,15.90491]]],[[[73.4672,15.90491],[73.46669,15.9048],[73.46718,15.9051],[73.4672,15.90491]]],[[[73.57884,15.91015],[73.57867,15.9099],[73.5785,15.91004],[73.57884,15.91015]]],[[[73.47313,15.91453],[73.47242,15.91428],[73.47299,15.9148],[73.47313,15.91453]]],[[[73.46614,15.92552],[73.46562,15.92503],[73.46583,15.92572],[73.46614,15.92552]]],[[[73.46667,15.92655],[73.46604,15.92638],[73.46629,15.92685],[73.46667,15.92655]]],[[[73.46341,15.92987],[73.46282,15.92963],[73.46282,15.93061],[73.46341,15.92987]]],[[[73.46304,15.93146],[73.46294,15.93146],[73.46298,15.93149],[73.46304,15.93146]]],[[[73.46339,15.93169],[73.46389,15.93263],[73.46442,15.93177],[73.46339,15.93169]]],[[[73.47926,15.97085],[73.47901,15.97052],[73.47899,15.97076],[73.47926,15.97085]]],[[[73.47998,15.97134],[73.4795,15.9709],[73.47992,15.97181],[73.47998,15.97134]]],[[[73.47965,15.9723],[73.47907,15.97201],[73.4793,15.97245],[73.47965,15.9723]]],[[[73.45923,15.98586],[73.4587,15.98516],[73.45841,15.98545],[73.45923,15.98586]]],[[[73.45987,15.98656],[73.45937,15.98635],[73.45953,15.98674],[73.45987,15.98656]]],[[[73.46115,15.9868],[73.4603,15.98651],[73.46066,15.98716],[73.46115,15.9868]]],[[[73.45896,15.98691],[73.45843,15.98667],[73.45848,15.98702],[73.45896,15.98691]]],[[[73.45657,15.98751],[73.45626,15.98758],[73.45644,15.98773],[73.45657,15.98751]]],[[[73.46361,15.98899],[73.46307,15.98879],[73.46328,15.98921],[73.46361,15.98899]]],[[[73.47598,15.9916],[73.47555,15.99098],[73.47536,15.9913],[73.47598,15.9916]]],[[[73.46473,15.99109],[73.46432,15.99071],[73.46428,15.99115],[73.46473,15.99109]]],[[[73.46408,15.99232],[73.46479,15.99158],[73.46454,15.9913],[73.46408,15.99232]]],[[[73.4716,15.99371],[73.47087,15.99341],[73.4711,15.9939],[73.4716,15.99371]]],[[[73.47223,15.99414],[73.47194,15.99384],[73.47197,15.99421],[73.47223,15.99414]]],[[[73.45693,15.99367],[73.45651,15.99338],[73.45664,15.99374],[73.45693,15.99367]]],[[[73.47098,15.99436],[73.47058,15.99397],[73.47053,15.99442],[73.47098,15.99436]]],[[[73.47029,15.99435],[73.46991,15.99396],[73.46984,15.9944],[73.47029,15.99435]]],[[[73.45631,15.99387],[73.4559,15.99356],[73.4559,15.9939],[73.45631,15.99387]]],[[[73.45553,15.99387],[73.45513,15.99356],[73.45513,15.99392],[73.45553,15.99387]]],[[[73.45766,15.99408],[73.45763,15.9934],[73.4573,15.99402],[73.45766,15.99408]]],[[[73.4719,15.99498],[73.47161,15.99466],[73.47152,15.99493],[73.4719,15.99498]]],[[[73.47135,15.99492],[73.47082,15.99474],[73.47098,15.99508],[73.47135,15.99492]]],[[[73.45512,15.99427],[73.4547,15.99402],[73.4548,15.99438],[73.45512,15.99427]]],[[[73.4583,15.99469],[73.45785,15.99456],[73.45794,15.99489],[73.4583,15.99469]]],[[[73.47124,15.99576],[73.47104,15.9954],[73.47094,15.99566],[73.47124,15.99576]]],[[[73.47047,15.99532],[73.46974,15.99502],[73.46969,15.9957],[73.47047,15.99532]]],[[[73.47001,15.99699],[73.46963,15.99679],[73.46972,15.99707],[73.47001,15.99699]]],[[[73.47171,15.99761],[73.4711,15.99795],[73.47128,15.99821],[73.47171,15.99761]]],[[[73.4603,16.02361],[73.46006,16.0236],[73.46008,16.02386],[73.4603,16.02361]]],[[[73.457,16.04111],[73.46185,16.04363],[73.46044,16.03897],[73.457,16.04111]]],[[[73.46461,16.04707],[73.46486,16.04609],[73.4642,16.04642],[73.46461,16.04707]]],[[[73.4615,16.05201],[73.46117,16.05142],[73.46128,16.05206],[73.4615,16.05201]]],[[[73.46383,16.07387],[73.46342,16.07382],[73.46361,16.074],[73.46383,16.07387]]],[[[73.46406,16.07442],[73.46371,16.07417],[73.46363,16.07434],[73.46406,16.07442]]],[[[73.45798,16.08788],[73.45656,16.08708],[73.45824,16.08923],[73.45798,16.08788]]],[[[73.44473,16.09866],[73.44404,16.09895],[73.4441,16.09924],[73.44473,16.09866]]],[[[73.44411,16.101],[73.44272,16.10075],[73.44289,16.10273],[73.44411,16.101]]],[[[73.44198,16.10329],[73.44156,16.10359],[73.44164,16.10419],[73.44198,16.10329]]],[[[73.28349,16.95753],[73.2831,16.95773],[73.28345,16.95785],[73.28349,16.95753]]],[[[73.28548,16.98951],[73.28554,16.98932],[73.28543,16.98935],[73.28548,16.98951]]],[[[73.11922,17.76599],[73.11969,17.76616],[73.11948,17.76552],[73.11922,17.76599]]],[[[73.10127,17.80471],[73.10136,17.80406],[73.10112,17.80464],[73.10127,17.80471]]],[[[73.08786,17.80764],[73.08735,17.8076],[73.08768,17.80784],[73.08786,17.80764]]],[[[73.08366,17.81454],[73.08536,17.81696],[73.08491,17.81525],[73.08366,17.81454]]],[[[72.97851,18.1036],[72.97683,18.10344],[72.97789,18.10471],[72.97851,18.1036]]],[[[72.9631,18.29966],[72.96638,18.29961],[72.96584,18.29883],[72.9631,18.29966]]],[[[72.93241,18.32242],[72.93271,18.32155],[72.93202,18.32158],[72.93241,18.32242]]],[[[72.8427,18.70712],[72.84211,18.70748],[72.84277,18.70781],[72.8427,18.70712]]],[[[72.81237,18.70422],[72.81478,18.70484],[72.8143,18.70249],[72.81237,18.70422]]],[[[72.89833,18.83141],[72.90041,18.83044],[72.89955,18.82991],[72.89833,18.83141]]],[[[72.89644,18.8344],[72.89698,18.83376],[72.89654,18.83352],[72.89644,18.8344]]],[[[72.82718,18.9027],[72.82721,18.90159],[72.82672,18.90185],[72.82718,18.9027]]],[[[72.84727,18.91842],[72.84836,18.91865],[72.8483,18.91836],[72.84727,18.91842]]],[[[72.85111,18.94795],[72.85222,18.94819],[72.85192,18.94741],[72.85111,18.94795]]],[[[72.90011,18.96068],[72.90612,18.95964],[72.90502,18.95765],[72.90011,18.96068]]],[[[72.92498,18.96256],[72.94249,18.96664],[72.93404,18.95272],[72.92498,18.96256]]],[[[72.8082,19.0786],[72.81145,19.07438],[72.80792,19.07402],[72.8082,19.0786]]],[[[72.77304,19.1337],[72.77484,19.13334],[72.77347,19.13287],[72.77304,19.1337]]],[[[72.78315,19.13349],[72.78047,19.13396],[72.78231,19.13506],[72.78315,19.13349]]],[[[72.76804,19.24133],[72.76594,19.24003],[72.76764,19.24225],[72.76804,19.24133]]],[[[72.75868,19.26722],[72.75796,19.2671],[72.75852,19.26768],[72.75868,19.26722]]],[[[72.76437,19.28456],[72.76343,19.28431],[72.76414,19.28501],[72.76437,19.28456]]],[[[72.76999,19.30987],[72.76971,19.30914],[72.76952,19.30974],[72.76999,19.30987]]],[[[72.77294,19.30952],[72.7718,19.30901],[72.77267,19.31075],[72.77294,19.30952]]],[[[72.79407,19.32161],[72.7935,19.32046],[72.79234,19.32135],[72.79407,19.32161]]],[[[72.76332,19.33619],[72.76268,19.33517],[72.76252,19.33573],[72.76332,19.33619]]],[[[72.75714,19.3497],[72.75583,19.34266],[72.75467,19.34633],[72.75714,19.3497]]],[[[72.72828,19.46716],[72.73647,19.46567],[72.73366,19.4591],[72.72828,19.46716]]],[[[74.44369,22.02241],[74.43939,21.97672],[74.52421,21.91058],[74.50559,21.72631],[74.54737,21.7196],[74.5542,21.68136],[74.57987,21.68333],[74.58208,21.66499],[74.78287,21.61069],[74.90168,21.62924],[75.05332,21.56482],[75.12583,21.44926],[75.21892,21.40834],[75.29533,21.41357],[75.29874,21.38557],[75.35716,21.40087],[75.38244,21.37954],[75.52005,21.38702],[75.54372,21.36853],[75.60694,21.39184],[75.67009,21.37458],[75.89003,21.39471],[75.96306,21.38971],[76.04898,21.34972],[76.0966,21.37177],[76.1764,21.184],[76.11348,21.15539],[76.17089,21.10393],[76.1674,21.07948],[76.26038,21.09058],[76.28013,21.07069],[76.37477,21.07255],[76.45556,21.10807],[76.49337,21.19394],[76.62349,21.18504],[76.6629,21.27596],[76.62175,21.33229],[76.78402,21.46237],[76.79561,21.48958],[76.76344,21.52077],[76.78933,21.53638],[76.79526,21.59391],[76.83291,21.58895],[76.85449,21.61332],[76.90162,21.59684],[77.07322,21.71945],[77.16512,21.71074],[77.17603,21.72575],[77.21042,21.68965],[77.22691,21.71679],[77.28722,21.72192],[77.28855,21.76015],[77.47909,21.76999],[77.54323,21.70428],[77.57711,21.55517],[77.61148,21.53882],[77.57523,21.52646],[77.45489,21.55384],[77.42556,21.53774],[77.44219,21.46991],[77.4736,21.45445],[77.48806,21.37436],[77.51452,21.37594],[77.53172,21.41915],[77.56387,21.36915],[77.60558,21.36259],[77.61192,21.3924],[77.65398,21.39117],[77.66991,21.36892],[77.69199,21.39756],[77.70999,21.35745],[77.79677,21.38901],[77.80115,21.4096],[77.88327,21.37604],[77.94119,21.38577],[78.17621,21.49975],[78.18189,21.55734],[78.27386,21.56925],[78.26648,21.59173],[78.30705,21.56957],[78.34275,21.58906],[78.36306,21.5752],[78.37264,21.61345],[78.42712,21.59934],[78.44965,21.49552],[78.51164,21.52869],[78.57015,21.51426],[78.58534,21.48672],[78.72847,21.46229],[78.75085,21.49298],[78.77613,21.46458],[78.80026,21.49016],[78.93669,21.48577],[78.94439,21.51588],[78.9068,21.55326],[78.93186,21.56176],[78.91435,21.58899],[78.97552,21.61764],[79.09396,21.59811],[79.14831,21.66117],[79.22402,21.6488],[79.23064,21.72223],[79.35237,21.67806],[79.4222,21.69182],[79.49621,21.67422],[79.54061,21.54268],[79.65205,21.55598],[79.73763,21.60386],[79.89124,21.51819],[79.9359,21.55624],[79.99681,21.53362],[80.06669,21.5542],[80.11971,21.60988],[80.15462,21.60647],[80.19278,21.63545],[80.25345,21.62475],[80.37719,21.52225],[80.42216,21.44054],[80.39604,21.40811],[80.41224,21.37672],[80.44863,21.37205],[80.45756,21.40268],[80.52762,21.39487],[80.5992,21.32712],[80.66243,21.33463],[80.68156,21.31357],[80.61378,21.22657],[80.46426,21.17503],[80.43915,21.09656],[80.45264,21.03883],[80.42419,21.00886],[80.46363,20.92925],[80.54613,20.93485],[80.55166,20.76403],[80.58765,20.6847],[80.49845,20.63942],[80.49675,20.6024],[80.52154,20.58045],[80.58077,20.60836],[80.63187,20.59839],[80.59148,20.39307],[80.62635,20.33263],[80.54958,20.30896],[80.51882,20.26617],[80.47913,20.2783],[80.39526,20.24501],[80.42205,20.2068],[80.38854,20.1652],[80.40182,20.14724],[80.50559,20.14444],[80.55207,20.11796],[80.55681,20.07188],[80.52989,19.93947],[80.48875,19.93061],[80.45216,19.9576],[80.41125,19.93849],[80.41388,19.90745],[80.49143,19.90201],[80.50582,19.87065],[80.44072,19.81033],[80.40162,19.81704],[80.4017,19.7962],[80.46426,19.79578],[80.48903,19.77041],[80.48058,19.82751],[80.5462,19.81832],[80.55261,19.76556],[80.67222,19.70072],[80.66533,19.61188],[80.71945,19.61538],[80.77511,19.56251],[80.83478,19.56674],[80.85621,19.523],[80.89496,19.51962],[80.87537,19.44598],[80.79585,19.43226],[80.81733,19.38391],[80.85285,19.3639],[80.75914,19.29103],[80.71076,19.28176],[80.6897,19.28698],[80.6799,19.33033],[80.61254,19.30952],[80.57593,19.40236],[80.48417,19.33971],[80.44841,19.26663],[80.38903,19.23797],[80.39384,19.1878],[80.33308,19.14552],[80.32967,19.07011],[80.27341,18.99318],[80.27025,18.93988],[80.34926,18.8478],[80.35141,18.81629],[80.2477,18.7642],[80.27242,18.72351],[80.25223,18.70681],[80.21277,18.70572],[80.19657,18.6808],[80.15771,18.70098],[80.11812,18.68052],[80.01854,18.77038],[79.96415,18.77383],[79.91403,18.82381],[79.96161,18.86663],[79.94038,19.03201],[79.92892,19.04919],[79.8711,19.04102],[79.85843,19.10242],[79.94567,19.16894],[79.92474,19.2273],[79.96587,19.30304],[79.97961,19.39033],[79.94482,19.46981],[79.86458,19.51051],[79.81446,19.5757],[79.74308,19.60863],[79.62792,19.57317],[79.59615,19.50728],[79.55293,19.52417],[79.53993,19.55466],[79.47142,19.50019],[79.36573,19.57633],[79.31393,19.56642],[79.30684,19.59656],[79.24356,19.61669],[79.24002,19.53524],[79.20385,19.49408],[79.22359,19.46907],[79.19031,19.45898],[79.09803,19.53203],[78.99803,19.54008],[78.98125,19.56084],[78.94044,19.55187],[78.97283,19.58239],[78.95556,19.65579],[78.85192,19.65836],[78.84096,19.76189],[78.74006,19.78313],[78.71916,19.76665],[78.69256,19.79103],[78.55201,19.82408],[78.49024,19.79268],[78.47246,19.81734],[78.42295,19.81763],[78.38646,19.84536],[78.38067,19.88044],[78.33209,19.8849],[78.33178,19.91337],[78.30703,19.9143],[78.28608,19.84794],[78.33641,19.83792],[78.36467,19.78123],[78.34313,19.71325],[78.27619,19.69242],[78.26265,19.66506],[78.30557,19.60707],[78.30369,19.56932],[78.27431,19.55397],[78.29323,19.54223],[78.30434,19.45614],[78.17619,19.41226],[78.17215,19.3493],[78.19374,19.31489],[78.17532,19.23758],[78.04161,19.24343],[78.04251,19.2706],[77.94512,19.34245],[77.86346,19.3042],[77.86558,19.28382],[77.90756,19.26823],[77.87141,19.25502],[77.84772,19.18959],[77.86049,19.18035],[77.83406,19.13431],[77.8504,19.08856],[77.81095,19.10517],[77.80035,19.05112],[77.76481,19.06266],[77.7715,18.97916],[77.82176,18.97851],[77.81925,18.94586],[77.85859,18.94911],[77.84325,18.90869],[77.88538,18.9042],[77.94854,18.82984],[77.83995,18.80482],[77.78729,18.68264],[77.7535,18.70099],[77.72997,18.66694],[77.7385,18.55679],[77.65586,18.5309],[77.64791,18.55493],[77.59637,18.54894],[77.58591,18.504],[77.60313,18.47685],[77.57637,18.48678],[77.54856,18.46858],[77.5853,18.44679],[77.52752,18.44211],[77.55676,18.41714],[77.52234,18.34647],[77.5714,18.30883],[77.55126,18.29169],[77.51254,18.30956],[77.51156,18.28205],[77.46504,18.26254],[77.43766,18.31031],[77.36579,18.30712],[77.35672,18.3202],[77.40015,18.34745],[77.41409,18.39311],[77.37283,18.4011],[77.36564,18.45156],[77.33411,18.42208],[77.31497,18.44275],[77.24177,18.41261],[77.24639,18.37077],[77.19871,18.31545],[77.21301,18.28032],[77.17481,18.28486],[77.15152,18.21704],[77.0976,18.19672],[77.11154,18.15583],[77.06396,18.15065],[77.03318,18.18199],[77.0233,18.15851],[77.00111,18.1609],[76.99061,18.18999],[76.95193,18.1881],[76.9205,18.11818],[76.96635,18.0982],[76.94521,18.0832],[76.95231,18.04022],[76.91432,18.03536],[76.90564,18.00971],[76.91898,17.91595],[76.88427,17.89429],[76.83972,17.89937],[76.80667,17.87058],[76.73997,17.8997],[76.73848,17.85668],[76.79039,17.82633],[76.76204,17.78702],[76.71409,17.78094],[76.72827,17.73756],[76.69965,17.72725],[76.69084,17.681],[76.66419,17.68756],[76.61533,17.7704],[76.5822,17.70527],[76.57271,17.76054],[76.52328,17.7598],[76.5239,17.71515],[76.48723,17.71476],[76.48975,17.6605],[76.42919,17.64495],[76.41968,17.60371],[76.33129,17.59742],[76.34069,17.54247],[76.36722,17.51945],[76.34576,17.49253],[76.37552,17.49022],[76.33069,17.47019],[76.33326,17.4339],[76.37151,17.43642],[76.36343,17.37767],[76.40912,17.37139],[76.38316,17.31453],[76.35401,17.31432],[76.3453,17.35445],[76.27636,17.33457],[76.24279,17.37882],[76.17031,17.35262],[76.17631,17.30079],[76.16262,17.34522],[76.11895,17.3705],[76.07913,17.3316],[76.06054,17.35531],[76.01433,17.35353],[75.93082,17.32257],[75.89058,17.35652],[75.88419,17.41796],[75.86088,17.38559],[75.82144,17.42122],[75.81366,17.37276],[75.79294,17.3697],[75.73359,17.42009],[75.69073,17.40947],[75.67588,17.45594],[75.63298,17.47721],[75.61352,17.39192],[75.57414,17.3833],[75.58085,17.35122],[75.61003,17.34504],[75.60373,17.3055],[75.65772,17.26321],[75.66191,17.21458],[75.62538,17.174],[75.65035,17.11569],[75.67229,17.116],[75.67672,17.06542],[75.641,17.03758],[75.66969,17.03816],[75.67032,16.96205],[75.60786,16.971],[75.60689,17.00457],[75.5731,17.00961],[75.56765,16.96575],[75.48908,16.94442],[75.46555,16.98837],[75.42788,16.96649],[75.39214,16.98009],[75.2796,16.95656],[75.28203,16.88029],[75.2142,16.8417],[75.18185,16.8434],[75.18899,16.87528],[75.13648,16.87449],[75.08933,16.95158],[75.02523,16.928],[74.99291,16.95207],[74.96436,16.94763],[74.96454,16.92678],[74.93171,16.94476],[74.92178,16.92986],[74.96358,16.90971],[74.96036,16.88095],[74.90152,16.86255],[74.92014,16.7725],[74.84982,16.77276],[74.69102,16.71554],[74.68955,16.67703],[74.65348,16.63883],[74.68698,16.60679],[74.64001,16.61045],[74.62863,16.57773],[74.56854,16.55387],[74.54449,16.63547],[74.48903,16.63014],[74.46874,16.6638],[74.46671,16.60682],[74.39663,16.58327],[74.37983,16.52859],[74.35625,16.55975],[74.31571,16.55445],[74.30614,16.50369],[74.30137,16.52927],[74.26444,16.54044],[74.27822,16.50491],[74.24737,16.49691],[74.26077,16.4801],[74.2909,16.5049],[74.28928,16.46297],[74.33259,16.45476],[74.33505,16.40141],[74.36369,16.40509],[74.35341,16.36642],[74.33587,16.39374],[74.31719,16.381],[74.31661,16.32656],[74.34255,16.29803],[74.32493,16.27176],[74.35046,16.27537],[74.3456,16.29376],[74.41439,16.28265],[74.41761,16.258],[74.48048,16.25013],[74.508,16.20226],[74.47983,16.14713],[74.4843,16.09147],[74.42762,16.11197],[74.36133,16.05384],[74.3734,16.03644],[74.42969,16.05915],[74.46322,16.03919],[74.38687,15.90498],[74.40617,15.85538],[74.36861,15.89436],[74.33821,15.85492],[74.38309,15.8491],[74.35843,15.77483],[74.24231,15.7432],[74.2335,15.78699],[74.20897,15.78127],[74.20143,15.75862],[74.12217,15.72073],[74.12577,15.68097],[74.0881,15.67247],[74.11389,15.64613],[74.0208,15.60609],[73.96786,15.63058],[73.93873,15.74333],[73.8757,15.75128],[73.8634,15.79879],[73.82095,15.73986],[73.67688,15.72589],[73.64986,15.7449],[73.65761,15.74707],[73.66435,15.7531],[73.65626,15.79576],[73.58872,15.90803],[73.51011,15.94046],[73.48436,16.03371],[73.46722,16.05373],[73.45643,16.05268],[73.4649,16.06698],[73.46475,16.07616],[73.45817,16.08603],[73.46492,16.08694],[73.43964,16.19133],[73.31695,16.51418],[73.31087,16.54144],[73.34525,16.57258],[73.31742,16.60167],[73.35519,16.61895],[73.32302,16.63862],[73.30444,16.76587],[73.31914,16.79534],[73.28914,16.84429],[73.303,16.89141],[73.27858,16.89304],[73.29972,16.98188],[73.27928,16.9934],[73.27124,16.98509],[73.28405,17.0111],[73.25537,17.02771],[73.28905,17.07441],[73.25345,17.18831],[73.23163,17.19914],[73.24469,17.22239],[73.19064,17.29931],[73.22265,17.30633],[73.22925,17.28248],[73.25877,17.28603],[73.23556,17.28811],[73.20558,17.38733],[73.16729,17.40438],[73.19865,17.43909],[73.17393,17.51691],[73.1371,17.55589],[73.15265,17.59937],[73.11363,17.68981],[73.1331,17.72442],[73.12122,17.7667],[73.11081,17.79019],[73.10659,17.79302],[73.10315,17.80298],[73.09858,17.80822],[73.08936,17.81234],[73.075,17.88253],[73.03081,17.94281],[73.04026,17.97844],[73.00513,18.01967],[73.02129,18.02745],[72.99038,18.05577],[72.98093,18.19629],[72.93178,18.22042],[72.93805,18.28372],[72.97302,18.26616],[72.98648,18.28228],[72.91522,18.35514],[72.92595,18.38344],[72.89373,18.47179],[72.92116,18.55055],[72.86006,18.63351],[72.86581,18.80762],[72.91449,18.80032],[72.94515,18.82638],[72.99594,18.77302],[72.97509,18.8395],[72.99539,18.87151],[72.96099,18.84104],[72.91835,18.85541],[72.90407,18.90444],[72.93706,18.90933],[72.95917,18.95716],[72.94711,18.98685],[72.8853,18.98148],[72.87824,19.02194],[72.84337,18.93029],[72.81195,18.89513],[72.80356,18.89881],[72.82361,18.94125],[72.7925,18.94991],[72.83863,19.04652],[72.81701,19.04147],[72.83322,19.08483],[72.81163,19.14523],[72.78607,19.13352],[72.77865,19.27892],[72.82995,19.33462],[72.80019,19.32385],[72.74469,19.37804],[72.75993,19.39271],[72.74955,19.48927],[72.71973,19.50077],[72.71109,19.54078],[72.72534,19.60957],[72.69913,19.66148],[72.70814,19.70381],[72.67552,19.71571],[72.68285,19.79349],[72.64199,19.84398],[72.64806,19.87005],[72.68027,19.8649],[72.66422,19.93349],[72.72198,19.97062],[72.70788,20.07003],[72.74659,20.11614],[72.73767,20.13434],[72.79411,20.12334],[72.78862,20.14932],[72.82447,20.14202],[72.81604,20.18444],[72.85874,20.22474],[72.96198,20.21005],[72.96358,20.12604],[72.97736,20.11278],[72.9975,20.14276],[73.01094,20.1346],[73.00074,20.1123],[73.0402,20.06643],[73.06369,20.09959],[73.11198,20.07117],[73.13639,20.08637],[73.17822,20.04702],[73.21793,20.13665],[73.25336,20.12566],[73.29803,20.20859],[73.41651,20.19829],[73.41847,20.33052],[73.40605,20.3847],[73.38419,20.37204],[73.37977,20.3935],[73.41957,20.41307],[73.49362,20.53807],[73.4753,20.54333],[73.47315,20.58464],[73.42958,20.5952],[73.39256,20.6451],[73.4443,20.6811],[73.44918,20.71718],[73.47465,20.72039],[73.48923,20.65573],[73.52049,20.67885],[73.59951,20.6369],[73.65268,20.56487],[73.74456,20.56492],[73.77539,20.60022],[73.83839,20.62046],[73.81185,20.69203],[73.85517,20.69225],[73.87442,20.72953],[73.94266,20.74208],[73.94033,20.83945],[73.8882,20.93359],[73.9013,20.9823],[73.80013,21.03876],[73.80774,21.08489],[73.76021,21.0694],[73.72993,21.08243],[73.74376,21.11518],[73.68895,21.10079],[73.61846,21.11846],[73.57742,21.17075],[73.60645,21.17876],[73.63464,21.14088],[73.66749,21.15463],[73.71897,21.13976],[73.74009,21.17112],[73.81576,21.17396],[73.82287,21.27086],[73.87961,21.26596],[73.94217,21.29927],[73.93893,21.40502],[74.04462,21.41919],[74.06293,21.47455],[74.10071,21.44763],[74.12518,21.46665],[74.19782,21.45875],[74.21416,21.48168],[74.25356,21.46774],[74.32079,21.4985],[74.33116,21.55242],[74.29553,21.56907],[74.26333,21.5399],[74.22901,21.55446],[74.19584,21.53206],[74.17586,21.569],[74.13696,21.54686],[74.00584,21.55276],[73.97419,21.54328],[73.98227,21.5226],[73.95508,21.54083],[73.95175,21.51269],[73.90423,21.52451],[73.85356,21.49747],[73.81413,21.60109],[73.78051,21.62859],[73.88801,21.65325],[73.89182,21.69215],[73.82486,21.75956],[73.82743,21.80991],[73.79595,21.82473],[74.12822,21.94978],[74.19308,21.92597],[74.28118,21.93311],[74.38833,22.02075],[74.44369,22.02241]],[[77.26759,18.45811],[77.28898,18.45533],[77.29995,18.47418],[77.27503,18.47773],[77.26759,18.45811]],[[74.28479,15.83077],[74.26166,15.82959],[74.26647,15.7978],[74.30234,15.78746],[74.28479,15.83077]]]]}},{"type":"Feature","properties":{"name":"Puducherry"},"geometry":{"type":"MultiPolygon","coordinates":[[[[79.80619,10.87973],[79.81073,10.88016],[79.80951,10.8774],[79.80619,10.87973]]],[[[79.73944,10.92048],[79.73852,10.91998],[79.7389,10.92146],[79.73944,10.92048]]],[[[79.72236,10.93779],[79.72261,10.93477],[79.72073,10.93568],[79.72236,10.93779]]],[[[79.74686,10.99201],[79.74795,10.99042],[79.74679,10.99037],[79.74686,10.99201]]],[[[79.8367,11.00314],[79.85382,10.98322],[79.84904,10.82799],[79.80834,10.85524],[79.82905,10.88322],[79.78409,10.8888],[79.79015,10.90865],[79.75612,10.89043],[79.75603,10.89496],[79.76407,10.89997],[79.75731,10.8964],[79.75739,10.90821],[79.76333,10.91392],[79.72437,10.92913],[79.73687,10.95703],[79.72982,10.95052],[79.71994,10.95163],[79.71948,10.95545],[79.72024,10.96798],[79.72409,10.96981],[79.76432,10.9597],[79.74731,11.00261],[79.79746,10.98205],[79.8367,11.00314]],[[79.72163,10.95564],[79.72027,10.95428],[79.72159,10.95401],[79.72163,10.95564]],[[79.7645,10.91185],[79.76262,10.90169],[79.76602,10.90102],[79.7645,10.91185]],[[79.7692,10.90374],[79.76958,10.90388],[79.76927,10.90392],[79.7692,10.90374]],[[79.77061,10.9028],[79.77014,10.90229],[79.77071,10.90223],[79.77061,10.9028]],[[79.77028,10.90066],[79.76636,10.90058],[79.76706,10.89859],[79.77028,10.90066]],[[79.7718,10.90007],[79.77122,10.90084],[79.77165,10.90006],[79.7718,10.90007]],[[79.77163,10.89922],[79.77129,10.89894],[79.7718,10.89894],[79.77163,10.89922]],[[79.7614,10.90478],[79.76181,10.90502],[79.76153,10.90505],[79.7614,10.90478]],[[79.75857,10.90011],[79.75866,10.90098],[79.75839,10.90008],[79.75857,10.90011]],[[79.75877,10.90057],[79.75907,10.9004],[79.75907,10.90059],[79.75877,10.90057]],[[79.7573,10.89573],[79.75741,10.89542],[79.75745,10.89575],[79.7573,10.89573]]],[[[75.53826,11.70961],[75.53618,11.69361],[75.52886,11.70228],[75.53826,11.70961]]],[[[79.67483,11.80406],[79.69043,11.80613],[79.67962,11.79693],[79.67483,11.80406]]],[[[79.69338,11.81372],[79.70142,11.82336],[79.70422,11.81314],[79.69338,11.81372]]],[[[75.53831,11.76272],[75.55534,11.72147],[75.531,11.70826],[75.52656,11.72606],[75.53831,11.76272]]],[[[79.73901,11.84221],[79.77305,11.82237],[79.79863,11.83938],[79.8071,11.83393],[79.79584,11.78552],[79.71305,11.79068],[79.73901,11.84221]]],[[[79.64062,11.82364],[79.66133,11.83954],[79.67047,11.81491],[79.64062,11.82364]]],[[[79.69722,11.87406],[79.69893,11.86136],[79.69605,11.8604],[79.69722,11.87406]]],[[[79.79417,11.88459],[79.79328,11.88413],[79.79326,11.88463],[79.79417,11.88459]]],[[[79.59968,11.88353],[79.66223,11.86707],[79.65763,11.85287],[79.62651,11.85493],[79.62861,11.8705],[79.60181,11.85841],[79.59968,11.88353]]],[[[79.68638,11.97258],[79.67708,11.94793],[79.65431,11.95329],[79.66261,11.9692],[79.68638,11.97258]]],[[[79.74913,12.00657],[79.7599,11.98944],[79.72308,11.97509],[79.74426,11.96449],[79.75003,11.91981],[79.81504,11.97949],[79.84078,11.95633],[79.80805,11.83751],[79.80126,11.85504],[79.76674,11.84044],[79.76862,11.87604],[79.74287,11.84859],[79.7401,11.86494],[79.71883,11.85274],[79.70945,11.88941],[79.67478,11.8813],[79.69632,11.91899],[79.71874,11.91908],[79.71129,11.89082],[79.74068,11.90561],[79.72139,11.94538],[79.71179,11.93172],[79.69118,11.95166],[79.74913,12.00657]],[[79.77553,11.90476],[79.77232,11.87548],[79.78524,11.86285],[79.79302,11.87711],[79.79711,11.89406],[79.79636,11.89978],[79.77553,11.90476]]],[[[79.78871,12.01906],[79.8058,12.02398],[79.80433,12.01922],[79.78871,12.01906]]],[[[79.6253,12.03166],[79.65025,12.02116],[79.64254,11.94264],[79.67147,11.93154],[79.64045,11.90211],[79.61795,11.92488],[79.6253,12.03166]]],[[[79.69294,12.0352],[79.7199,11.99212],[79.65698,11.99123],[79.66045,12.01114],[79.69294,12.0352]]],[[[79.87343,12.04144],[79.84055,12.01276],[79.85005,12.05091],[79.87343,12.04144]]],[[[82.23175,16.75593],[82.21749,16.73272],[82.26982,16.72173],[82.30549,16.74818],[82.3104,16.7187],[82.26674,16.69459],[82.18636,16.73],[82.23175,16.75593]]]]}},{"type":"Feature","properties":{"name":"Rajasthan"},"geometry":{"type":"MultiPolygon","coordinates":[[[[75.21605,24.88896],[75.25067,24.88051],[75.22264,24.84409],[75.20073,24.86784],[75.21605,24.88896]]],[[[73.89512,29.97408],[74.52716,29.94294],[74.50979,29.90842],[74.54383,29.90168],[74.56112,29.87004],[74.48352,29.8136],[74.47787,29.74681],[74.5775,29.74784],[74.59634,29.7674],[74.61594,29.75227],[74.57497,29.56432],[74.62189,29.52225],[74.58466,29.45849],[74.54377,29.46797],[74.53466,29.44772],[74.60291,29.36491],[74.59929,29.32746],[74.65451,29.33294],[74.65823,29.37197],[74.7622,29.35438],[74.85058,29.40359],[74.93828,29.36203],[74.96117,29.28058],[75.05,29.28608],[75.07554,29.22969],[75.11961,29.22287],[75.18801,29.26819],[75.23839,29.23024],[75.32205,29.28949],[75.34061,29.28113],[75.32812,29.23531],[75.34984,29.22377],[75.37802,29.25683],[75.4107,29.25548],[75.39682,29.21754],[75.41438,29.18431],[75.3715,29.1381],[75.40216,29.1279],[75.39126,29.06273],[75.44182,29.05754],[75.44572,29.00832],[75.522,29.00375],[75.51156,28.94206],[75.4734,28.92338],[75.52025,28.83399],[75.50326,28.78253],[75.5361,28.74517],[75.56152,28.61321],[75.62171,28.60207],[75.63348,28.54444],[75.78829,28.45355],[75.77679,28.40037],[75.81867,28.40991],[75.91824,28.372],[75.95784,28.31383],[76.02633,28.27503],[76.01611,28.23695],[76.056,28.22028],[76.04734,28.19814],[76.09545,28.15086],[76.0747,28.13714],[76.07069,28.16515],[76.03179,28.16786],[75.99899,28.12277],[75.94556,28.10716],[75.9386,28.08794],[75.98343,28.08135],[75.98441,28.04709],[76.02324,28.08599],[76.0408,28.07406],[76.00828,28.05839],[76.01639,28.03051],[75.97273,28.02364],[75.99554,28.00689],[75.9658,27.98361],[75.99994,27.97758],[75.97272,27.93267],[75.95168,27.94773],[75.93236,27.93014],[75.98749,27.90416],[75.97137,27.85197],[76.04808,27.83498],[76.08888,27.86054],[76.17496,27.79807],[76.21733,27.81681],[76.20146,27.89254],[76.16821,27.90338],[76.18664,27.96548],[76.15778,27.98898],[76.17689,28.02155],[76.2148,28.02658],[76.1804,28.05452],[76.23804,28.04972],[76.26096,28.06753],[76.29898,28.02271],[76.34236,28.03058],[76.35567,28.07073],[76.30144,28.09787],[76.35986,28.12492],[76.29758,28.14912],[76.29227,28.17922],[76.34525,28.1694],[76.38173,28.13324],[76.47574,28.14858],[76.49905,28.1002],[76.46369,28.10916],[76.44784,28.08896],[76.50124,28.05969],[76.45467,28.04233],[76.54382,28.03421],[76.54814,27.96384],[76.58989,27.99786],[76.66816,28.01383],[76.65716,28.08917],[76.79481,28.14838],[76.8084,28.21086],[76.8749,28.21777],[76.90677,28.20031],[76.90654,28.17189],[76.97055,28.13843],[76.93061,27.99335],[76.94232,27.84262],[76.91358,27.8317],[76.89268,27.73346],[76.92473,27.69992],[76.88988,27.70075],[76.91083,27.65467],[76.94377,27.67372],[76.97937,27.6536],[77.0001,27.73697],[77.08566,27.73809],[77.07635,27.76632],[77.02658,27.77924],[77.0448,27.82098],[77.13522,27.77509],[77.15951,27.81634],[77.18944,27.80902],[77.1691,27.7909],[77.17702,27.78547],[77.20207,27.82376],[77.2367,27.78452],[77.26876,27.81494],[77.30286,27.79405],[77.31945,27.73667],[77.30393,27.71079],[77.34115,27.70337],[77.35258,27.65124],[77.31706,27.60675],[77.35822,27.58896],[77.33999,27.52662],[77.38739,27.51289],[77.43781,27.45632],[77.4211,27.42202],[77.43998,27.39033],[77.50719,27.37709],[77.57878,27.32266],[77.62271,27.33619],[77.59867,27.2972],[77.65282,27.23484],[77.64671,27.21022],[77.68113,27.1944],[77.6584,27.17011],[77.61996,27.17355],[77.59785,27.118],[77.51774,27.10246],[77.51935,27.06662],[77.57169,27.07187],[77.56321,27.02937],[77.63003,27.01021],[77.66558,27.01725],[77.67977,27.04708],[77.71194,26.9971],[77.73006,26.99389],[77.73769,27.02975],[77.75952,27.01798],[77.74347,26.98317],[77.66088,26.97122],[77.42728,26.86409],[77.44586,26.81467],[77.43269,26.76784],[77.47037,26.76466],[77.45456,26.74187],[77.50256,26.76873],[77.50117,26.84445],[77.52569,26.81887],[77.61034,26.82858],[77.68665,26.87525],[77.72261,26.87432],[77.72492,26.91038],[77.7606,26.93262],[77.89649,26.884],[77.90636,26.91778],[77.94841,26.89358],[78.01459,26.90291],[78.02647,26.84953],[78.05597,26.86839],[78.04881,26.91013],[78.1112,26.89588],[78.12451,26.94928],[78.21014,26.93123],[78.2242,26.94646],[78.27226,26.91919],[78.23264,26.87428],[78.19698,26.88218],[78.22228,26.83132],[78.16872,26.82039],[78.184,26.78382],[78.10596,26.78888],[78.12353,26.74688],[78.09593,26.7278],[78.09267,26.67626],[78.00043,26.69486],[77.95318,26.65894],[77.90426,26.65906],[77.89428,26.61471],[77.82733,26.59605],[77.82201,26.54958],[77.74591,26.53875],[77.72701,26.50232],[77.67372,26.50283],[77.53838,26.4113],[77.43735,26.40328],[77.44468,26.36176],[77.36837,26.36415],[77.21284,26.23377],[77.13604,26.23345],[77.09675,26.18324],[77.02914,26.17119],[76.99761,26.12907],[76.89978,26.0925],[76.78903,25.94109],[76.74886,25.94047],[76.75662,25.92101],[76.71633,25.90116],[76.64026,25.90761],[76.62322,25.87055],[76.58277,25.87105],[76.52101,25.7936],[76.52377,25.72983],[76.47343,25.70992],[76.50384,25.6732],[76.50376,25.57977],[76.55598,25.45203],[76.59847,25.39233],[76.72932,25.32857],[76.90154,25.32363],[76.94225,25.28216],[77.03169,25.29439],[77.08367,25.33656],[77.20942,25.30631],[77.23394,25.3787],[77.2938,25.4243],[77.37097,25.40849],[77.34212,25.32177],[77.37785,25.31572],[77.35509,25.26348],[77.42662,25.18807],[77.393,25.15923],[77.40662,25.11169],[77.31078,25.07983],[77.27001,25.11609],[77.17442,25.11181],[77.16712,25.08461],[77.14772,25.09511],[77.08483,25.05424],[76.99907,25.07485],[76.96821,25.0511],[76.87616,25.0414],[76.87604,25.00706],[76.85678,25.00248],[76.86269,24.9598],[76.94856,24.86907],[76.89789,24.83823],[76.82508,24.83555],[76.802,24.81013],[76.85613,24.74249],[76.90749,24.73159],[76.95397,24.76036],[77.03167,24.71132],[77.07133,24.57276],[77.05471,24.52628],[76.97761,24.46138],[76.91842,24.48069],[76.9179,24.54348],[76.88431,24.52145],[76.86192,24.5493],[76.81639,24.53358],[76.85308,24.46589],[76.84105,24.32241],[76.86261,24.27332],[76.9474,24.20131],[76.91629,24.18786],[76.9006,24.12743],[76.80129,24.11667],[76.75792,24.16826],[76.69831,24.16847],[76.67589,24.19085],[76.70273,24.2432],[76.69277,24.28648],[76.6112,24.23865],[76.58354,24.24287],[76.57773,24.17917],[76.52742,24.15673],[76.47051,24.22615],[76.45227,24.20936],[76.41622,24.22063],[76.41168,24.20051],[76.32291,24.24554],[76.28232,24.20731],[76.21255,24.20994],[76.18552,24.32928],[76.13672,24.27081],[76.14843,24.23203],[76.11738,24.19399],[76.12679,24.08873],[76.03681,24.0629],[75.99702,24.01769],[75.96346,24.01871],[75.98136,23.92897],[75.78125,23.84873],[75.7527,23.88735],[75.70609,23.8991],[75.70157,23.87283],[75.73641,23.85625],[75.72159,23.81179],[75.69012,23.81325],[75.68672,23.75594],[75.6545,23.7984],[75.58345,23.79482],[75.58901,23.80978],[75.5593,23.81818],[75.57933,23.83511],[75.56322,23.85758],[75.46206,23.91476],[75.47468,23.98284],[75.52105,24.02502],[75.59552,23.99],[75.67434,24.01768],[75.71752,23.96686],[75.76534,23.99268],[75.78169,24.04253],[75.83672,24.05706],[75.8357,24.09212],[75.79286,24.09185],[75.75096,24.14333],[75.77744,24.20998],[75.83023,24.23376],[75.81073,24.29609],[75.76647,24.29802],[75.73984,24.33215],[75.72775,24.39052],[75.7894,24.47153],[75.83879,24.41418],[75.90906,24.45501],[75.91164,24.49191],[75.88786,24.50807],[75.92055,24.52166],[75.91446,24.57225],[75.82485,24.61345],[75.84876,24.6474],[75.82494,24.66745],[75.83361,24.73185],[75.75683,24.76155],[75.61079,24.68041],[75.58297,24.71326],[75.45646,24.68045],[75.2649,24.71751],[75.21944,24.70255],[75.1844,24.74855],[75.2152,24.80212],[75.25232,24.81311],[75.22409,24.84392],[75.27294,24.84284],[75.3116,24.80118],[75.42576,24.86907],[75.41613,24.88608],[75.30805,24.85604],[75.26343,24.87486],[75.29407,24.90755],[75.27389,24.96404],[75.31845,24.89416],[75.33691,24.9554],[75.31177,24.99537],[75.35035,25.01753],[75.33216,25.04149],[75.16708,25.04841],[75.15136,25.02618],[75.16857,25.00593],[75.11356,24.96681],[75.11693,24.87826],[75.07653,24.88068],[75.03305,24.84441],[74.9239,24.8783],[74.90294,24.92951],[74.86948,24.92497],[74.84263,24.96885],[74.82529,24.90015],[74.85876,24.83851],[74.84937,24.77613],[74.86043,24.79849],[74.91453,24.7692],[75.00149,24.77452],[75.01603,24.73212],[74.99239,24.73175],[75.00172,24.68642],[74.96019,24.67777],[74.94309,24.6378],[74.88908,24.63383],[74.79978,24.77907],[74.77194,24.66148],[74.81458,24.66575],[74.81414,24.65018],[74.7794,24.61544],[74.78643,24.58593],[74.74351,24.57146],[74.75553,24.53488],[74.70873,24.48647],[74.77714,24.4605],[74.81535,24.46847],[74.81375,24.43674],[74.85387,24.44453],[74.74711,24.25347],[74.8971,24.22729],[74.91034,24.21011],[74.87975,24.17361],[74.90352,24.1093],[74.9823,24.02541],[74.91651,23.93175],[74.90262,23.87295],[74.90371,23.79431],[74.92434,23.79662],[74.9404,23.76474],[74.89946,23.6822],[74.93654,23.62877],[74.90294,23.6251],[74.84683,23.55186],[74.8033,23.53308],[74.77368,23.54437],[74.72924,23.49662],[74.70349,23.50501],[74.65188,23.46228],[74.60389,23.45726],[74.56894,23.3763],[74.51404,23.32805],[74.54667,23.27712],[74.57437,23.29517],[74.63856,23.25541],[74.69996,23.26837],[74.71511,23.23668],[74.69207,23.21915],[74.74752,23.22665],[74.74214,23.20891],[74.7151,23.19071],[74.67154,23.19996],[74.60661,23.14256],[74.53937,23.1293],[74.54551,23.10984],[74.50586,23.08514],[74.3862,23.11152],[74.3189,23.05866],[74.27889,23.09219],[74.28712,23.11712],[74.2408,23.18469],[74.20121,23.1893],[74.17888,23.14728],[74.12148,23.17619],[74.13264,23.26619],[74.08593,23.29804],[74.03816,23.29345],[74.02865,23.33167],[73.9814,23.33814],[73.97421,23.37274],[73.89193,23.33411],[73.82871,23.44769],[73.78628,23.43023],[73.75573,23.45432],[73.72081,23.41013],[73.6974,23.45667],[73.64746,23.43645],[73.62721,23.44857],[73.65636,23.50746],[73.63307,23.52869],[73.65566,23.62129],[73.61548,23.65212],[73.57266,23.65377],[73.52308,23.6069],[73.49377,23.63234],[73.50739,23.70304],[73.47352,23.70523],[73.41802,23.77681],[73.37077,23.76526],[73.35184,23.7914],[73.36112,23.8727],[73.42083,23.93082],[73.4047,24.04103],[73.36199,24.10466],[73.32701,24.10922],[73.31739,24.05321],[73.24279,24.00228],[73.19314,24.041],[73.21323,24.07804],[73.12522,24.12486],[73.06744,24.19469],[73.13544,24.30843],[73.16922,24.3003],[73.17635,24.33788],[73.19857,24.33193],[73.21926,24.3639],[73.19919,24.37651],[73.15257,24.35384],[73.0765,24.3966],[73.11215,24.45992],[73.08788,24.49765],[73.03523,24.46385],[72.99101,24.4776],[72.9493,24.39818],[72.97755,24.37464],[72.91073,24.33721],[72.84976,24.37204],[72.73086,24.3643],[72.68915,24.41173],[72.68336,24.46388],[72.57594,24.47885],[72.53824,24.51968],[72.49319,24.45908],[72.50042,24.41705],[72.45724,24.4148],[72.43022,24.48017],[72.44108,24.51533],[72.38858,24.50768],[72.35373,24.56376],[72.29544,24.54663],[72.2464,24.58561],[72.27634,24.60753],[72.33559,24.59858],[72.34733,24.62846],[72.30499,24.61755],[72.23037,24.64061],[72.19657,24.61472],[72.16481,24.62128],[72.08982,24.6587],[72.0852,24.70641],[72.06133,24.71211],[71.99383,24.69506],[71.9883,24.65753],[71.93987,24.6338],[71.91861,24.67211],[71.87175,24.68177],[71.85217,24.60936],[71.8059,24.62675],[71.79153,24.67734],[71.65537,24.63919],[71.6076,24.67655],[71.47917,24.67965],[71.3778,24.62597],[71.34817,24.66094],[71.28782,24.61623],[71.10718,24.67971],[70.93763,24.93856],[70.88867,25.14817],[70.75158,25.27782],[70.7368,25.33256],[70.66481,25.39688],[70.67845,25.5252],[70.66007,25.70215],[70.60885,25.71497],[70.53015,25.68348],[70.387,25.67383],[70.26865,25.7136],[70.09976,25.93826],[70.08339,26.08329],[70.14142,26.15622],[70.17505,26.25153],[70.17418,26.55144],[70.05623,26.60057],[69.88677,26.57887],[69.7919,26.59831],[69.72249,26.65331],[69.51031,26.7435],[69.48443,26.80484],[69.51331,27.00998],[69.58684,27.18332],[69.86248,27.40181],[69.93389,27.49783],[70.0259,27.56292],[70.1324,27.80596],[70.37219,28.01183],[70.50582,28.03704],[70.58946,28.01044],[70.6774,27.92185],[70.68437,27.82819],[70.73977,27.74192],[70.75932,27.72127],[70.87184,27.7056],[71.20554,27.83542],[71.38306,27.87263],[71.66643,27.87776],[71.89834,27.96121],[71.92736,28.12174],[72.00429,28.21866],[72.20613,28.39427],[72.29924,28.66975],[72.3907,28.77036],[72.73309,28.94809],[72.94584,29.02795],[73.00436,29.15295],[73.08443,29.23627],[73.2821,29.57203],[73.39693,29.946],[73.80656,30.06803],[73.97256,30.19815],[73.97565,30.12099],[73.90405,30.05012],[73.89512,29.97408]],[[76.42285,28.11432],[76.44104,28.11988],[76.42928,28.13851],[76.42285,28.11432]]]]}},{"type":"Feature","properties":{"name":"Tamil Nadu"},"geometry":{"type":"MultiPolygon","coordinates":[[[[78.20525,8.84178],[78.21579,8.84201],[78.21922,8.8339],[78.20525,8.84178]]],[[[78.22181,8.87204],[78.2274,8.87082],[78.22666,8.86626],[78.22181,8.87204]]],[[[78.27023,8.94317],[78.27131,8.93961],[78.26955,8.93914],[78.27023,8.94317]]],[[[78.25522,8.95457],[78.25057,8.95285],[78.25189,8.95639],[78.25522,8.95457]]],[[[78.49555,9.09066],[78.48722,9.08871],[78.48994,9.09343],[78.49555,9.09066]]],[[[78.53909,9.10377],[78.53508,9.10277],[78.53913,9.10605],[78.53909,9.10377]]],[[[78.57934,9.11282],[78.58797,9.107],[78.57095,9.10113],[78.57934,9.11282]]],[[[79.49659,9.12317],[79.49188,9.12403],[79.49651,9.12483],[79.49659,9.12317]]],[[[79.4883,9.12823],[79.48831,9.12652],[79.48712,9.12733],[79.4883,9.12823]]],[[[79.48063,9.13056],[79.48163,9.12869],[79.47973,9.1297],[79.48063,9.13056]]],[[[79.48287,9.1343],[79.48228,9.13184],[79.48151,9.13289],[79.48287,9.1343]]],[[[79.47288,9.13919],[79.47347,9.13661],[79.46981,9.1394],[79.47288,9.13919]]],[[[79.46741,9.14338],[79.46751,9.14051],[79.46512,9.14332],[79.46741,9.14338]]],[[[79.45471,9.14532],[79.45378,9.1439],[79.45413,9.14563],[79.45471,9.14532]]],[[[79.45575,9.14763],[79.45618,9.14656],[79.45506,9.14707],[79.45575,9.14763]]],[[[79.45235,9.14978],[79.45266,9.14642],[79.45009,9.14795],[79.45235,9.14978]]],[[[79.44579,9.15206],[79.44453,9.15234],[79.44552,9.15377],[79.44579,9.15206]]],[[[79.44358,9.15664],[79.44767,9.15393],[79.44729,9.15265],[79.44358,9.15664]]],[[[78.75372,9.15414],[78.75421,9.15323],[78.75289,9.15327],[78.75372,9.15414]]],[[[78.7311,9.15588],[78.73097,9.15212],[78.72803,9.1528],[78.7311,9.15588]]],[[[78.697,9.15259],[78.69384,9.15286],[78.69652,9.15581],[78.697,9.15259]]],[[[78.75255,9.1562],[78.75088,9.15636],[78.75186,9.15703],[78.75255,9.1562]]],[[[78.69888,9.1583],[78.69807,9.15852],[78.69884,9.15869],[78.69888,9.1583]]],[[[78.81956,9.16523],[78.81865,9.1607],[78.81692,9.16037],[78.81956,9.16523]]],[[[78.82904,9.17051],[78.82396,9.16645],[78.82852,9.17369],[78.82904,9.17051]]],[[[78.97005,9.18292],[78.96904,9.18283],[78.96938,9.18393],[78.97005,9.18292]]],[[[78.91041,9.18646],[78.91013,9.18599],[78.91012,9.18657],[78.91041,9.18646]]],[[[78.96685,9.18736],[78.97112,9.18497],[78.96741,9.18292],[78.96685,9.18736]]],[[[78.94335,9.18773],[78.93078,9.18152],[78.92354,9.18332],[78.89726,9.17967],[78.94335,9.18773]]],[[[78.70308,9.18548],[78.7019,9.18582],[78.70191,9.18599],[78.70308,9.18548]]],[[[79.0689,9.21054],[79.09103,9.19593],[79.05677,9.19802],[79.0689,9.21054]]],[[[79.14153,9.21425],[79.13953,9.21264],[79.13887,9.21335],[79.14153,9.21425]]],[[[79.12382,9.21468],[79.12286,9.21453],[79.1227,9.21467],[79.12382,9.21468]]],[[[79.13411,9.21598],[79.12912,9.21459],[79.13299,9.21616],[79.13411,9.21598]]],[[[79.12363,9.21732],[79.12214,9.21716],[79.1234,9.21802],[79.12363,9.21732]]],[[[79.23275,9.24308],[79.23846,9.24189],[79.23863,9.24121],[79.23275,9.24308]]],[[[79.18042,9.24963],[79.22365,9.24715],[79.17931,9.2382],[79.18042,9.24963]]],[[[79.75741,10.89542],[79.75695,10.89547],[79.75745,10.89575],[79.75741,10.89542]]],[[[79.77163,10.89922],[79.77129,10.89894],[79.77126,10.89921],[79.77163,10.89922]]],[[[79.75907,10.90059],[79.75878,10.90036],[79.75877,10.90057],[79.75907,10.90059]]],[[[79.77122,10.90084],[79.7718,10.90007],[79.77165,10.90006],[79.77122,10.90084]]],[[[79.75853,10.90039],[79.75831,10.90036],[79.75866,10.90098],[79.75853,10.90039]]],[[[79.76636,10.90058],[79.77028,10.90066],[79.76706,10.89859],[79.76636,10.90058]]],[[[79.77061,10.9028],[79.77014,10.90229],[79.77011,10.90285],[79.77061,10.9028]]],[[[79.76927,10.90392],[79.76952,10.90372],[79.7692,10.90374],[79.76927,10.90392]]],[[[79.76153,10.90505],[79.76183,10.90453],[79.7614,10.90478],[79.76153,10.90505]]],[[[79.76262,10.90169],[79.76802,10.90221],[79.76602,10.90102],[79.76262,10.90169]]],[[[79.72003,10.95488],[79.72163,10.95564],[79.72159,10.95401],[79.72003,10.95488]]],[[[79.76798,11.9004],[79.79711,11.89406],[79.79302,11.87711],[79.78144,11.86276],[79.76798,11.9004]],[[79.79326,11.88463],[79.79414,11.8841],[79.79417,11.88459],[79.79326,11.88463]]],[[[78.53655,12.69659],[78.54058,12.69357],[78.53674,12.69308],[78.53655,12.69659]]],[[[79.84567,13.32758],[79.85001,13.32352],[79.84283,13.32217],[79.84567,13.32758]]],[[[80.26875,13.56463],[80.32602,13.44168],[80.34527,13.27989],[80.2594,12.93455],[80.25515,12.7827],[80.1558,12.46494],[79.87343,12.04144],[79.85005,12.05091],[79.84078,11.95633],[79.81504,11.97949],[79.80549,11.95341],[79.78612,11.96045],[79.76042,11.94356],[79.76307,11.92803],[79.75003,11.91981],[79.74426,11.96449],[79.72308,11.97509],[79.76077,11.99052],[79.74685,12.00755],[79.69118,11.95166],[79.71179,11.93172],[79.72139,11.94538],[79.74068,11.90561],[79.71129,11.89082],[79.71874,11.91908],[79.69632,11.91899],[79.69604,11.89479],[79.67454,11.89196],[79.70945,11.88941],[79.71908,11.85258],[79.7325,11.86584],[79.75265,11.84969],[79.76453,11.87668],[79.76961,11.8383],[79.78376,11.85598],[79.8079,11.84469],[79.77305,11.82237],[79.73738,11.84429],[79.71265,11.7916],[79.79584,11.78552],[79.75704,11.55615],[79.8426,11.35074],[79.85382,10.98322],[79.84045,11.00401],[79.79746,10.98205],[79.74828,11.00289],[79.76432,10.9597],[79.72409,10.96981],[79.71948,10.95545],[79.71994,10.95163],[79.72982,10.95052],[79.73687,10.95703],[79.72437,10.92913],[79.76333,10.91392],[79.75739,10.90821],[79.75731,10.8964],[79.76132,10.90193],[79.76407,10.89997],[79.75603,10.89496],[79.75612,10.89043],[79.79015,10.90865],[79.78409,10.8888],[79.82905,10.88322],[79.8084,10.85508],[79.8525,10.82721],[79.84102,10.6763],[79.88044,10.30469],[79.86032,10.28241],[79.78009,10.27247],[79.78339,10.29606],[79.74872,10.31438],[79.77754,10.28462],[79.76766,10.27181],[79.53074,10.30917],[79.54413,10.32489],[79.3959,10.31864],[79.29846,10.2633],[79.24154,10.18487],[79.2191,10.1126],[79.22715,10.07358],[79.26611,10.03923],[79.13887,9.92086],[79.12404,9.88356],[79.11845,9.89065],[79.11127,9.89284],[79.12083,9.85531],[79.01315,9.74484],[78.93364,9.60618],[78.91523,9.49903],[78.89834,9.4899],[78.93634,9.40828],[79.06926,9.29575],[79.21119,9.28327],[79.32934,9.3201],[79.324,9.26358],[79.41644,9.1871],[79.43584,9.16417],[79.43601,9.15848],[79.29939,9.24676],[79.21983,9.25734],[79.2092,9.2824],[79.08072,9.26121],[78.97893,9.27485],[78.8611,9.2554],[78.7326,9.21189],[78.71726,9.18954],[78.6638,9.19362],[78.64221,9.17468],[78.65707,9.15769],[78.57825,9.131],[78.41383,9.11395],[78.21504,8.96604],[78.18664,8.92359],[78.15808,8.79696],[78.18706,8.76414],[78.19913,8.78748],[78.19825,8.76108],[78.16299,8.74135],[78.12564,8.66509],[78.13059,8.49691],[78.06389,8.41799],[78.06703,8.37285],[77.80292,8.24017],[77.74471,8.17692],[77.57711,8.13672],[77.55133,8.07803],[77.3158,8.12184],[77.09607,8.29317],[77.13979,8.32987],[77.18061,8.32352],[77.15111,8.38447],[77.2281,8.44725],[77.20238,8.50119],[77.26171,8.50615],[77.28385,8.54673],[77.17001,8.74179],[77.22971,8.78459],[77.26276,8.84199],[77.25657,8.87757],[77.1928,8.9262],[77.19629,8.95458],[77.14656,9.02182],[77.19746,9.04697],[77.21241,9.10048],[77.26681,9.15246],[77.25143,9.18864],[77.28171,9.21657],[77.28299,9.30133],[77.29997,9.33665],[77.32529,9.33711],[77.34941,9.44118],[77.39261,9.45935],[77.4124,9.50898],[77.36556,9.53509],[77.36113,9.60226],[77.33949,9.57331],[77.31782,9.6025],[77.26971,9.57277],[77.20896,9.61344],[77.16586,9.61286],[77.20356,9.72211],[77.22391,9.73037],[77.22266,9.78779],[77.24667,9.79789],[77.22178,9.82245],[77.23718,9.85138],[77.21245,9.87688],[77.21825,9.90429],[77.27285,9.96419],[77.2619,10.02973],[77.20133,10.10621],[77.23824,10.13008],[77.26778,10.12161],[77.29496,10.2179],[77.25972,10.23027],[77.26293,10.26333],[77.22775,10.31542],[77.23565,10.35225],[77.17662,10.35844],[77.04288,10.28377],[77.05108,10.26211],[76.98245,10.22012],[76.9116,10.23529],[76.87314,10.29848],[76.84872,10.28528],[76.83031,10.30363],[76.84879,10.36823],[76.81638,10.42352],[76.8431,10.53729],[76.83827,10.59667],[76.8101,10.62418],[76.88248,10.63971],[76.86759,10.69478],[76.90721,10.78269],[76.90068,10.8073],[76.84817,10.8188],[76.82832,10.87191],[76.65909,10.9305],[76.71089,11.03872],[76.7666,11.02909],[76.80086,11.05397],[76.74613,11.05482],[76.7483,11.13584],[76.68956,11.15957],[76.73142,11.21559],[76.69827,11.2396],[76.62972,11.19417],[76.51048,11.21164],[76.45844,11.18768],[76.43862,11.19896],[76.45309,11.23937],[76.54576,11.30031],[76.54786,11.35889],[76.50818,11.35412],[76.51775,11.37156],[76.46208,11.38747],[76.41508,11.42263],[76.4187,11.44178],[76.34223,11.46759],[76.32547,11.45333],[76.28444,11.48292],[76.24757,11.46854],[76.23308,11.57077],[76.27891,11.60094],[76.30238,11.57123],[76.35458,11.58931],[76.3881,11.62967],[76.43248,11.63129],[76.43136,11.66636],[76.51111,11.70498],[76.55056,11.67419],[76.57675,11.6145],[76.75692,11.61844],[76.84694,11.59447],[76.85812,11.61403],[76.83501,11.65542],[76.908,11.79525],[76.96992,11.77686],[76.98215,11.8115],[77.01294,11.81462],[77.03875,11.79385],[77.02886,11.77467],[77.06294,11.7904],[77.08022,11.73598],[77.11771,11.72107],[77.11075,11.77347],[77.2386,11.79465],[77.24988,11.81301],[77.29385,11.809],[77.33515,11.77123],[77.39446,11.78763],[77.42724,11.76087],[77.46661,11.84708],[77.46163,11.89998],[77.4862,11.88741],[77.4948,11.94385],[77.67569,11.95198],[77.69637,12.01577],[77.77556,12.11844],[77.7277,12.18153],[77.61075,12.20614],[77.49271,12.19733],[77.47204,12.20789],[77.47202,12.24987],[77.4876,12.2805],[77.55134,12.29121],[77.61681,12.3682],[77.63463,12.4876],[77.58368,12.4788],[77.61633,12.50918],[77.5872,12.51475],[77.58035,12.55159],[77.59887,12.66716],[77.65991,12.68384],[77.67865,12.66039],[77.70423,12.6614],[77.71159,12.68314],[77.73993,12.67299],[77.73518,12.69402],[77.76392,12.69964],[77.76242,12.73531],[77.79274,12.74786],[77.77884,12.76801],[77.80854,12.79673],[77.79246,12.8427],[77.83601,12.87033],[77.92932,12.89092],[77.94132,12.86874],[77.91857,12.83058],[77.94068,12.82334],[77.95234,12.85712],[77.9952,12.80586],[78.02387,12.8565],[78.05356,12.85379],[78.13424,12.78197],[78.23095,12.76066],[78.24101,12.72994],[78.20575,12.7064],[78.21059,12.68608],[78.27109,12.70506],[78.37143,12.62711],[78.46492,12.62401],[78.4679,12.67589],[78.49933,12.67509],[78.50307,12.71677],[78.52001,12.71201],[78.48909,12.74198],[78.54428,12.71094],[78.52961,12.71022],[78.53491,12.69112],[78.55588,12.70016],[78.55563,12.75579],[78.59252,12.78268],[78.63344,12.93175],[78.65701,12.93211],[78.6209,12.99124],[78.65621,13.03117],[78.70527,13.01524],[78.71452,13.06868],[78.75178,13.05494],[78.81314,13.08914],[78.89158,13.09709],[78.89164,13.03306],[78.93711,13.03043],[78.90368,13.04771],[78.92394,13.08081],[78.995,13.08661],[79.08091,13.02573],[79.11448,13.03927],[79.16312,13.02027],[79.193,13.0467],[79.18066,13.08424],[79.23443,13.10523],[79.23287,13.13937],[79.21003,13.14846],[79.23493,13.17084],[79.24527,13.13828],[79.25746,13.16074],[79.28034,13.15287],[79.28402,13.12277],[79.31246,13.12614],[79.30719,13.10552],[79.34131,13.13682],[79.3605,13.12354],[79.35612,13.16458],[79.38773,13.17753],[79.37403,13.18926],[79.43843,13.18818],[79.45329,13.23849],[79.43087,13.22985],[79.40842,13.26527],[79.44542,13.30125],[79.42004,13.28955],[79.38189,13.30749],[79.43543,13.35171],[79.53731,13.33865],[79.5346,13.2754],[79.57927,13.25779],[79.59606,13.28485],[79.63164,13.2697],[79.68261,13.29582],[79.68427,13.24443],[79.70912,13.25104],[79.71641,13.21642],[79.73732,13.23653],[79.75008,13.20799],[79.75499,13.20648],[79.79449,13.22632],[79.73065,13.28287],[79.76027,13.3182],[79.79173,13.29352],[79.8089,13.31725],[79.86281,13.31692],[79.91597,13.35987],[79.93311,13.35192],[79.96275,13.39136],[79.93457,13.41645],[79.97334,13.42967],[79.97242,13.46909],[80.0159,13.49795],[80.04662,13.49368],[80.04842,13.51225],[79.9986,13.54272],[80.08126,13.54975],[80.07819,13.48881],[80.13921,13.50427],[80.24181,13.47065],[80.26875,13.56463]],[[79.69294,12.0352],[79.66045,12.01114],[79.65698,11.99123],[79.7199,11.99212],[79.69294,12.0352]],[[79.78881,12.02713],[79.80133,12.01681],[79.8058,12.02398],[79.78881,12.02713]],[[79.64254,11.94264],[79.65025,12.02116],[79.62516,12.0317],[79.63227,11.90194],[79.67151,11.93017],[79.64254,11.94264]],[[79.68638,11.97258],[79.66261,11.9692],[79.65431,11.95329],[79.67708,11.94793],[79.68638,11.97258]],[[79.62116,11.89175],[79.59968,11.88353],[79.60181,11.85841],[79.62861,11.8705],[79.62651,11.85493],[79.65763,11.85287],[79.62116,11.89175]],[[79.69893,11.86136],[79.69722,11.87405],[79.69605,11.8604],[79.69893,11.86136]],[[79.66133,11.83954],[79.64062,11.82364],[79.67047,11.81491],[79.66133,11.83954]],[[79.69455,11.82337],[79.70422,11.81314],[79.70142,11.82336],[79.69455,11.82337]],[[79.69043,11.80613],[79.67483,11.80406],[79.67962,11.79693],[79.69043,11.80613]],[[79.74795,10.99042],[79.74686,10.99201],[79.74679,10.99037],[79.74795,10.99042]],[[79.72296,10.93567],[79.72073,10.93568],[79.72233,10.93471],[79.72296,10.93567]],[[79.73888,10.92038],[79.73945,10.92],[79.7389,10.92146],[79.73888,10.92038]],[[79.81073,10.88016],[79.8062,10.87968],[79.80951,10.8774],[79.81073,10.88016]]]]}},{"type":"Feature","properties":{"name":"Telangana"},"geometry":{"type":"Polygon","coordinates":[[[78.33565,19.88358],[78.38067,19.88044],[78.40028,19.83403],[78.47246,19.81734],[78.49024,19.79268],[78.55201,19.82408],[78.69256,19.79103],[78.71916,19.76665],[78.74006,19.78313],[78.84096,19.76189],[78.85192,19.65836],[78.95556,19.65579],[78.97283,19.58239],[78.94044,19.55187],[78.98125,19.56084],[78.99803,19.54008],[79.09803,19.53203],[79.19031,19.45898],[79.22359,19.46907],[79.20385,19.49408],[79.24002,19.53524],[79.24356,19.61669],[79.30684,19.59656],[79.31393,19.56642],[79.36573,19.57633],[79.47142,19.50019],[79.53993,19.55466],[79.55293,19.52417],[79.59615,19.50728],[79.62792,19.57317],[79.75345,19.60753],[79.81483,19.57542],[79.86458,19.51051],[79.91487,19.49584],[79.97972,19.3894],[79.96587,19.30304],[79.92474,19.2273],[79.94567,19.16894],[79.85843,19.10242],[79.8711,19.04102],[79.92792,19.04932],[79.94026,19.03256],[79.96161,18.86663],[79.91578,18.82991],[79.92105,18.81023],[79.96415,18.77383],[80.01854,18.77038],[80.11812,18.68052],[80.15771,18.70098],[80.19657,18.6808],[80.21277,18.70572],[80.27995,18.72074],[80.34812,18.59414],[80.45612,18.62936],[80.51466,18.61933],[80.63757,18.52253],[80.65531,18.47586],[80.70531,18.43986],[80.69895,18.42143],[80.73487,18.41284],[80.71968,18.3908],[80.74872,18.30892],[80.79428,18.25456],[80.7372,18.22209],[80.7369,18.17716],[80.79911,18.16817],[80.83672,18.23892],[80.87261,18.21058],[80.85291,18.202],[80.86667,18.13692],[80.97903,18.17541],[80.94926,18.08286],[81.00822,17.79937],[81.04662,17.78231],[81.08559,17.79802],[81.10426,17.77201],[81.05817,17.73309],[80.99132,17.74992],[80.97342,17.78012],[80.88555,17.73568],[80.91105,17.63802],[80.86149,17.63421],[80.85514,17.60241],[80.9694,17.59806],[81.0199,17.52003],[81.09756,17.50426],[81.12728,17.52642],[81.15968,17.48437],[81.14825,17.46365],[81.31238,17.40872],[81.32264,17.37455],[81.27398,17.31746],[81.19037,17.32508],[81.17393,17.23061],[81.05461,17.22487],[81.03123,17.1906],[80.91884,17.22001],[80.92399,17.15785],[80.87944,17.16083],[80.87723,17.07056],[80.84531,17.03997],[80.73888,17.07959],[80.65379,17.06889],[80.67055,17.10119],[80.58,17.15334],[80.51406,17.12233],[80.50538,17.06874],[80.46484,17.0303],[80.43861,17.03786],[80.40903,17.0915],[80.38572,17.0682],[80.40703,17.0158],[80.3634,16.97607],[80.49343,16.92771],[80.49923,16.95633],[80.53468,16.96169],[80.60205,16.9187],[80.56283,16.83313],[80.61297,16.79354],[80.57024,16.76801],[80.46445,16.79545],[80.46424,16.81998],[80.38315,16.86531],[80.40778,16.84851],[80.38042,16.81774],[80.37407,16.85239],[80.3217,16.87963],[80.29358,16.99661],[80.21142,17.01055],[80.19645,17.04403],[80.14024,16.99059],[80.05544,16.97142],[80.0404,16.91836],[80.01738,16.91526],[79.99876,16.8655],[80.04684,16.85363],[80.0706,16.80198],[80.05495,16.74494],[79.96161,16.64287],[79.91011,16.63421],[79.87753,16.69759],[79.81727,16.69216],[79.774,16.73106],[79.7229,16.69057],[79.68155,16.69466],[79.6331,16.66072],[79.59894,16.67352],[79.54211,16.63254],[79.44719,16.62001],[79.41866,16.58054],[79.2591,16.56722],[79.21486,16.48821],[79.23339,16.4595],[79.21159,16.44769],[79.21023,16.35853],[79.23432,16.33414],[79.21339,16.22502],[79.15698,16.2096],[79.11976,16.23225],[79.00955,16.24052],[78.98576,16.21102],[78.90493,16.18319],[78.92048,16.10231],[78.88926,16.0851],[78.87292,16.14357],[78.83471,16.14547],[78.8371,16.07069],[78.79076,16.02389],[78.74095,16.00898],[78.62103,16.08836],[78.55182,16.04312],[78.41012,16.07538],[78.31233,16.01183],[78.2625,16.02703],[78.25168,15.93555],[78.18205,15.90767],[78.17541,15.8584],[78.09905,15.83633],[78.03196,15.90767],[78.00894,15.86208],[77.88806,15.90641],[77.8036,15.87446],[77.72418,15.89614],[77.65929,15.88582],[77.61148,15.91826],[77.51344,15.92679],[77.49366,16.08634],[77.51328,16.10802],[77.48979,16.11962],[77.48615,16.16298],[77.51566,16.22779],[77.49234,16.2293],[77.49007,16.25518],[77.50481,16.2758],[77.5369,16.2668],[77.56321,16.30164],[77.59772,16.29281],[77.59538,16.3422],[77.48969,16.38501],[77.42095,16.36623],[77.3491,16.38385],[77.28821,16.4087],[77.23576,16.47274],[77.294,16.47667],[77.29871,16.49616],[77.36901,16.48867],[77.37779,16.5137],[77.41912,16.52238],[77.39287,16.56997],[77.4674,16.59884],[77.45365,16.61675],[77.47611,16.65011],[77.43434,16.64138],[77.41886,16.66857],[77.4698,16.68703],[77.47405,16.71656],[77.43846,16.71168],[77.42607,16.72287],[77.4395,16.78913],[77.4765,16.78837],[77.45402,16.9139],[77.50253,17.0141],[77.46362,17.11],[77.36372,17.15878],[77.37227,17.19556],[77.40375,17.20989],[77.38019,17.22253],[77.45854,17.279],[77.43793,17.29192],[77.45361,17.37399],[77.48382,17.355],[77.5298,17.37071],[77.53784,17.40609],[77.513,17.43087],[77.57586,17.43071],[77.57619,17.45617],[77.61427,17.44595],[77.61523,17.47289],[77.64479,17.47757],[77.65689,17.50646],[77.65736,17.48092],[77.6884,17.4752],[77.6924,17.49688],[77.5969,17.5343],[77.5938,17.56451],[77.55056,17.55173],[77.52838,17.57537],[77.5069,17.54228],[77.49407,17.56836],[77.44312,17.58396],[77.45243,17.6947],[77.56853,17.74891],[77.56915,17.76649],[77.50656,17.78595],[77.52822,17.8279],[77.55403,17.82007],[77.5764,17.87542],[77.59908,17.87309],[77.58606,17.90784],[77.61904,17.90406],[77.62454,17.9596],[77.64948,17.95002],[77.65586,17.96884],[77.64891,17.99888],[77.58859,18.01216],[77.54764,18.05613],[77.5988,18.09333],[77.59684,18.15595],[77.56346,18.19613],[77.60542,18.28128],[77.5514,18.29191],[77.57048,18.31811],[77.52273,18.3454],[77.55676,18.41714],[77.52752,18.44211],[77.5853,18.44679],[77.54856,18.46858],[77.57637,18.48678],[77.60313,18.47685],[77.58591,18.504],[77.59637,18.54894],[77.64791,18.55493],[77.65586,18.5309],[77.7385,18.55679],[77.72997,18.66694],[77.7535,18.70099],[77.78729,18.68264],[77.83995,18.80482],[77.94828,18.8291],[77.88538,18.9042],[77.84325,18.90869],[77.85859,18.94911],[77.81925,18.94586],[77.82176,18.97851],[77.7715,18.97916],[77.762,19.03185],[77.76481,19.06266],[77.80035,19.05112],[77.80993,19.10473],[77.8504,19.08856],[77.83406,19.13431],[77.86049,19.18035],[77.84772,19.18959],[77.87141,19.25502],[77.90756,19.26823],[77.86558,19.28382],[77.86346,19.3042],[77.94512,19.34245],[78.04251,19.2706],[78.04161,19.24343],[78.17532,19.23758],[78.19374,19.31489],[78.17215,19.3493],[78.17619,19.41226],[78.30434,19.45614],[78.29323,19.54223],[78.27431,19.55397],[78.30369,19.56932],[78.30557,19.60707],[78.26265,19.66506],[78.27619,19.69242],[78.34313,19.71325],[78.35889,19.80289],[78.33402,19.81459],[78.33641,19.83792],[78.28531,19.85662],[78.30703,19.9143],[78.3306,19.91469],[78.33565,19.88358]],[[77.52399,17.78519],[77.52129,17.78296],[77.52679,17.78448],[77.52399,17.78519]]]}},{"type":"Feature","properties":{"name":"Tripura"},"geometry":{"type":"Polygon","coordinates":[[[92.17093,24.53064],[92.23051,24.49998],[92.27409,24.38832],[92.21287,24.24993],[92.2983,24.25266],[92.33178,24.18273],[92.31422,24.04751],[92.33071,23.99006],[92.31128,23.9581],[92.32528,23.86972],[92.27434,23.84887],[92.26548,23.72477],[92.23917,23.71843],[92.22262,23.65283],[92.16973,23.73968],[92.06334,23.64502],[92.00041,23.6707],[91.97827,23.73308],[91.95067,23.72623],[91.95789,23.69441],[91.93402,23.68456],[91.97039,23.47828],[91.93666,23.4666],[91.94261,23.43498],[91.89971,23.4406],[91.84499,23.40469],[91.82514,23.35234],[91.76241,23.30294],[91.81346,23.0992],[91.8358,23.09299],[91.80603,23.06303],[91.77452,23.06962],[91.78061,23.02909],[91.76854,23.04093],[91.72062,22.98742],[91.64546,22.98502],[91.61819,22.93845],[91.6061,22.97191],[91.57676,22.96522],[91.54249,22.99946],[91.55036,23.03841],[91.53049,23.03831],[91.51532,23.14499],[91.49088,23.1576],[91.50754,23.18368],[91.47076,23.19642],[91.48443,23.20918],[91.45061,23.21941],[91.47027,23.22763],[91.45421,23.26037],[91.41831,23.25539],[91.40894,23.28519],[91.3799,23.18451],[91.41723,23.06452],[91.39586,23.05604],[91.34696,23.1023],[91.32333,23.15801],[91.32661,23.25229],[91.30022,23.29245],[91.31316,23.3063],[91.28985,23.31852],[91.32009,23.36009],[91.29107,23.35066],[91.24934,23.49017],[91.20076,23.52002],[91.21295,23.55041],[91.19445,23.54718],[91.1625,23.59504],[91.1563,23.67072],[91.19942,23.64658],[91.20853,23.6864],[91.15424,23.68839],[91.15708,23.74202],[91.21903,23.73643],[91.25409,23.83719],[91.23302,23.92696],[91.27621,23.92252],[91.28469,23.9821],[91.29979,23.97212],[91.30401,23.99801],[91.37953,23.97533],[91.3966,24.04962],[91.37461,24.10777],[91.58607,24.0726],[91.59454,24.09653],[91.63793,24.10292],[91.66516,24.23353],[91.68828,24.16209],[91.75937,24.14153],[91.74503,24.24697],[91.81636,24.20994],[91.84471,24.22577],[91.84544,24.19138],[91.90575,24.1386],[91.94082,24.26809],[91.91999,24.33746],[91.9568,24.35663],[91.99595,24.32205],[91.96692,24.37977],[91.99644,24.39367],[92.04403,24.37487],[92.1219,24.38224],[92.1368,24.42496],[92.16913,24.42777],[92.1505,24.49522],[92.17093,24.53064]]]}},{"type":"Feature","properties":{"name":"Uttarakhand"},"geometry":{"type":"Polygon","coordinates":[[[79.25028,31.25536],[79.29262,31.22122],[79.31748,31.13672],[79.3988,31.10779],[79.42476,31.03049],[79.51903,31.02671],[79.55255,30.96007],[79.60346,30.93265],[79.66499,30.98292],[79.71711,30.976],[79.75301,31.00787],[79.81637,30.97393],[79.86271,30.97536],[79.9291,30.88243],[79.96215,30.89002],[80.05602,30.84151],[80.11091,30.7793],[80.17777,30.80405],[80.21491,30.74906],[80.23966,30.76206],[80.23642,30.69038],[80.19971,30.68305],[80.19716,30.66209],[80.22117,30.64182],[80.22683,30.57894],[80.25776,30.55884],[80.28307,30.57219],[80.38559,30.51505],[80.41558,30.52533],[80.53908,30.4492],[80.59801,30.47877],[80.75197,30.3935],[80.82157,30.31556],[81.00555,30.26309],[81.04661,30.21087],[80.95001,30.17826],[80.90273,30.21538],[80.86776,30.17387],[80.87477,30.12649],[80.76103,30.04952],[80.74456,30.00385],[80.67455,29.95721],[80.60185,29.95813],[80.55312,29.85134],[80.49386,29.7958],[80.43503,29.80597],[80.36642,29.74919],[80.38417,29.67509],[80.42026,29.63833],[80.40794,29.59597],[80.34247,29.55277],[80.34967,29.51921],[80.28694,29.47698],[80.30178,29.45278],[80.24224,29.44288],[80.31851,29.3035],[80.29373,29.19776],[80.25263,29.22144],[80.24059,29.20291],[80.2727,29.14242],[80.23304,29.11849],[80.18319,29.13718],[80.14479,29.1022],[80.13542,29.0074],[80.05847,28.91663],[80.06174,28.7832],[80.03013,28.74863],[79.95425,28.72283],[79.92408,28.77316],[79.93982,28.78772],[79.87306,28.79728],[79.87849,28.81483],[79.91552,28.80427],[79.88822,28.83656],[79.86319,28.84022],[79.84934,28.79964],[79.80803,28.80091],[79.8496,28.8593],[79.82929,28.88445],[79.74907,28.87177],[79.70667,28.84101],[79.65605,28.86977],[79.58436,28.84627],[79.58427,28.87918],[79.55648,28.89926],[79.52178,28.86474],[79.44046,28.86174],[79.41901,28.94003],[79.38733,28.9497],[79.37236,28.98747],[79.3647,28.96807],[79.30727,28.96647],[79.21173,29.02756],[79.17106,29.01187],[79.17511,29.04625],[79.1425,29.06695],[79.1535,29.11518],[79.12687,29.13268],[79.03584,29.16939],[79.0267,29.11242],[78.98234,29.14305],[78.95645,29.11989],[78.90633,29.12501],[78.90875,29.17856],[78.87448,29.23025],[78.80737,29.23668],[78.76502,29.27931],[78.72269,29.29932],[78.71859,29.30664],[78.76655,29.3374],[78.79591,29.31177],[78.82473,29.36713],[78.84987,29.34482],[78.94233,29.43857],[78.79967,29.46457],[78.61773,29.55803],[78.53267,29.63875],[78.50096,29.7329],[78.33566,29.79661],[78.25975,29.73834],[78.20392,29.73727],[78.19603,29.69268],[78.08669,29.62503],[78.05747,29.63069],[78.0216,29.58085],[77.99516,29.5958],[77.9675,29.58007],[77.9333,29.60051],[77.97769,29.61345],[77.98379,29.64364],[77.93989,29.69608],[77.95302,29.70735],[77.88265,29.70243],[77.83005,29.6683],[77.79905,29.68619],[77.81048,29.70237],[77.76973,29.7176],[77.77467,29.79102],[77.7143,29.86945],[77.74778,29.91117],[77.73047,29.93169],[77.76038,29.96445],[77.74371,29.98336],[77.78198,30.01863],[77.77114,30.04802],[77.80119,30.09548],[77.82805,30.08592],[77.86042,30.11319],[77.9617,30.24237],[77.72185,30.33021],[77.65665,30.40094],[77.57232,30.41045],[77.81852,30.50807],[77.81785,30.56102],[77.77403,30.55784],[77.74287,30.59385],[77.79626,30.61365],[77.79209,30.66017],[77.74741,30.67985],[77.75582,30.70692],[77.70378,30.76516],[77.76128,30.82607],[77.74402,30.84659],[77.75822,30.8768],[77.80568,30.85321],[77.8133,30.92187],[77.7628,30.91818],[77.74901,30.95348],[77.77238,30.97435],[77.81398,30.95383],[77.83759,30.95317],[77.81438,30.96178],[77.83182,30.99399],[77.80751,31.01621],[77.82982,31.02876],[77.81136,31.0591],[77.85124,31.07337],[77.89874,31.15023],[77.96732,31.17337],[78.03034,31.15097],[78.04264,31.1785],[78.10362,31.18538],[78.16023,31.22548],[78.21244,31.21957],[78.28287,31.26621],[78.30633,31.25989],[78.31116,31.28314],[78.37032,31.28633],[78.40695,31.24219],[78.45571,31.24102],[78.48375,31.19894],[78.55162,31.19991],[78.60934,31.22926],[78.65801,31.18504],[78.80991,31.19828],[78.83121,31.1406],[78.88543,31.09872],[79.00892,31.10992],[78.98591,31.17383],[78.9117,31.253],[78.93707,31.26062],[78.94759,31.31952],[79.01083,31.35708],[79.06424,31.46208],[79.14357,31.42547],[79.24648,31.33004],[79.27186,31.28319],[79.25028,31.25536]]]}}]}